chembl_id,compound_name,canonical_smiles,max_phase,withdrawn_flag,therapeutic_flag,total_score,tier,n_matches,n_target,n_moa,n_pathway,n_specific,n_oxidative,top_node,top_match_type,top_match_score,matched_nodes,short_rationale,best_pchembl,median_pchembl,n_unique_targets_assayed,moa_text,moa_actions,score_node_ER_proteostasis,score_node_TRPML1/MCOLN1,score_node_autophagy_flux,score_node_lysosomal_trafficking_M6P,score_node_mTORC1,score_node_oxidative_stress,score_node_trehalose_AKT_TFEB
CHEMBL1241674,PP242,CC(C)n1nc(-c2cc3cc(O)ccc3[nH]2)c2c(N)ncnc21,,0.0,0.0,8.7,High,3,1,0,2,2,1,mTORC1,target,6.0,autophagy_flux; mTORC1; oxidative_stress,"Compound annotated with target MTOR, which links to MSD node mTORC1.",8.68,6.21,208.0,,,0.0,0.0,2.2,0.0,6.0,0.5,0.0
CHEMBL413,SIROLIMUS,CO[C@H]1C[C@@H]2CC[C@@H](C)[C@@](O)(O2)C(=O)C(=O)N2CCCC[C@H]2C(=O)O[C@H]([C@H](C)C[C@@H]2CC[C@@H](O)[C@H](OC)C2)CC(=O)[C@H](C)/C=C(\C)[C@@H](O)[C@@H](OC)C(=O)[C@H](C)C[C@H](C)/C=C/C=C/C=C/1C,4.0,0.0,1.0,8.7,High,3,1,0,2,2,1,mTORC1,target,6.0,autophagy_flux; mTORC1; oxidative_stress,"Compound annotated with target MTOR, which links to MSD node mTORC1.",10.3,8.27,25.0,FK506-binding protein 1A inhibitor,INHIBITOR,0.0,0.0,2.2,0.0,6.0,0.5,0.0
CHEMBL219410,ZOTAROLIMUS,CO[C@H]1C[C@@H]2CC[C@@H](C)[C@@](O)(O2)C(=O)C(=O)N2CCCC[C@H]2C(=O)O[C@H]([C@H](C)C[C@@H]2CC[C@H](n3cnnn3)[C@H](OC)C2)CC(=O)[C@H](C)/C=C(\C)[C@@H](O)[C@@H](OC)C(=O)[C@H](C)C[C@H](C)/C=C/C=C/C=C/1C,3.0,0.0,0.0,8.2,High,2,1,0,1,2,0,mTORC1,target,6.0,autophagy_flux; mTORC1,"Compound annotated with target MTOR, which links to MSD node mTORC1.",8.48,8.48,1.0,FK506-binding protein 1A inhibitor,INHIBITOR,0.0,0.0,2.2,0.0,6.0,0.0,0.0
CHEMBL269732,TACROLIMUS ANHYDROUS,C=CC[C@@H]1/C=C(\C)C[C@H](C)C[C@H](OC)[C@H]2O[C@@](O)(C(=O)C(=O)N3CCCC[C@H]3C(=O)O[C@H](/C(C)=C/[C@@H]3CC[C@@H](O)[C@H](OC)C3)[C@H](C)[C@@H](O)CC1=O)[C@H](C)C[C@@H]2OC,4.0,0.0,1.0,8.2,High,2,1,0,1,2,0,mTORC1,target,6.0,autophagy_flux; mTORC1,"Compound annotated with target MTOR, which links to MSD node mTORC1.",9.7,7.83,14.0,,,0.0,0.0,2.2,0.0,6.0,0.0,0.0
CHEMBL1081312,PP-121,Nc1ncnc2c1c(-c1cnc3[nH]ccc3c1)nn2C1CCCC1,,0.0,0.0,6.5,High,2,1,0,1,1,1,mTORC1,target,6.0,mTORC1; oxidative_stress,"Compound annotated with target MTOR, which links to MSD node mTORC1.",8.9,6.7,61.0,,,0.0,0.0,0.0,0.0,6.0,0.5,0.0
CHEMBL297453,EPIGALOCATECHIN GALLATE,O=C(O[C@@H]1Cc2c(O)cc(O)cc2O[C@@H]1c1cc(O)c(O)c(O)c1)c1cc(O)c(O)c(O)c1,3.0,0.0,0.0,6.5,High,2,1,0,1,1,1,mTORC1,target,6.0,mTORC1; oxidative_stress,"Compound annotated with target MTOR, which links to MSD node mTORC1.",8.1,6.2,58.0,,,0.0,0.0,0.0,0.0,6.0,0.5,0.0
CHEMBL300389,CGP-60474,OCCCNc1cc(-c2ccnc(Nc3cccc(Cl)c3)n2)ccn1,,0.0,0.0,6.5,High,2,1,0,1,1,1,mTORC1,target,6.0,mTORC1; oxidative_stress,"Compound annotated with target MTOR, which links to MSD node mTORC1.",8.52,7.27,13.0,,,0.0,0.0,0.0,0.0,6.0,0.5,0.0
CHEMBL3544966,GSK-1059615,O=C1NC(=O)/C(=C/c2ccc3nccc(-c4ccncc4)c3c2)S1,1.0,0.0,0.0,6.5,High,2,1,0,1,1,1,mTORC1,target,6.0,mTORC1; oxidative_stress,"Compound annotated with target MTOR, which links to MSD node mTORC1.",9.4,7.24,24.0,PI3-kinase class I inhibitor,INHIBITOR,0.0,0.0,0.0,0.0,6.0,0.5,0.0
CHEMBL3989870,BERZOSERTIB,CNCc1ccc(-c2cc(-c3nc(-c4ccc(S(=O)(=O)C(C)C)cc4)cnc3N)on2)cc1,2.0,0.0,0.0,6.5,High,2,1,0,1,1,1,mTORC1,target,6.0,mTORC1; oxidative_stress,"Compound annotated with target MTOR, which links to MSD node mTORC1.",9.83,7.52,19.0,Serine-protein kinase ATR inhibitor,INHIBITOR,0.0,0.0,0.0,0.0,6.0,0.5,0.0
CHEMBL521851,PICTILISIB,CS(=O)(=O)N1CCN(Cc2cc3nc(-c4cccc5[nH]ncc45)nc(N4CCOCC4)c3s2)CC1,2.0,0.0,0.0,6.5,High,2,1,0,1,1,1,mTORC1,target,6.0,mTORC1; oxidative_stress,"Compound annotated with target MTOR, which links to MSD node mTORC1.",10.0,7.32,60.0,PI3-kinase class I inhibitor,INHIBITOR,0.0,0.0,0.0,0.0,6.0,0.5,0.0
CHEMBL573339,PI-103,Oc1cccc(-c2nc(N3CCOCC3)c3oc4ncccc4c3n2)c1,,0.0,0.0,6.5,High,2,1,0,1,1,1,mTORC1,target,6.0,mTORC1; oxidative_stress,"Compound annotated with target MTOR, which links to MSD node mTORC1.",8.89,7.82,44.0,,,0.0,0.0,0.0,0.0,6.0,0.5,0.0
CHEMBL104468,NU-7026,O=c1cc(N2CCOCC2)oc2c1ccc1ccccc12,,0.0,0.0,6.0,High,1,1,0,0,1,0,mTORC1,target,6.0,mTORC1,"Compound annotated with target MTOR, which links to MSD node mTORC1.",6.64,6.64,2.0,,,0.0,0.0,0.0,0.0,6.0,0.0,0.0
CHEMBL1078983,Ku-0063794,COc1ccc(-c2ccc3c(N4CCOCC4)nc(N4C[C@@H](C)O[C@@H](C)C4)nc3n2)cc1CO,,0.0,0.0,6.0,High,1,1,0,0,1,0,mTORC1,target,6.0,mTORC1,"Compound annotated with target MTOR, which links to MSD node mTORC1.",8.6,8.0,6.0,,,0.0,0.0,0.0,0.0,6.0,0.0,0.0
CHEMBL1256459,TORIN1,CCC(=O)N1CCN(c2ccc(-n3c(=O)ccc4cnc5ccc(-c6cnc7ccccc7c6)cc5c43)cc2C(F)(F)F)CC1,,0.0,0.0,6.0,High,1,1,0,0,1,0,mTORC1,target,6.0,mTORC1,"Compound annotated with target MTOR, which links to MSD node mTORC1.",9.54,7.744999999999999,15.0,,,0.0,0.0,0.0,0.0,6.0,0.0,0.0
CHEMBL1684984,IZORLISIB,CS(=O)(=O)N1CCc2c(-c3cnc(N)nc3)nc(N3CCOCC3)nc21,2.0,0.0,0.0,6.0,High,1,1,0,0,1,0,mTORC1,target,6.0,mTORC1,"Compound annotated with target MTOR, which links to MSD node mTORC1.",7.85,6.92,6.0,PI3-kinase class I inhibitor,INHIBITOR,0.0,0.0,0.0,0.0,6.0,0.0,0.0
CHEMBL1765602,torin-2,Nc1ccc(-c2ccc3ncc4ccc(=O)n(-c5cccc(C(F)(F)F)c5)c4c3c2)cn1,,0.0,0.0,6.0,High,1,1,0,0,1,0,mTORC1,target,6.0,mTORC1,"Compound annotated with target MTOR, which links to MSD node mTORC1.",9.6,7.74,16.0,,,0.0,0.0,0.0,0.0,6.0,0.0,0.0
CHEMBL179242,compound-401,O=c1cc(N2CCOCC2)nc2c3ccccc3ccn12,,0.0,0.0,6.0,High,1,1,0,0,1,0,mTORC1,target,6.0,mTORC1,"Compound annotated with target MTOR, which links to MSD node mTORC1.",6.55,5.915,2.0,,,0.0,0.0,0.0,0.0,6.0,0.0,0.0
CHEMBL188678,NU-7441,O=c1cc(N2CCOCC2)oc2c(-c3cccc4c3sc3ccccc34)cccc12,,0.0,0.0,6.0,High,1,1,0,0,1,0,mTORC1,target,6.0,mTORC1,"Compound annotated with target MTOR, which links to MSD node mTORC1.",9.19,7.52,8.0,,,0.0,0.0,0.0,0.0,6.0,0.0,0.0
CHEMBL2017974,BUPARLISIB,Nc1cc(C(F)(F)F)c(-c2cc(N3CCOCC3)nc(N3CCOCC3)n2)cn1,3.0,0.0,0.0,6.0,High,1,1,0,0,1,0,mTORC1,target,6.0,mTORC1,"Compound annotated with target MTOR, which links to MSD node mTORC1.",8.46,6.89,17.0,PI3-kinase class I inhibitor,INHIBITOR,0.0,0.0,0.0,0.0,6.0,0.0,0.0
CHEMBL2132692,OSI-027,COc1cccc2cc(-c3nc(C4CCC(C(=O)O)CC4)n4ncnc(N)c34)[nH]c12,,0.0,0.0,6.0,High,1,1,0,0,1,0,mTORC1,target,6.0,mTORC1,"Compound annotated with target MTOR, which links to MSD node mTORC1.",8.4,8.4,1.0,,,0.0,0.0,0.0,0.0,6.0,0.0,0.0
CHEMBL2140173,KU-60019,C[C@@H]1CN(CC(=O)Nc2ccc3c(c2)Cc2cccc(-c4cc(=O)cc(N5CCOCC5)o4)c2S3)C[C@H](C)O1,,0.0,0.0,6.0,High,1,1,0,0,1,0,mTORC1,target,6.0,mTORC1,"Compound annotated with target MTOR, which links to MSD node mTORC1.",9.1,7.22,7.0,,,0.0,0.0,0.0,0.0,6.0,0.0,0.0
CHEMBL2165191,AZD-6482,Cc1cc([C@@H](C)Nc2ccccc2C(=O)O)c2nc(N3CCOCC3)cc(=O)n2c1,2.0,0.0,0.0,6.0,High,1,1,0,0,1,0,mTORC1,target,6.0,mTORC1,"Compound annotated with target MTOR, which links to MSD node mTORC1.",8.0,6.57,10.0,PI3-kinase class I inhibitor,INHIBITOR,0.0,0.0,0.0,0.0,6.0,0.0,0.0
CHEMBL222102,KU-55933,O=c1cc(-c2cccc3c2Sc2ccccc2S3)oc(N2CCOCC2)c1,,0.0,0.0,6.0,High,1,1,0,0,1,0,mTORC1,target,6.0,mTORC1,"Compound annotated with target MTOR, which links to MSD node mTORC1.",8.66,6.67,6.0,,,0.0,0.0,0.0,0.0,6.0,0.0,0.0
CHEMBL2325697,AZ20,C[C@@H]1COCCN1c1cc(C2(S(C)(=O)=O)CC2)nc(-c2cccc3[nH]ccc23)n1,,0.0,0.0,6.0,High,1,1,0,0,1,0,mTORC1,target,6.0,mTORC1,"Compound annotated with target MTOR, which links to MSD node mTORC1.",8.52,7.255,7.0,,,0.0,0.0,0.0,0.0,6.0,0.0,0.0
CHEMBL2387080,TASELISIB,Cc1nc(-c2cn3c(n2)-c2ccc(-c4cnn(C(C)(C)C(N)=O)c4)cc2OCC3)n(C(C)C)n1,3.0,0.0,0.0,6.0,High,1,1,0,0,1,0,mTORC1,target,6.0,mTORC1,"Compound annotated with target MTOR, which links to MSD node mTORC1.",10.1,8.4,8.0,PI3-kinase class I inhibitor,INHIBITOR,0.0,0.0,0.0,0.0,6.0,0.0,0.0
CHEMBL2396661,ALPELISIB,Cc1nc(NC(=O)N2CCC[C@H]2C(N)=O)sc1-c1ccnc(C(C)(C)C(F)(F)F)c1,4.0,0.0,1.0,6.0,High,1,1,0,0,1,0,mTORC1,target,6.0,mTORC1,"Compound annotated with target MTOR, which links to MSD node mTORC1.",8.77,6.6,11.0,PI3-kinase p110-alpha subunit inhibitor,INHIBITOR,0.0,0.0,0.0,0.0,6.0,0.0,0.0
CHEMBL3218576,COPANLISIB,COc1c(OCCCN2CCOCC2)ccc2c1N=C(NC(=O)c1cnc(N)nc1)N1CCN=C21,4.0,0.0,1.0,6.0,High,1,1,0,0,1,0,mTORC1,target,6.0,mTORC1,"Compound annotated with target MTOR, which links to MSD node mTORC1.",9.96,8.43,10.0,PI3-kinase p110-alpha subunit inhibitor; PI3-kinase p110-delta subunit inhibitor,INHIBITOR,0.0,0.0,0.0,0.0,6.0,0.0,0.0
CHEMBL3334621,ETP-46464,CC(C)(C#N)c1ccc(N2C(=O)OCc3cnc4ccc(-c5cnc6ccccc6c5)cc4c32)cc1,,0.0,0.0,6.0,High,1,1,0,0,1,0,mTORC1,target,6.0,mTORC1,"Compound annotated with target MTOR, which links to MSD node mTORC1.",9.22,7.85,5.0,,,0.0,0.0,0.0,0.0,6.0,0.0,0.0
CHEMBL3622533,FIMEPINOSTAT,COc1ccc(-c2nc(N3CCOCC3)c3sc(CN(C)c4ncc(C(=O)NO)cn4)cc3n2)cn1,2.0,0.0,0.0,6.0,High,1,1,0,0,1,0,mTORC1,target,6.0,mTORC1,"Compound annotated with target MTOR, which links to MSD node mTORC1.",9.44,7.57,21.0,PI3-kinase p110-delta subunit inhibitor; PI3-kinase p110-beta subunit inhibitor; PI3-kinase p110-alpha subunit inhibitor; Histone deacetylase inhibitor,INHIBITOR,0.0,0.0,0.0,0.0,6.0,0.0,0.0
CHEMBL4084907,BIMIRALISIB,Nc1cc(C(F)(F)F)c(-c2nc(N3CCOCC3)nc(N3CCOCC3)n2)cn1,2.0,0.0,0.0,6.0,High,1,1,0,0,1,0,mTORC1,target,6.0,mTORC1,"Compound annotated with target MTOR, which links to MSD node mTORC1.",8.82,7.05,11.0,,,0.0,0.0,0.0,0.0,6.0,0.0,0.0
CHEMBL428496,WORTMANNIN,COC[C@H]1OC(=O)c2coc3c2[C@@]1(C)C1=C(C3=O)[C@@H]2CCC(=O)[C@@]2(C)C[C@H]1OC(C)=O,,0.0,0.0,6.0,High,1,1,0,0,1,0,mTORC1,target,6.0,mTORC1,"Compound annotated with target MTOR, which links to MSD node mTORC1.",9.0,7.82,17.0,,,0.0,0.0,0.0,0.0,6.0,0.0,0.0
CHEMBL561103,WYE-687,COC(=O)Nc1ccc(-c2nc(N3CCOCC3)c3cnn(C4CCN(Cc5cccnc5)CC4)c3n2)cc1,,0.0,0.0,6.0,High,1,1,0,0,1,0,mTORC1,target,6.0,mTORC1,"Compound annotated with target MTOR, which links to MSD node mTORC1.",8.34,8.15,2.0,,,0.0,0.0,0.0,0.0,6.0,0.0,0.0
CHEMBL561708,WYE-354,COC(=O)Nc1ccc(-c2nc(N3CCOCC3)c3cnn(C4CCN(C(=O)OC)CC4)c3n2)cc1,,0.0,0.0,6.0,High,1,1,0,0,1,0,mTORC1,target,6.0,mTORC1,"Compound annotated with target MTOR, which links to MSD node mTORC1.",8.37,8.3,5.0,,,0.0,0.0,0.0,0.0,6.0,0.0,0.0
CHEMBL583194,WAY-600,c1cncc(CN2CCC(n3ncc4c(N5CCOCC5)nc(-c5ccc6[nH]ccc6c5)nc43)CC2)c1,,0.0,0.0,6.0,High,1,1,0,0,1,0,mTORC1,target,6.0,mTORC1,"Compound annotated with target MTOR, which links to MSD node mTORC1.",8.05,8.05,3.0,,,0.0,0.0,0.0,0.0,6.0,0.0,0.0
CHEMBL586702,ZSTK-474,FC(F)c1nc2ccccc2n1-c1nc(N2CCOCC2)nc(N2CCOCC2)n1,2.0,0.0,0.0,6.0,High,1,1,0,0,1,0,mTORC1,target,6.0,mTORC1,"Compound annotated with target MTOR, which links to MSD node mTORC1.",8.52,7.8,11.0,PI3-kinase class I inhibitor,INHIBITOR,0.0,0.0,0.0,0.0,6.0,0.0,0.0
CHEMBL601661,WYE-125132,CNC(=O)Nc1ccc(-c2nc(N3CC4CCC(C3)O4)c3cnn(C4CCC5(CC4)OCCO5)c3n2)cc1,,0.0,0.0,6.0,High,1,1,0,0,1,0,mTORC1,target,6.0,mTORC1,"Compound annotated with target MTOR, which links to MSD node mTORC1.",9.72,7.22,5.0,,,0.0,0.0,0.0,0.0,6.0,0.0,0.0
CHEMBL76,CHLOROQUINE,CCN(CC)CCCC(C)Nc1ccnc2cc(Cl)ccc12,4.0,0.0,1.0,6.0,High,1,1,0,0,1,0,mTORC1,target,6.0,mTORC1,"Compound annotated with target MTOR, which links to MSD node mTORC1.",7.52,5.6,21.0,,,0.0,0.0,0.0,0.0,6.0,0.0,0.0
CHEMBL98350,LY-294002,O=c1cc(N2CCOCC2)oc2c(-c3ccccc3)cccc12,-1.0,0.0,0.0,6.0,High,1,1,0,0,1,0,mTORC1,target,6.0,mTORC1,"Compound annotated with target MTOR, which links to MSD node mTORC1.",6.7,5.88,25.0,,,0.0,0.0,0.0,0.0,6.0,0.0,0.0
CHEMBL2325741,CAPIVASERTIB,NC1(C(=O)N[C@@H](CCO)c2ccc(Cl)cc2)CCN(c2nc[nH]c3nccc2-3)CC1,4.0,0.0,1.0,4.4,High,2,0,1,1,1,1,trehalose_AKT_TFEB,moa,3.9000000000000004,oxidative_stress; trehalose_AKT_TFEB,"Compound annotation contains keyword 'True' (or related pathway term), suggesting relevance to MSD node trehalose_AKT_TFEB.",9.05,6.53,27.0,Serine/threonine-protein kinase AKT inhibitor,INHIBITOR,0.0,0.0,0.0,0.0,0.0,0.5,3.9000000000000004
CHEMBL3137336,UPROSERTIB,Cn1ncc(Cl)c1-c1cc(C(=O)N[C@H](CN)Cc2ccc(F)c(F)c2)oc1Cl,2.0,0.0,0.0,4.4,High,2,0,1,1,1,1,trehalose_AKT_TFEB,moa,3.9000000000000004,oxidative_stress; trehalose_AKT_TFEB,"Compound annotation contains keyword 'True' (or related pathway term), suggesting relevance to MSD node trehalose_AKT_TFEB.",10.18,6.65,24.0,Serine/threonine-protein kinase AKT inhibitor,INHIBITOR,0.0,0.0,0.0,0.0,0.0,0.5,3.9000000000000004
CHEMBL1879463,DACTOLISIB,Cn1c(=O)n(-c2ccc(C(C)(C)C#N)cc2)c2c3cc(-c4cnc5ccccc5c4)ccc3ncc21,3.0,0.0,0.0,4.1,High,2,0,1,1,1,1,mTORC1,moa,3.5999999999999996,mTORC1; oxidative_stress,"Compound annotation contains keyword 'MTOR' (or related pathway term), suggesting relevance to MSD node mTORC1.",9.35,7.625,34.0,Serine/threonine-protein kinase mTOR inhibitor; PI3-kinase class I inhibitor,INHIBITOR,0.0,0.0,0.0,0.0,3.5999999999999996,0.5,0.0
CHEMBL1922094,APITOLISIB,Cc1c(CN2CCN(C(=O)[C@H](C)O)CC2)sc2c(N3CCOCC3)nc(-c3cnc(N)nc3)nc12,2.0,0.0,0.0,4.1,High,2,0,1,1,1,1,mTORC1,moa,3.5999999999999996,mTORC1; oxidative_stress,"Compound annotation contains keyword 'MTOR' (or related pathway term), suggesting relevance to MSD node mTORC1.",9.21,7.675,23.0,Serine/threonine-protein kinase mTOR inhibitor; PI3-kinase class I inhibitor,INHIBITOR,0.0,0.0,0.0,0.0,3.5999999999999996,0.5,0.0
CHEMBL3393066,VS-5584,Cc1nc2c(-c3cnc(N)nc3)nc(N3CCOCC3)nc2n1C(C)C,1.0,0.0,0.0,4.1,High,2,0,1,1,1,1,mTORC1,moa,3.5999999999999996,mTORC1; oxidative_stress,"Compound annotation contains keyword 'MTOR' (or related pathway term), suggesting relevance to MSD node mTORC1.",8.77,7.59,9.0,Serine/threonine-protein kinase mTOR inhibitor; PI3-kinase class I inhibitor,INHIBITOR,0.0,0.0,0.0,0.0,3.5999999999999996,0.5,0.0
CHEMBL1232461,MOLIBRESIB,CCNC(=O)C[C@@H]1N=C(c2ccc(Cl)cc2)c2cc(OC)ccc2-n2c(C)nnc21,2.0,0.0,0.0,4.0,Medium,2,0,0,2,2,0,autophagy_flux,pathway,2.2,ER_proteostasis; autophagy_flux,"Compound annotation contains keyword 'True' (or related pathway term), suggesting relevance to MSD node autophagy_flux.",8.22,6.89,411.0,Bromodomain and extra-terminal motif (BET) inhibitor,INHIBITOR,1.8,0.0,2.2,0.0,0.0,0.0,0.0
CHEMBL1079175,MK-2206,NC1(c2ccc(-c3nc4ccn5c(=O)[nH]nc5c4cc3-c3ccccc3)cc2)CCC1,2.0,0.0,0.0,3.9000000000000004,High,1,0,1,0,1,0,trehalose_AKT_TFEB,moa,3.9000000000000004,trehalose_AKT_TFEB,"Compound annotation contains keyword 'True' (or related pathway term), suggesting relevance to MSD node trehalose_AKT_TFEB.",8.3,7.19,4.0,Serine/threonine-protein kinase AKT inhibitor,INHIBITOR,0.0,0.0,0.0,0.0,0.0,0.0,3.9000000000000004
CHEMBL2177390,IPATASERTIB,CC(C)NC[C@@H](C(=O)N1CCN(c2ncnc3c2[C@H](C)C[C@H]3O)CC1)c1ccc(Cl)cc1,3.0,0.0,0.0,3.9000000000000004,High,1,0,1,0,1,0,trehalose_AKT_TFEB,moa,3.9000000000000004,trehalose_AKT_TFEB,"Compound annotation contains keyword 'True' (or related pathway term), suggesting relevance to MSD node trehalose_AKT_TFEB.",9.19,8.1,4.0,Serine/threonine-protein kinase AKT inhibitor,INHIBITOR,0.0,0.0,0.0,0.0,0.0,0.0,3.9000000000000004
CHEMBL2219422,AFURESERTIB,Cn1ncc(Cl)c1-c1cc(C(=O)N[C@H](CN)Cc2cccc(F)c2)sc1Cl,3.0,0.0,0.0,3.9000000000000004,High,1,0,1,0,1,0,trehalose_AKT_TFEB,moa,3.9000000000000004,trehalose_AKT_TFEB,"Compound annotation contains keyword 'True' (or related pathway term), suggesting relevance to MSD node trehalose_AKT_TFEB.",10.1,7.77,11.0,Serine/threonine-protein kinase AKT inhibitor,INHIBITOR,0.0,0.0,0.0,0.0,0.0,0.0,3.9000000000000004
CHEMBL4297188,MIRANSERTIB,Nc1ncccc1-c1nc2ccc(-c3ccccc3)nc2n1-c1ccc(C2(N)CCC2)cc1,2.0,0.0,0.0,3.9000000000000004,High,1,0,1,0,1,0,trehalose_AKT_TFEB,moa,3.9000000000000004,trehalose_AKT_TFEB,"Compound annotation contains keyword 'True' (or related pathway term), suggesting relevance to MSD node trehalose_AKT_TFEB.",8.89,8.325,3.0,Serine/threonine-protein kinase AKT inhibitor,INHIBITOR,0.0,0.0,0.0,0.0,0.0,0.0,3.9000000000000004
CHEMBL494089,GSK-690693,CCn1c(-c2nonc2N)nc2c(C#CC(C)(C)O)ncc(OC[C@H]3CCCNC3)c21,1.0,0.0,0.0,3.9000000000000004,High,1,0,1,0,1,0,trehalose_AKT_TFEB,moa,3.9000000000000004,trehalose_AKT_TFEB,"Compound annotation contains keyword 'True' (or related pathway term), suggesting relevance to MSD node trehalose_AKT_TFEB.",9.22,6.68,86.0,Serine/threonine-protein kinase AKT inhibitor; cAMP-dependent protein kinase (PKA) inhibitor; Protein kinase C (PKC) inhibitor,INHIBITOR,0.0,0.0,0.0,0.0,0.0,0.0,3.9000000000000004
CHEMBL1234354,PF-04691502,COc1ccc(-c2cc3c(C)nc(N)nc3n([C@H]3CC[C@H](OCCO)CC3)c2=O)cn1,2.0,0.0,0.0,3.5999999999999996,High,1,0,1,0,1,0,mTORC1,moa,3.5999999999999996,mTORC1,"Compound annotation contains keyword 'MTOR' (or related pathway term), suggesting relevance to MSD node mTORC1.",9.24,8.68,11.0,Serine/threonine-protein kinase mTOR inhibitor; PI3-kinase class I inhibitor,INHIBITOR,0.0,0.0,0.0,0.0,3.5999999999999996,0.0,0.0
CHEMBL1236962,OMIPALISIB,COc1ncc(-c2ccc3nccc(-c4ccnnc4)c3c2)cc1NS(=O)(=O)c1ccc(F)cc1F,2.0,0.0,0.0,3.5999999999999996,High,1,0,1,0,1,0,mTORC1,moa,3.5999999999999996,mTORC1,"Compound annotation contains keyword 'MTOR' (or related pathway term), suggesting relevance to MSD node mTORC1.",10.72,9.52,15.0,PI3-kinase class I inhibitor; Serine/threonine-protein kinase mTOR inhibitor,INHIBITOR,0.0,0.0,0.0,0.0,3.5999999999999996,0.0,0.0
CHEMBL1801204,AZD-8055,COc1ccc(-c2ccc3c(N4CCOC[C@@H]4C)nc(N4CCOC[C@@H]4C)nc3n2)cc1CO,1.0,0.0,0.0,3.5999999999999996,High,1,0,1,0,1,0,mTORC1,moa,3.5999999999999996,mTORC1,"Compound annotation contains keyword 'MTOR' (or related pathway term), suggesting relevance to MSD node mTORC1.",9.89,8.4,6.0,Serine/threonine-protein kinase mTOR inhibitor,INHIBITOR,0.0,0.0,0.0,0.0,3.5999999999999996,0.0,0.0
CHEMBL2141712,PALOMID-529,COc1ccc(COc2cc3oc(=O)c4cc(C(C)O)ccc4c3cc2OC)cc1,1.0,0.0,0.0,3.5999999999999996,High,1,0,1,0,1,0,mTORC1,moa,3.5999999999999996,mTORC1,"Compound annotation contains keyword 'MTOR' (or related pathway term), suggesting relevance to MSD node mTORC1.",,,0.0,Serine/threonine-protein kinase mTOR inhibitor,INHIBITOR,0.0,0.0,0.0,0.0,3.5999999999999996,0.0,0.0
CHEMBL2331680,RG-7603,CCNC(=O)Nc1ccc(-c2nc3c(c(N4CCOC[C@@H]4C)n2)CCN(C2COC2)C3)cc1,1.0,0.0,0.0,3.5999999999999996,High,1,0,1,0,1,0,mTORC1,moa,3.5999999999999996,mTORC1,"Compound annotation contains keyword 'MTOR' (or related pathway term), suggesting relevance to MSD node mTORC1.",8.42,8.42,2.0,Serine/threonine-protein kinase mTOR inhibitor,INHIBITOR,0.0,0.0,0.0,0.0,3.5999999999999996,0.0,0.0
CHEMBL2336325,VISTUSERTIB,CNC(=O)c1cccc(-c2ccc3c(N4CCOC[C@@H]4C)nc(N4CCOC[C@@H]4C)nc3n2)c1,2.0,0.0,0.0,3.5999999999999996,High,1,0,1,0,1,0,mTORC1,moa,3.5999999999999996,mTORC1,"Compound annotation contains keyword 'MTOR' (or related pathway term), suggesting relevance to MSD node mTORC1.",9.85,7.59,8.0,Serine/threonine-protein kinase mTOR inhibitor,INHIBITOR,0.0,0.0,0.0,0.0,3.5999999999999996,0.0,0.0
CHEMBL3545096,BGT-226,COc1ccc(-c2ccc3ncc4c(c3c2)n(-c2ccc(N3CCNCC3)c(C(F)(F)F)c2)c(=O)n4C)cn1.O=C(O)/C=C\C(=O)O,2.0,0.0,0.0,3.5999999999999996,High,1,0,1,0,1,0,mTORC1,moa,3.5999999999999996,mTORC1,"Compound annotation contains keyword 'MTOR' (or related pathway term), suggesting relevance to MSD node mTORC1.",,,0.0,Serine/threonine-protein kinase mTOR inhibitor; PI3-kinase class I inhibitor,INHIBITOR,0.0,0.0,0.0,0.0,3.5999999999999996,0.0,0.0
CHEMBL3545097,SAPANISERTIB,CC(C)n1nc(-c2ccc3oc(N)nc3c2)c2c(N)ncnc21,2.0,0.0,0.0,3.5999999999999996,High,1,0,1,0,1,0,mTORC1,moa,3.5999999999999996,mTORC1,"Compound annotation contains keyword 'MTOR' (or related pathway term), suggesting relevance to MSD node mTORC1.",10.04,7.895,8.0,Serine/threonine-protein kinase mTOR inhibitor,INHIBITOR,0.0,0.0,0.0,0.0,3.5999999999999996,0.0,0.0
CHEMBL3545366,VOXTALISIB,CCn1c(=O)c(-c2cc[nH]n2)cc2c(C)nc(N)nc21,2.0,0.0,0.0,3.5999999999999996,High,1,0,1,0,1,0,mTORC1,moa,3.5999999999999996,mTORC1,"Compound annotation contains keyword 'MTOR' (or related pathway term), suggesting relevance to MSD node mTORC1.",8.05,7.37,5.0,Serine/threonine-protein kinase mTOR inhibitor; PI3-kinase class I inhibitor,INHIBITOR,0.0,0.0,0.0,0.0,3.5999999999999996,0.0,0.0
CHEMBL3586404,ONATASERTIB,CO[C@H]1CC[C@H](N2C(=O)CNc3ncc(-c4ccc(C(C)(C)O)nc4)nc32)CC1,2.0,0.0,0.0,3.5999999999999996,High,1,0,1,0,1,0,mTORC1,moa,3.5999999999999996,mTORC1,"Compound annotation contains keyword 'MTOR' (or related pathway term), suggesting relevance to MSD node mTORC1.",8.0,7.41,9.0,Serine/threonine-protein kinase mTOR inhibitor,INHIBITOR,0.0,0.0,0.0,0.0,3.5999999999999996,0.0,0.0
CHEMBL3586573,CC-115,CCN1C(=O)CNc2ncc(-c3ccc(-c4nc[nH]n4)nc3C)nc21,2.0,0.0,0.0,3.5999999999999996,High,1,0,1,0,1,0,mTORC1,moa,3.5999999999999996,mTORC1,"Compound annotation contains keyword 'MTOR' (or related pathway term), suggesting relevance to MSD node mTORC1.",7.89,7.68,5.0,Serine/threonine-protein kinase mTOR inhibitor; DNA-dependent protein kinase inhibitor,INHIBITOR,0.0,0.0,0.0,0.0,3.5999999999999996,0.0,0.0
CHEMBL4297181,SAMOTOLISIB,CO[C@@H](C)Cn1c(=O)n(C)c2cnc3ccc(-c4cncc(C(C)(C)O)c4)cc3c21,2.0,0.0,0.0,3.5999999999999996,High,1,0,1,0,1,0,mTORC1,moa,3.5999999999999996,mTORC1,"Compound annotation contains keyword 'MTOR' (or related pathway term), suggesting relevance to MSD node mTORC1.",8.22,7.42,5.0,Serine/threonine-protein kinase mTOR inhibitor; PI3-kinase class I inhibitor,INHIBITOR,0.0,0.0,0.0,0.0,3.5999999999999996,0.0,0.0
CHEMBL571209,INDOXIMOD,Cn1cc(C[C@@H](N)C(=O)O)c2ccccc21,2.0,0.0,0.0,3.5999999999999996,High,1,0,1,0,1,0,mTORC1,moa,3.5999999999999996,mTORC1,"Compound annotation contains keyword 'MTOR' (or related pathway term), suggesting relevance to MSD node mTORC1.",,,0.0,mTORC1 activator,ACTIVATOR,0.0,0.0,0.0,0.0,3.5999999999999996,0.0,0.0
CHEMBL592445,GEDATOLISIB,CN(C)C1CCN(C(=O)c2ccc(NC(=O)Nc3ccc(-c4nc(N5CCOCC5)nc(N5CCOCC5)n4)cc3)cc2)CC1,3.0,0.0,0.0,3.5999999999999996,High,1,0,1,0,1,0,mTORC1,moa,3.5999999999999996,mTORC1,"Compound annotation contains keyword 'MTOR' (or related pathway term), suggesting relevance to MSD node mTORC1.",9.4,8.46,7.0,Serine/threonine-protein kinase mTOR inhibitor; PI3-kinase class I inhibitor,INHIBITOR,0.0,0.0,0.0,0.0,3.5999999999999996,0.0,0.0
CHEMBL51085,EBSELEN,O=c1c2ccccc2[se]n1-c1ccccc1,3.0,0.0,0.0,3.35,High,2,0,1,1,1,1,lysosomal_trafficking_M6P,pathway,2.6,lysosomal_trafficking_M6P; oxidative_stress,"Compound annotation contains keyword 'True' (or related pathway term), suggesting relevance to MSD node lysosomal_trafficking_M6P.",8.16,6.17,38.0,Antioxidant,,0.0,0.0,0.0,2.6,0.0,0.75,0.0
CHEMBL1230609,FORETINIB,COc1cc2c(Oc3ccc(NC(=O)C4(C(=O)Nc5ccc(F)cc5)CC4)cc3F)ccnc2cc1OCCCN1CCOCC1,2.0,0.0,0.0,2.95,High,2,0,1,1,1,1,autophagy_flux,pathway,2.2,autophagy_flux; oxidative_stress,"Compound annotation contains keyword 'True' (or related pathway term), suggesting relevance to MSD node autophagy_flux.",10.03,7.55,202.0,Tyrosine-protein kinase receptor FLT3 inhibitor; Stem cell growth factor receptor inhibitor; Hepatocyte growth factor receptor inhibitor; Platelet-derived growth factor receptor inhibitor; Tyrosine-protein kinase TIE-2 inhibitor; Vascular endothelial growth factor receptor inhibitor,INHIBITOR,0.0,0.0,2.2,0.0,0.0,0.75,0.0
CHEMBL3286830,LORLATINIB,C[C@H]1Oc2cc(cnc2N)-c2c(nn(C)c2C#N)CN(C)C(=O)c2ccc(F)cc21,4.0,0.0,1.0,2.95,High,2,0,1,1,1,1,autophagy_flux,pathway,2.2,autophagy_flux; oxidative_stress,"Compound annotation contains keyword 'True' (or related pathway term), suggesting relevance to MSD node autophagy_flux.",10.0,7.82,22.0,ALK tyrosine kinase receptor inhibitor; EML4-ALK inhibitor,INHIBITOR,0.0,0.0,2.2,0.0,0.0,0.75,0.0
CHEMBL3301622,GILTERITINIB,CCc1nc(C(N)=O)c(Nc2ccc(N3CCC(N4CCN(C)CC4)CC3)c(OC)c2)nc1NC1CCOCC1,4.0,0.0,1.0,2.95,High,2,0,1,1,1,1,autophagy_flux,pathway,2.2,autophagy_flux; oxidative_stress,"Compound annotation contains keyword 'True' (or related pathway term), suggesting relevance to MSD node autophagy_flux.",9.8,6.92,88.0,Tyrosine-protein kinase receptor FLT3 inhibitor; Tyrosine-protein kinase receptor UFO inhibitor,INHIBITOR,0.0,0.0,2.2,0.0,0.0,0.75,0.0
CHEMBL608533,MIDOSTAURIN,CO[C@@H]1[C@H](N(C)C(=O)c2ccccc2)C[C@H]2O[C@]1(C)n1c3ccccc3c3c4c(c5c6ccccc6n2c5c31)C(=O)NC4,4.0,0.0,1.0,2.95,High,2,0,1,1,1,1,autophagy_flux,pathway,2.2,autophagy_flux; oxidative_stress,"Compound annotation contains keyword 'True' (or related pathway term), suggesting relevance to MSD node autophagy_flux.",9.0,6.25,212.0,Tyrosine-protein kinase receptor FLT3 inhibitor; Stem cell growth factor receptor inhibitor; Platelet-derived growth factor receptor inhibitor; Protein kinase C (PKC) inhibitor; Vascular endothelial growth factor receptor 2 inhibitor,INHIBITOR,0.0,0.0,2.2,0.0,0.0,0.75,0.0
CHEMBL1430530,SN-2,Cc1cc(C)c(C2=NOC3C4CCC(C4)C23)c(C)c1,,0.0,0.0,2.8,Medium,1,0,0,1,1,0,TRPML1/MCOLN1,pathway,2.8,TRPML1/MCOLN1,"Compound annotation contains keyword 'True' (or related pathway term), suggesting relevance to MSD node TRPML1/MCOLN1.",5.75,5.75,1.0,,,0.0,2.8,0.0,0.0,0.0,0.0,0.0
CHEMBL548708,SF-11,Cc1ccc(S(=O)(=O)n2nccc2-c2c(-c3ccc(Cl)cc3)noc2C)cc1,,0.0,0.0,2.8,Medium,1,0,0,1,1,0,TRPML1/MCOLN1,pathway,2.8,TRPML1/MCOLN1,"Compound annotation contains keyword 'True' (or related pathway term), suggesting relevance to MSD node TRPML1/MCOLN1.",6.6,6.545,1.0,,,0.0,2.8,0.0,0.0,0.0,0.0,0.0
CHEMBL10,SB-203580,C[S+]([O-])c1ccc(-c2nc(-c3ccc(F)cc3)c(-c3ccncc3)[nH]2)cc1,,0.0,0.0,2.7,Medium,2,0,0,2,1,1,autophagy_flux,pathway,2.2,autophagy_flux; oxidative_stress,"Compound annotation contains keyword 'True' (or related pathway term), suggesting relevance to MSD node autophagy_flux.",8.39,6.15,79.0,,,0.0,0.0,2.2,0.0,0.0,0.5,0.0
CHEMBL122,ROFECOXIB,CS(=O)(=O)c1ccc(C2=C(c3ccccc3)C(=O)OC2)cc1,4.0,1.0,1.0,2.7,Medium,2,0,0,2,1,1,autophagy_flux,pathway,2.2,autophagy_flux; oxidative_stress,"Compound annotation contains keyword 'True' (or related pathway term), suggesting relevance to MSD node autophagy_flux.",9.0,6.345000000000001,8.0,Cyclooxygenase-2 inhibitor,INHIBITOR,0.0,0.0,2.2,0.0,0.0,0.5,0.0
CHEMBL1230020,PLX-4720,CCCS(=O)(=O)Nc1ccc(F)c(C(=O)c2c[nH]c3ncc(Cl)cc23)c1F,,0.0,0.0,2.7,Medium,2,0,0,2,1,1,autophagy_flux,pathway,2.2,autophagy_flux; oxidative_stress,"Compound annotation contains keyword 'True' (or related pathway term), suggesting relevance to MSD node autophagy_flux.",9.8,5.72,81.0,,,0.0,0.0,2.2,0.0,0.0,0.5,0.0
CHEMBL1336,SORAFENIB,CNC(=O)c1cc(Oc2ccc(NC(=O)Nc3ccc(Cl)c(C(F)(F)F)c3)cc2)ccn1,4.0,0.0,1.0,2.7,Medium,2,0,0,2,1,1,autophagy_flux,pathway,2.2,autophagy_flux; oxidative_stress,"Compound annotation contains keyword 'True' (or related pathway term), suggesting relevance to MSD node autophagy_flux.",10.68,6.89,149.0,,,0.0,0.0,2.2,0.0,0.0,0.5,0.0
CHEMBL146095,GLAFENINE,O=C(OCC(O)CO)c1ccccc1Nc1ccnc2cc(Cl)ccc12,4.0,1.0,0.0,2.7,Medium,2,0,0,2,1,1,autophagy_flux,pathway,2.2,autophagy_flux; oxidative_stress,"Compound annotation contains keyword 'True' (or related pathway term), suggesting relevance to MSD node autophagy_flux.",7.34,5.245,11.0,Cyclooxygenase inhibitor,INHIBITOR,0.0,0.0,2.2,0.0,0.0,0.5,0.0
CHEMBL1908396,KI-20227,COc1cc(Oc2ccnc3cc(OC)c(OC)cc23)ccc1NC(=O)NC(C)c1nccs1,,0.0,0.0,2.7,Medium,2,0,0,2,1,1,autophagy_flux,pathway,2.2,autophagy_flux; oxidative_stress,"Compound annotation contains keyword 'True' (or related pathway term), suggesting relevance to MSD node autophagy_flux.",9.54,5.92,64.0,,,0.0,0.0,2.2,0.0,0.0,0.5,0.0
CHEMBL19449,IBUDILAST,CC(C)C(=O)c1c(C(C)C)nn2ccccc12,4.0,0.0,0.0,2.7,Medium,2,0,0,2,1,1,autophagy_flux,pathway,2.2,autophagy_flux; oxidative_stress,"Compound annotation contains keyword 'True' (or related pathway term), suggesting relevance to MSD node autophagy_flux.",7.4,6.51,13.0,Phosphodiesterase 4 inhibitor; Phosphodiesterase 3A inhibitor; Phosphodiesterase 10A inhibitor; Phosphodiesterase 5A inhibitor,INHIBITOR,0.0,0.0,2.2,0.0,0.0,0.5,0.0
CHEMBL255863,NILOTINIB,Cc1cn(-c2cc(NC(=O)c3ccc(C)c(Nc4nccc(-c5cccnc5)n4)c3)cc(C(F)(F)F)c2)cn1,4.0,0.0,1.0,2.7,Medium,2,0,0,2,1,1,autophagy_flux,pathway,2.2,autophagy_flux; oxidative_stress,"Compound annotation contains keyword 'True' (or related pathway term), suggesting relevance to MSD node autophagy_flux.",9.48,7.0,83.0,,,0.0,0.0,2.2,0.0,0.0,0.5,0.0
CHEMBL38,TRETINOIN,CC1=C(/C=C/C(C)=C/C=C/C(C)=C/C(=O)O)C(C)(C)CCC1,4.0,0.0,1.0,2.7,Medium,2,0,0,2,1,1,autophagy_flux,pathway,2.2,autophagy_flux; oxidative_stress,"Compound annotation contains keyword 'True' (or related pathway term), suggesting relevance to MSD node autophagy_flux.",10.4,7.779999999999999,30.0,Retinoic acid receptor agonist,AGONIST,0.0,0.0,2.2,0.0,0.0,0.5,0.0
CHEMBL411,DIETHYLSTILBESTROL,CC/C(=C(/CC)c1ccc(O)cc1)c1ccc(O)cc1,4.0,0.0,1.0,2.7,Medium,2,0,0,2,1,1,autophagy_flux,pathway,2.2,autophagy_flux; oxidative_stress,"Compound annotation contains keyword 'True' (or related pathway term), suggesting relevance to MSD node autophagy_flux.",10.7,5.565,39.0,Estrogen receptor alpha agonist,AGONIST,0.0,0.0,2.2,0.0,0.0,0.5,0.0
CHEMBL54,HALOPERIDOL,O=C(CCCN1CCC(O)(c2ccc(Cl)cc2)CC1)c1ccc(F)cc1,4.0,0.0,1.0,2.7,Medium,2,0,0,2,1,1,autophagy_flux,pathway,2.2,autophagy_flux; oxidative_stress,"Compound annotation contains keyword 'True' (or related pathway term), suggesting relevance to MSD node autophagy_flux.",10.22,8.18,71.0,Serotonin 2a (5-HT2a) receptor antagonist; D2-like dopamine receptor inverse agonist,ANTAGONIST; INVERSE AGONIST,0.0,0.0,2.2,0.0,0.0,0.5,0.0
CHEMBL71,CHLORPROMAZINE,CN(C)CCCN1c2ccccc2Sc2ccc(Cl)cc21,4.0,0.0,1.0,2.7,Medium,2,0,0,2,1,1,autophagy_flux,pathway,2.2,autophagy_flux; oxidative_stress,"Compound annotation contains keyword 'True' (or related pathway term), suggesting relevance to MSD node autophagy_flux.",9.0,7.21,61.0,Serotonin 2a (5-HT2a) receptor antagonist; D2-like dopamine receptor antagonist,ANTAGONIST,0.0,0.0,2.2,0.0,0.0,0.5,0.0
CHEMBL561057,SQ109,CC(C)=CCC/C(C)=C/CNCCNC1C2CC3CC(C2)CC1C3,2.0,0.0,0.0,2.6,Medium,1,0,0,1,1,0,trehalose_AKT_TFEB,pathway,2.6,trehalose_AKT_TFEB,"Compound annotation contains keyword 'True' (or related pathway term), suggesting relevance to MSD node trehalose_AKT_TFEB.",6.44,5.8,5.0,,,0.0,0.0,0.0,0.0,0.0,0.0,2.6
CHEMBL1738757,REBASTINIB,CNC(=O)c1cc(Oc2ccc(NC(=O)Nc3cc(C(C)(C)C)nn3-c3ccc4ncccc4c3)c(F)c2)ccn1,2.0,0.0,0.0,2.55,High,2,0,1,1,1,1,ER_proteostasis,pathway,1.8,ER_proteostasis; oxidative_stress,"Compound annotation contains keyword 'True' (or related pathway term), suggesting relevance to MSD node ER_proteostasis.",9.12,6.7,107.0,Tyrosine-protein kinase ABL inhibitor,INHIBITOR,1.8,0.0,0.0,0.0,0.0,0.75,0.0
CHEMBL1908397,KW-2449,O=C(c1ccc(/C=C/c2n[nH]c3ccccc23)cc1)N1CCNCC1,1.0,0.0,0.0,2.55,High,2,0,1,1,1,1,ER_proteostasis,pathway,1.8,ER_proteostasis; oxidative_stress,"Compound annotation contains keyword 'True' (or related pathway term), suggesting relevance to MSD node ER_proteostasis.",8.54,6.25,284.0,Serine/threonine-protein kinase Aurora-A inhibitor; Serine/threonine-protein kinase Aurora-B inhibitor; Tyrosine-protein kinase receptor FLT3 inhibitor; Tyrosine-protein kinase ABL inhibitor,INHIBITOR,1.8,0.0,0.0,0.0,0.0,0.75,0.0
CHEMBL1289601,LENVATINIB,COc1cc2nccc(Oc3ccc(NC(=O)NC4CC4)c(Cl)c3)c2cc1C(N)=O,4.0,0.0,1.0,2.3,Medium,2,0,0,2,1,1,ER_proteostasis,pathway,1.8,ER_proteostasis; oxidative_stress,"Compound annotation contains keyword 'True' (or related pathway term), suggesting relevance to MSD node ER_proteostasis.",9.15,7.435,35.0,,,1.8,0.0,0.0,0.0,0.0,0.5,0.0
CHEMBL2028663,DABRAFENIB,CC(C)(C)c1nc(-c2cccc(NS(=O)(=O)c3c(F)cccc3F)c2F)c(-c2ccnc(N)n2)s1,4.0,0.0,1.0,2.3,Medium,2,0,0,2,1,1,ER_proteostasis,pathway,1.8,ER_proteostasis; oxidative_stress,"Compound annotation contains keyword 'True' (or related pathway term), suggesting relevance to MSD node ER_proteostasis.",9.4,7.015,53.0,,,1.8,0.0,0.0,0.0,0.0,0.5,0.0
CHEMBL3688339,OTS167,CC(=O)c1cnc2ccc(-c3cc(Cl)c(O)c(Cl)c3)nc2c1N[C@H]1CC[C@H](CN(C)C)CC1,,0.0,0.0,2.3,Medium,2,0,0,2,1,1,ER_proteostasis,pathway,1.8,ER_proteostasis; oxidative_stress,"Compound annotation contains keyword 'True' (or related pathway term), suggesting relevance to MSD node ER_proteostasis.",9.92,6.9,117.0,,,1.8,0.0,0.0,0.0,0.0,0.5,0.0
CHEMBL4289017,PF-03814735,CC(=O)NCC(=O)N1[C@@H]2CC[C@H]1c1ccc(Nc3ncc(C(F)(F)F)c(NC4CCC4)n3)cc12,1.0,0.0,0.0,2.3,Medium,2,0,0,2,1,1,ER_proteostasis,pathway,1.8,ER_proteostasis; oxidative_stress,"Compound annotation contains keyword 'True' (or related pathway term), suggesting relevance to MSD node ER_proteostasis.",9.1,6.13,83.0,Serine/threonine-protein kinase Aurora-A inhibitor; Serine/threonine-protein kinase Aurora-B inhibitor,INHIBITOR,1.8,0.0,0.0,0.0,0.0,0.5,0.0
CHEMBL496,HEXACHLOROPHENE,Oc1c(Cl)cc(Cl)c(Cl)c1Cc1c(O)c(Cl)cc(Cl)c1Cl,4.0,1.0,1.0,2.3,Medium,2,0,0,2,1,1,ER_proteostasis,pathway,1.8,ER_proteostasis; oxidative_stress,"Compound annotation contains keyword 'True' (or related pathway term), suggesting relevance to MSD node ER_proteostasis.",7.06,5.515,51.0,Bacterial enoyl-[acyl-carrier-protein] reductase inhibitor,INHIBITOR,1.8,0.0,0.0,0.0,0.0,0.5,0.0
CHEMBL12,DIAZEPAM,CN1C(=O)CN=C(c2ccccc2)c2cc(Cl)ccc21,4.0,0.0,1.0,2.2,Medium,1,0,0,1,1,0,autophagy_flux,pathway,2.2,autophagy_flux,"Compound annotation contains keyword 'True' (or related pathway term), suggesting relevance to MSD node autophagy_flux.",9.05,7.82,31.0,GABA-A receptor; anion channel positive allosteric modulator,POSITIVE ALLOSTERIC MODULATOR,0.0,0.0,2.2,0.0,0.0,0.0,0.0
CHEMBL1201139,MEGESTROL ACETATE,CC(=O)O[C@]1(C(C)=O)CC[C@H]2[C@@H]3C=C(C)C4=CC(=O)CC[C@]4(C)[C@H]3CC[C@@]21C,4.0,0.0,1.0,2.2,Medium,1,0,0,1,1,0,autophagy_flux,pathway,2.2,autophagy_flux,"Compound annotation contains keyword 'True' (or related pathway term), suggesting relevance to MSD node autophagy_flux.",8.84,7.73,7.0,Progesterone receptor agonist,AGONIST,0.0,0.0,2.2,0.0,0.0,0.0,0.0
CHEMBL1213583,GESTODENE,C#C[C@]1(O)C=C[C@H]2[C@@H]3CCC4=CC(=O)CC[C@@H]4[C@H]3CC[C@@]21CC,3.0,0.0,0.0,2.2,Medium,1,0,0,1,1,0,autophagy_flux,pathway,2.2,autophagy_flux,"Compound annotation contains keyword 'True' (or related pathway term), suggesting relevance to MSD node autophagy_flux.",8.52,5.92,5.0,Progesterone receptor agonist,AGONIST,0.0,0.0,2.2,0.0,0.0,0.0,0.0
CHEMBL123292,CYCLOHEXIMIDE,C[C@@H]1C[C@@H]([C@H](O)CC2CC(=O)NC(=O)C2)C(=O)[C@@H](C)C1,2.0,0.0,0.0,2.2,Medium,1,0,0,1,1,0,autophagy_flux,pathway,2.2,autophagy_flux,"Compound annotation contains keyword 'True' (or related pathway term), suggesting relevance to MSD node autophagy_flux.",7.06,6.565,7.0,80S Ribosome inhibitor,INHIBITOR,0.0,0.0,2.2,0.0,0.0,0.0,0.0
CHEMBL1289779,ETIZOLAM,CCc1cc2c(s1)-n1c(C)nnc1CN=C2c1ccccc1Cl,2.0,0.0,0.0,2.2,Medium,1,0,0,1,1,0,autophagy_flux,pathway,2.2,autophagy_flux,"Compound annotation contains keyword 'True' (or related pathway term), suggesting relevance to MSD node autophagy_flux.",8.04,6.819999999999999,2.0,,,0.0,0.0,2.2,0.0,0.0,0.0,0.0
CHEMBL1389,LEVONORGESTREL,C#C[C@]1(O)CC[C@H]2[C@@H]3CCC4=CC(=O)CC[C@@H]4[C@H]3CC[C@@]21CC,4.0,0.0,1.0,2.2,Medium,1,0,0,1,1,0,autophagy_flux,pathway,2.2,autophagy_flux,"Compound annotation contains keyword 'True' (or related pathway term), suggesting relevance to MSD node autophagy_flux.",9.0,8.28,4.0,Progesterone receptor agonist,AGONIST,0.0,0.0,2.2,0.0,0.0,0.0,0.0
CHEMBL1476022,NOMEGESTROL ACETATE,CC(=O)O[C@]1(C(C)=O)CC[C@H]2[C@@H]3C=C(C)C4=CC(=O)CC[C@@H]4[C@H]3CC[C@@]21C,3.0,0.0,0.0,2.2,Medium,1,0,0,1,1,0,autophagy_flux,pathway,2.2,autophagy_flux,"Compound annotation contains keyword 'True' (or related pathway term), suggesting relevance to MSD node autophagy_flux.",8.52,7.359999999999999,4.0,Progesterone receptor agonist,AGONIST,0.0,0.0,2.2,0.0,0.0,0.0,0.0
CHEMBL1521,ZALEPLON,CCN(C(C)=O)c1cccc(-c2ccnc3c(C#N)cnn23)c1,4.0,0.0,1.0,2.2,Medium,1,0,0,1,1,0,autophagy_flux,pathway,2.2,autophagy_flux,"Compound annotation contains keyword 'True' (or related pathway term), suggesting relevance to MSD node autophagy_flux.",6.54,6.01,4.0,GABA A receptor alpha-1/beta-1/gamma-2 positive allosteric modulator,POSITIVE ALLOSTERIC MODULATOR,0.0,0.0,2.2,0.0,0.0,0.0,0.0
CHEMBL1554,DACTINOMYCIN,Cc1c2oc3c(C)ccc(C(=O)N[C@@H]4C(=O)N[C@H](C(C)C)C(=O)N5CCC[C@H]5C(=O)N(C)CC(=O)N(C)[C@@H](C(C)C)C(=O)O[C@@H]4C)c3nc-2c(C(=O)N[C@@H]2C(=O)N[C@H](C(C)C)C(=O)N3CCC[C@H]3C(=O)N(C)CC(=O)N(C)[C@@H](C(C)C)C(=O)O[C@@H]2C)c(N)c1=O,4.0,0.0,1.0,2.2,Medium,1,0,0,1,1,0,autophagy_flux,pathway,2.2,autophagy_flux,"Compound annotation contains keyword 'True' (or related pathway term), suggesting relevance to MSD node autophagy_flux.",5.3,5.3,3.0,DNA inhibitor,INHIBITOR,0.0,0.0,2.2,0.0,0.0,0.0,0.0
CHEMBL160,CYCLOSPORINE,C/C=C/C[C@@H](C)[C@@H](O)[C@H]1C(=O)N[C@@H](CC)C(=O)N(C)CC(=O)N(C)[C@@H](CC(C)C)C(=O)N[C@@H](C(C)C)C(=O)N(C)[C@@H](CC(C)C)C(=O)N[C@@H](C)C(=O)N[C@H](C)C(=O)N(C)[C@@H](CC(C)C)C(=O)N(C)[C@@H](CC(C)C)C(=O)N(C)[C@@H](C(C)C)C(=O)N1C,4.0,0.0,1.0,2.2,Medium,1,0,0,1,1,0,autophagy_flux,pathway,2.2,autophagy_flux,"Compound annotation contains keyword 'True' (or related pathway term), suggesting relevance to MSD node autophagy_flux.",8.82,6.109999999999999,31.0,Cyclophilin A modulator,MODULATOR,0.0,0.0,2.2,0.0,0.0,0.0,0.0
CHEMBL1689063,AVIBACTAM,NC(=O)[C@@H]1CC[C@@H]2CN1C(=O)N2OS(=O)(=O)O,4.0,0.0,1.0,2.2,Medium,1,0,0,1,1,0,autophagy_flux,pathway,2.2,autophagy_flux,"Compound annotation contains keyword 'True' (or related pathway term), suggesting relevance to MSD node autophagy_flux.",8.72,6.89,10.0,,,0.0,0.0,2.2,0.0,0.0,0.0,0.0
CHEMBL1868702,GESTRINONE,C#C[C@]1(O)CC[C@H]2[C@@H]3CCC4=CC(=O)CCC4=C3C=C[C@@]21CC,2.0,0.0,1.0,2.2,Medium,1,0,0,1,1,0,autophagy_flux,pathway,2.2,autophagy_flux,"Compound annotation contains keyword 'True' (or related pathway term), suggesting relevance to MSD node autophagy_flux.",8.11,6.27,10.0,,,0.0,0.0,2.2,0.0,0.0,0.0,0.0
CHEMBL192509,DY131,CCN(CC)c1ccc(/C=N/NC(=O)c2ccc(O)cc2)cc1,,0.0,0.0,2.2,Medium,1,0,0,1,1,0,autophagy_flux,pathway,2.2,autophagy_flux,"Compound annotation contains keyword 'True' (or related pathway term), suggesting relevance to MSD node autophagy_flux.",6.89,6.18,2.0,,,0.0,0.0,2.2,0.0,0.0,0.0,0.0
CHEMBL213907,THIOCOLCHICOSIDE,COc1c(O[C@@H]2O[C@H](CO)[C@@H](O)[C@H](O)[C@H]2O)cc2c(c1OC)-c1ccc(SC)c(=O)cc1[C@@H](NC(C)=O)CC2,3.0,0.0,0.0,2.2,Medium,1,0,0,1,1,0,autophagy_flux,pathway,2.2,autophagy_flux,"Compound annotation contains keyword 'True' (or related pathway term), suggesting relevance to MSD node autophagy_flux.",5.21,5.21,1.0,,,0.0,0.0,2.2,0.0,0.0,0.0,0.0
CHEMBL24072,PRENYLAMINE,CC(Cc1ccccc1)NCCC(c1ccccc1)c1ccccc1,4.0,1.0,0.0,2.2,Medium,1,0,0,1,1,0,autophagy_flux,pathway,2.2,autophagy_flux,"Compound annotation contains keyword 'True' (or related pathway term), suggesting relevance to MSD node autophagy_flux.",7.19,5.62,22.0,Sodium channel protein type V alpha subunit blocker; Calmodulin inhibitor,BLOCKER; INHIBITOR,0.0,0.0,2.2,0.0,0.0,0.0,0.0
CHEMBL254832,FENDILINE,CC(NCCC(c1ccccc1)c1ccccc1)c1ccccc1,2.0,0.0,0.0,2.2,Medium,1,0,0,1,1,0,autophagy_flux,pathway,2.2,autophagy_flux,"Compound annotation contains keyword 'True' (or related pathway term), suggesting relevance to MSD node autophagy_flux.",6.3,5.49,12.0,,,0.0,0.0,2.2,0.0,0.0,0.0,0.0
CHEMBL262075,INDIPLON,CC(=O)N(C)c1cccc(-c2ccnc3c(C(=O)c4cccs4)cnn23)c1,3.0,0.0,0.0,2.2,Medium,1,0,0,1,1,0,autophagy_flux,pathway,2.2,autophagy_flux,"Compound annotation contains keyword 'True' (or related pathway term), suggesting relevance to MSD node autophagy_flux.",9.35,9.305,1.0,GABA receptor alpha-1 subunit positive allosteric modulator,POSITIVE ALLOSTERIC MODULATOR,0.0,0.0,2.2,0.0,0.0,0.0,0.0
CHEMBL273264,NAFAMOSTAT,N=C(N)Nc1ccc(C(=O)Oc2ccc3cc(C(=N)N)ccc3c2)cc1,3.0,0.0,0.0,2.2,Medium,1,0,0,1,1,0,autophagy_flux,pathway,2.2,autophagy_flux,"Compound annotation contains keyword 'True' (or related pathway term), suggesting relevance to MSD node autophagy_flux.",10.7,6.54,22.0,,,0.0,0.0,2.2,0.0,0.0,0.0,0.0
CHEMBL325109,CLEBOPRIDE,COc1cc(N)c(Cl)cc1C(=O)NC1CCN(Cc2ccccc2)CC1,2.0,0.0,1.0,2.2,Medium,1,0,0,1,1,0,autophagy_flux,pathway,2.2,autophagy_flux,"Compound annotation contains keyword 'True' (or related pathway term), suggesting relevance to MSD node autophagy_flux.",8.95,6.98,18.0,Serotonin 4 (5-HT4) receptor agonist; Dopamine D2 receptor antagonist,AGONIST; ANTAGONIST,0.0,0.0,2.2,0.0,0.0,0.0,0.0
CHEMBL403,SULBACTAM,CC1(C)[C@H](C(=O)O)N2C(=O)C[C@H]2S1(=O)=O,4.0,0.0,1.0,2.2,Medium,1,0,0,1,1,0,autophagy_flux,pathway,2.2,autophagy_flux,"Compound annotation contains keyword 'True' (or related pathway term), suggesting relevance to MSD node autophagy_flux.",7.12,5.734999999999999,15.0,,,0.0,0.0,2.2,0.0,0.0,0.0,0.0
CHEMBL404,TAZOBACTAM,C[C@]1(Cn2ccnn2)[C@H](C(=O)O)N2C(=O)C[C@H]2S1(=O)=O,4.0,0.0,1.0,2.2,Medium,1,0,0,1,1,0,autophagy_flux,pathway,2.2,autophagy_flux,"Compound annotation contains keyword 'True' (or related pathway term), suggesting relevance to MSD node autophagy_flux.",8.7,6.635,30.0,,,0.0,0.0,2.2,0.0,0.0,0.0,0.0
CHEMBL407,FLUMAZENIL,CCOC(=O)c1ncn2c1CN(C)C(=O)c1cc(F)ccc1-2,4.0,0.0,1.0,2.2,Medium,1,0,0,1,1,0,autophagy_flux,pathway,2.2,autophagy_flux,"Compound annotation contains keyword 'True' (or related pathway term), suggesting relevance to MSD node autophagy_flux.",9.35,8.83,18.0,GABA-A receptor; anion channel allosteric antagonist,ALLOSTERIC ANTAGONIST,0.0,0.0,2.2,0.0,0.0,0.0,0.0
CHEMBL418971,BISPHENOL A,CC(C)(c1ccc(O)cc1)c1ccc(O)cc1,,0.0,0.0,2.2,Medium,1,0,0,1,1,0,autophagy_flux,pathway,2.2,autophagy_flux,"Compound annotation contains keyword 'True' (or related pathway term), suggesting relevance to MSD node autophagy_flux.",8.26,6.04,8.0,,,0.0,0.0,2.2,0.0,0.0,0.0,0.0
CHEMBL422,TRIFLUOPERAZINE,CN1CCN(CCCN2c3ccccc3Sc3ccc(C(F)(F)F)cc32)CC1,4.0,0.0,1.0,2.2,Medium,1,0,0,1,1,0,autophagy_flux,pathway,2.2,autophagy_flux,"Compound annotation contains keyword 'True' (or related pathway term), suggesting relevance to MSD node autophagy_flux.",9.27,5.85,41.0,,,0.0,0.0,2.2,0.0,0.0,0.0,0.0
CHEMBL489,AFIMOXIFENE,CC/C(=C(\c1ccc(O)cc1)c1ccc(OCCN(C)C)cc1)c1ccccc1,3.0,0.0,0.0,2.2,Medium,1,0,0,1,1,0,autophagy_flux,pathway,2.2,autophagy_flux,"Compound annotation contains keyword 'True' (or related pathway term), suggesting relevance to MSD node autophagy_flux.",10.01,8.58,2.0,Estrogen receptor modulator; Estrogen-related receptor gamma antagonist,MODULATOR; ANTAGONIST,0.0,0.0,2.2,0.0,0.0,0.0,0.0
CHEMBL54349,ALPIDEM,CCCN(CCC)C(=O)Cc1c(-c2ccc(Cl)cc2)nc2ccc(Cl)cn12,4.0,1.0,0.0,2.2,Medium,1,0,0,1,1,0,autophagy_flux,pathway,2.2,autophagy_flux,"Compound annotation contains keyword 'True' (or related pathway term), suggesting relevance to MSD node autophagy_flux.",9.3,8.125,5.0,Translocator protein partial agonist,PARTIAL AGONIST,0.0,0.0,2.2,0.0,0.0,0.0,0.0
CHEMBL559525,TMN-355,O=C(NC(=O)c1c(F)cccc1Cl)NC1c2ccccc2-c2ccccc21,,0.0,0.0,2.2,Medium,1,0,0,1,1,0,autophagy_flux,pathway,2.2,autophagy_flux,"Compound annotation contains keyword 'True' (or related pathway term), suggesting relevance to MSD node autophagy_flux.",8.82,8.82,1.0,,,0.0,0.0,2.2,0.0,0.0,0.0,0.0
CHEMBL6367,GPI-1046,CCC(C)(C)C(=O)C(=O)N1CCC[C@H]1C(=O)OCCCc1cccnc1,,0.0,0.0,2.2,Medium,1,0,0,1,1,0,autophagy_flux,pathway,2.2,autophagy_flux,"Compound annotation contains keyword 'True' (or related pathway term), suggesting relevance to MSD node autophagy_flux.",11.0,8.12,4.0,,,0.0,0.0,2.2,0.0,0.0,0.0,0.0
CHEMBL8597,ASCOMYCIN,CC[C@@H]1/C=C(\C)C[C@H](C)C[C@H](OC)[C@H]2O[C@@](O)(C(=O)C(=O)N3CCCC[C@H]3C(=O)O[C@H](/C(C)=C/[C@@H]3CC[C@@H](O)[C@H](OC)C3)[C@H](C)[C@@H](O)CC1=O)[C@H](C)C[C@@H]2OC,,0.0,0.0,2.2,Medium,1,0,0,1,1,0,autophagy_flux,pathway,2.2,autophagy_flux,"Compound annotation contains keyword 'True' (or related pathway term), suggesting relevance to MSD node autophagy_flux.",8.8,8.8,2.0,,,0.0,0.0,2.2,0.0,0.0,0.0,0.0
CHEMBL911,ZOLPIDEM,Cc1ccc(-c2nc3ccc(C)cn3c2CC(=O)N(C)C)cc1,4.0,0.0,1.0,2.2,Medium,1,0,0,1,1,0,autophagy_flux,pathway,2.2,autophagy_flux,"Compound annotation contains keyword 'True' (or related pathway term), suggesting relevance to MSD node autophagy_flux.",7.85,6.8,21.0,,,0.0,0.0,2.2,0.0,0.0,0.0,0.0
CHEMBL932,DIPYRIDAMOLE,OCCN(CCO)c1nc(N2CCCCC2)c2nc(N(CCO)CCO)nc(N3CCCCC3)c2n1,4.0,0.0,1.0,2.2,Medium,1,0,0,1,1,0,autophagy_flux,pathway,2.2,autophagy_flux,"Compound annotation contains keyword 'True' (or related pathway term), suggesting relevance to MSD node autophagy_flux.",8.09,5.55,21.0,"Equilibrative nucleoside transporter 1 inhibitor; 3',5'-cyclic phosphodiesterase inhibitor",INHIBITOR,0.0,0.0,2.2,0.0,0.0,0.0,0.0
CHEMBL1950289,TANZISERTIB,O[C@H]1CC[C@H](Nc2ncc3nc(Nc4c(F)cc(F)cc4F)n([C@H]4CCOC4)c3n2)CC1,2.0,0.0,0.0,1.8,Low,1,0,0,1,1,0,ER_proteostasis,pathway,1.8,ER_proteostasis,"Compound annotation contains keyword 'True' (or related pathway term), suggesting relevance to MSD node ER_proteostasis.",9.0,6.7,15.0,c-Jun N-terminal kinase 1 inhibitor; c-Jun N-terminal kinase 2 inhibitor; c-Jun N-terminal kinase 3 inhibitor,INHIBITOR,1.8,0.0,0.0,0.0,0.0,0.0,0.0
CHEMBL272357,4-mu-8C,Cc1cc(=O)oc2c(C=O)c(O)ccc12,,0.0,0.0,1.8,Low,1,0,0,1,1,0,ER_proteostasis,pathway,1.8,ER_proteostasis,"Compound annotation contains keyword 'True' (or related pathway term), suggesting relevance to MSD node ER_proteostasis.",6.69,6.69,1.0,,,1.8,0.0,0.0,0.0,0.0,0.0,0.0
CHEMBL470334,VER-155008,N#Cc1ccc(COC[C@H]2O[C@@H](n3c(NCc4ccc(Cl)c(Cl)c4)nc4c(N)ncnc43)[C@H](O)[C@@H]2O)cc1,,0.0,0.0,1.8,Low,1,0,0,1,1,0,ER_proteostasis,pathway,1.8,ER_proteostasis,"Compound annotation contains keyword 'True' (or related pathway term), suggesting relevance to MSD node ER_proteostasis.",7.1,6.83,2.0,,,1.8,0.0,0.0,0.0,0.0,0.0,0.0
CHEMBL1078178,MOMELOTINIB,N#CCNC(=O)c1ccc(-c2ccnc(Nc3ccc(N4CCOCC4)cc3)n2)cc1,4.0,0.0,1.0,0.75,Low,1,0,1,0,0,1,oxidative_stress,moa,0.75,oxidative_stress,"Compound annotation contains keyword 'True' (or related pathway term), suggesting relevance to MSD node oxidative_stress.",8.8,6.69,47.0,Tyrosine-protein kinase JAK1 inhibitor; Tyrosine-protein kinase JAK2 inhibitor,INHIBITOR,0.0,0.0,0.0,0.0,0.0,0.75,0.0
CHEMBL1200862,METYROSINE,C[C@](N)(Cc1ccc(O)cc1)C(=O)O,4.0,0.0,1.0,0.75,Low,1,0,1,0,0,1,oxidative_stress,moa,0.75,oxidative_stress,"Compound annotation contains keyword 'True' (or related pathway term), suggesting relevance to MSD node oxidative_stress.",,,0.0,Tyrosine 3-hydroxylase inhibitor,INHIBITOR,0.0,0.0,0.0,0.0,0.0,0.75,0.0
CHEMBL1200963,BIMATOPROST,CCNC(=O)CCC/C=C\C[C@@H]1[C@@H](/C=C/[C@@H](O)CCc2ccccc2)[C@H](O)C[C@@H]1O,4.0,0.0,1.0,0.75,Low,1,0,1,0,0,1,oxidative_stress,moa,0.75,oxidative_stress,"Compound annotation contains keyword 'True' (or related pathway term), suggesting relevance to MSD node oxidative_stress.",5.3,5.3,1.0,Prostanoid FP receptor agonist,AGONIST,0.0,0.0,0.0,0.0,0.0,0.75,0.0
CHEMBL1231124,AZD-1480,Cc1cc(Nc2nc(N[C@@H](C)c3ncc(F)cn3)ncc2Cl)[nH]n1,2.0,0.0,0.0,0.75,Low,1,0,1,0,0,1,oxidative_stress,moa,0.75,oxidative_stress,"Compound annotation contains keyword 'True' (or related pathway term), suggesting relevance to MSD node oxidative_stress.",9.7,6.51,27.0,Tyrosine-protein kinase JAK2 inhibitor,INHIBITOR,0.0,0.0,0.0,0.0,0.0,0.75,0.0
CHEMBL124660,TANDUTINIB,COc1cc2c(N3CCN(C(=O)Nc4ccc(OC(C)C)cc4)CC3)ncnc2cc1OCCCN1CCCCC1,2.0,0.0,0.0,0.75,Low,1,0,1,0,0,1,oxidative_stress,moa,0.75,oxidative_stress,"Compound annotation contains keyword 'True' (or related pathway term), suggesting relevance to MSD node oxidative_stress.",8.82,6.35,42.0,Tyrosine-protein kinase receptor FLT3 inhibitor; Stem cell growth factor receptor inhibitor; Platelet-derived growth factor receptor beta inhibitor,INHIBITOR,0.0,0.0,0.0,0.0,0.0,0.75,0.0
CHEMBL1255871,ASTAXANTHIN,CC1=C(/C=C/C(C)=C/C=C/C(C)=C/C=C/C=C(C)/C=C/C=C(C)/C=C/C2=C(C)C(=O)[C@@H](O)CC2(C)C)C(C)(C)C[C@H](O)C1=O,3.0,0.0,0.0,0.75,Low,1,0,1,0,0,1,oxidative_stress,moa,0.75,oxidative_stress,"Compound annotation contains keyword 'True' (or related pathway term), suggesting relevance to MSD node oxidative_stress.",,,0.0,"Antioxidant, anti-inflammatory and antiapoptotic activities",,0.0,0.0,0.0,0.0,0.0,0.75,0.0
CHEMBL1287853,FEDRATINIB,Cc1cnc(Nc2ccc(OCCN3CCCC3)cc2)nc1Nc1cccc(S(=O)(=O)NC(C)(C)C)c1,4.0,0.0,1.0,0.75,Low,1,0,1,0,0,1,oxidative_stress,moa,0.75,oxidative_stress,"Compound annotation contains keyword 'True' (or related pathway term), suggesting relevance to MSD node oxidative_stress.",9.12,6.1,299.0,Tyrosine-protein kinase receptor FLT3 inhibitor; Tyrosine-protein kinase JAK2 inhibitor,INHIBITOR,0.0,0.0,0.0,0.0,0.0,0.75,0.0
CHEMBL12948,SEMUSTINE,CC1CCC(NC(=O)N(CCCl)N=O)CC1,3.0,0.0,0.0,0.75,Low,1,0,1,0,0,1,oxidative_stress,moa,0.75,oxidative_stress,"Compound annotation contains keyword 'True' (or related pathway term), suggesting relevance to MSD node oxidative_stress.",5.74,5.53,1.0,DNA cross-linking agent,CROSS-LINKING AGENT,0.0,0.0,0.0,0.0,0.0,0.75,0.0
CHEMBL1388,MONOBENZONE,Oc1ccc(OCc2ccccc2)cc1,4.0,0.0,1.0,0.75,Low,1,0,1,0,0,1,oxidative_stress,moa,0.75,oxidative_stress,"Compound annotation contains keyword 'True' (or related pathway term), suggesting relevance to MSD node oxidative_stress.",6.0,5.41,8.0,Tyrosinase inhibitor,INHIBITOR,0.0,0.0,0.0,0.0,0.0,0.75,0.0
CHEMBL1421,DASATINIB ANHYDROUS,Cc1nc(Nc2ncc(C(=O)Nc3c(C)cccc3Cl)s2)cc(N2CCN(CCO)CC2)n1,4.0,0.0,1.0,0.75,Low,1,0,1,0,0,1,oxidative_stress,moa,0.75,oxidative_stress,"Compound annotation contains keyword 'True' (or related pathway term), suggesting relevance to MSD node oxidative_stress.",10.0,8.34,32.0,Tyrosine-protein kinase ABL inhibitor; Platelet-derived growth factor receptor beta inhibitor; Stem cell growth factor receptor inhibitor; Ephrin type-A receptor 2 inhibitor; SRC inhibitor; Bcr/Abl fusion protein inhibitor,INHIBITOR,0.0,0.0,0.0,0.0,0.0,0.75,0.0
CHEMBL1614707,MUBRITINIB,FC(F)(F)c1ccc(/C=C/c2nc(COc3ccc(CCCCn4ccnn4)cc3)co2)cc1,2.0,0.0,0.0,0.75,Low,1,0,1,0,0,1,oxidative_stress,moa,0.75,oxidative_stress,"Compound annotation contains keyword 'True' (or related pathway term), suggesting relevance to MSD node oxidative_stress.",7.29,6.779999999999999,2.0,Receptor protein-tyrosine kinase erbB-2 inhibitor,INHIBITOR,0.0,0.0,0.0,0.0,0.0,0.75,0.0
CHEMBL1614725,TAK-285,CC(C)(O)CC(=O)NCCn1ccc2ncnc(Nc3ccc(Oc4cccc(C(F)(F)F)c4)c(Cl)c3)c21,1.0,0.0,0.0,0.75,Low,1,0,1,0,0,1,oxidative_stress,moa,0.75,oxidative_stress,"Compound annotation contains keyword 'True' (or related pathway term), suggesting relevance to MSD node oxidative_stress.",9.0,6.025,13.0,Receptor protein-tyrosine kinase erbB-2 inhibitor; Epidermal growth factor receptor erbB1 inhibitor,INHIBITOR,0.0,0.0,0.0,0.0,0.0,0.75,0.0
CHEMBL1645462,AC-480,Cc1c(NC(=O)OC[C@@H]2COCCN2)cn2ncnc(Nc3ccc4c(cnn4Cc4cccc(F)c4)c3)c12,1.0,0.0,0.0,0.75,Low,1,0,1,0,0,1,oxidative_stress,moa,0.75,oxidative_stress,"Compound annotation contains keyword 'True' (or related pathway term), suggesting relevance to MSD node oxidative_stress.",8.52,7.51,5.0,Epidermal growth factor receptor erbB1 inhibitor; Receptor protein-tyrosine kinase erbB-2 inhibitor; Receptor protein-tyrosine kinase erbB-4 inhibitor,INHIBITOR,0.0,0.0,0.0,0.0,0.0,0.75,0.0
CHEMBL167731,PIXANTRONE,NCCNc1ccc(NCCN)c2c1C(=O)c1ccncc1C2=O,4.0,0.0,1.0,0.75,Low,1,0,1,0,0,1,oxidative_stress,moa,0.75,oxidative_stress,"Compound annotation contains keyword 'True' (or related pathway term), suggesting relevance to MSD node oxidative_stress.",,,0.0,DNA cross-linking agent,CROSS-LINKING AGENT,0.0,0.0,0.0,0.0,0.0,0.75,0.0
CHEMBL1762621,BARDOXOLONE METHYL,COC(=O)[C@]12CCC(C)(C)C[C@H]1[C@H]1C(=O)C=C3[C@@]4(C)C=C(C#N)C(=O)C(C)(C)[C@@H]4CC[C@@]3(C)[C@]1(C)CC2,3.0,0.0,0.0,0.75,Low,1,0,1,0,0,1,oxidative_stress,moa,0.75,oxidative_stress,"Compound annotation contains keyword 'NRF2' (or related pathway term), suggesting relevance to MSD node oxidative_stress.",7.46,5.62,5.0,Peroxisome proliferator-activated receptor gamma antagonist; Inhibitor of nuclear factor kappa B kinase beta subunit inhibitor; Keap1/Nrf2 inhibitor,ANTAGONIST; INHIBITOR,0.0,0.0,0.0,0.0,0.0,0.75,0.0
CHEMBL180022,NERATINIB,CCOc1cc2ncc(C#N)c(Nc3ccc(OCc4ccccn4)c(Cl)c3)c2cc1NC(=O)/C=C/CN(C)C,4.0,0.0,1.0,0.75,Low,1,0,1,0,0,1,oxidative_stress,moa,0.75,oxidative_stress,"Compound annotation contains keyword 'True' (or related pathway term), suggesting relevance to MSD node oxidative_stress.",10.7,6.57,112.0,Epidermal growth factor receptor erbB1 inhibitor; Receptor protein-tyrosine kinase erbB-2 inhibitor; Receptor protein-tyrosine kinase erbB-4 inhibitor,INHIBITOR,0.0,0.0,0.0,0.0,0.0,0.75,0.0
CHEMBL1873475,IBRUTINIB,C=CC(=O)N1CCC[C@@H](n2nc(-c3ccc(Oc4ccccc4)cc3)c3c(N)ncnc32)C1,4.0,0.0,1.0,0.75,Low,1,0,1,0,0,1,oxidative_stress,moa,0.75,oxidative_stress,"Compound annotation contains keyword 'True' (or related pathway term), suggesting relevance to MSD node oxidative_stress.",10.1,8.25,48.0,Tyrosine-protein kinase BTK inhibitor,INHIBITOR,0.0,0.0,0.0,0.0,0.0,0.75,0.0
CHEMBL1944698,ZOTIRACICLIB,CN1C/C=C/CCOc2cccc(c2)-c2ccnc(n2)Nc2cccc(c2)C1,2.0,0.0,0.0,0.75,Low,1,0,1,0,0,1,oxidative_stress,moa,0.75,oxidative_stress,"Compound annotation contains keyword 'True' (or related pathway term), suggesting relevance to MSD node oxidative_stress.",9.0,6.77,51.0,Cyclin-dependent kinase 1 inhibitor; Cyclin-dependent kinase 2 inhibitor; Cyclin-dependent kinase 7 inhibitor; Cyclin-dependent kinase 9 inhibitor; Tyrosine-protein kinase receptor FLT3 inhibitor; Tyrosine-protein kinase JAK2 inhibitor,INHIBITOR,0.0,0.0,0.0,0.0,0.0,0.75,0.0
CHEMBL1946170,REGORAFENIB,CNC(=O)c1cc(Oc2ccc(NC(=O)Nc3ccc(Cl)c(C(F)(F)F)c3)c(F)c2)ccn1,4.0,0.0,1.0,0.75,Low,1,0,1,0,0,1,oxidative_stress,moa,0.75,oxidative_stress,"Compound annotation contains keyword 'True' (or related pathway term), suggesting relevance to MSD node oxidative_stress.",9.3,7.385,46.0,Tyrosine-protein kinase ABL inhibitor; Serine/threonine-protein kinase RAF inhibitor; Stem cell growth factor receptor inhibitor; Fibroblast growth factor receptor 1 inhibitor; MAP kinase p38 beta inhibitor; Fibroblast growth factor receptor 2 inhibitor; Tyrosine-protein kinase FRK inhibitor; Discoidin domain-containing receptor 2 inhibitor; Serine/threonine-protein kinase B-raf inhibitor; Tyrosine-protein kinase TIE-2 inhibitor; Platelet-derived growth factor receptor inhibitor; Vascular endothelial growth factor receptor inhibitor; Tyrosine-protein kinase receptor RET inhibitor; Ephrin type-A receptor 2 inhibitor; Nerve growth factor receptor Trk-A inhibitor,INHIBITOR,0.0,0.0,0.0,0.0,0.0,0.75,0.0
CHEMBL1947204,ALLITINIB,C=CC(=O)Nc1ccc2ncnc(Nc3ccc(OCc4cccc(F)c4)c(Cl)c3)c2c1,2.0,0.0,0.0,0.75,Low,1,0,1,0,0,1,oxidative_stress,moa,0.75,oxidative_stress,"Compound annotation contains keyword 'True' (or related pathway term), suggesting relevance to MSD node oxidative_stress.",9.3,8.809999999999999,3.0,Epidermal growth factor receptor erbB1 inhibitor; Receptor protein-tyrosine kinase erbB-2 inhibitor,INHIBITOR,0.0,0.0,0.0,0.0,0.0,0.75,0.0
CHEMBL1980391,RG-1530,COc1cc2c(cc1F)C(c1ccccc1Cl)=Nc1c(n[nH]c1C)N2,1.0,0.0,0.0,0.75,Low,1,0,1,0,0,1,oxidative_stress,moa,0.75,oxidative_stress,"Compound annotation contains keyword 'True' (or related pathway term), suggesting relevance to MSD node oxidative_stress.",8.15,6.7,84.0,Fibroblast growth factor receptor 1 inhibitor; Fibroblast growth factor receptor 2 inhibitor; Tyrosine-protein kinase receptor FLT3 inhibitor; Platelet-derived growth factor receptor beta inhibitor; Vascular endothelial growth factor receptor inhibitor; Serine/threonine-protein kinase Aurora-A inhibitor; Serine/threonine-protein kinase PLK4 inhibitor,INHIBITOR,0.0,0.0,0.0,0.0,0.0,0.75,0.0
CHEMBL1983268,ENTRECTINIB,CN1CCN(c2ccc(C(=O)Nc3n[nH]c4ccc(Cc5cc(F)cc(F)c5)cc34)c(NC3CCOCC3)c2)CC1,4.0,0.0,1.0,0.75,Low,1,0,1,0,0,1,oxidative_stress,moa,0.75,oxidative_stress,"Compound annotation contains keyword 'True' (or related pathway term), suggesting relevance to MSD node oxidative_stress.",9.7,7.26,62.0,Neurotrophic tyrosine kinase receptor inhibitor; Proto-oncogene tyrosine-protein kinase ROS inhibitor; ALK tyrosine kinase receptor inhibitor,INHIBITOR,0.0,0.0,0.0,0.0,0.0,0.75,0.0
CHEMBL2010601,IVACAFTOR,CC(C)(C)c1cc(C(C)(C)C)c(NC(=O)c2c[nH]c3ccccc3c2=O)cc1O,4.0,0.0,1.0,0.75,Low,1,0,1,0,0,1,oxidative_stress,moa,0.75,oxidative_stress,"Compound annotation contains keyword 'True' (or related pathway term), suggesting relevance to MSD node oxidative_stress.",8.52,7.17,4.0,Cystic fibrosis transmembrane conductance regulator positive modulator,POSITIVE MODULATOR,0.0,0.0,0.0,0.0,0.0,0.75,0.0
CHEMBL2029988,CEP-32496,COc1cc2ncnc(Oc3cccc(NC(=O)Nc4cc(C(C)(C)C(F)(F)F)on4)c3)c2cc1OC,2.0,0.0,0.0,0.75,Low,1,0,1,0,0,1,oxidative_stress,moa,0.75,oxidative_stress,"Compound annotation contains keyword 'True' (or related pathway term), suggesting relevance to MSD node oxidative_stress.",9.48,7.38,40.0,Serine/threonine-protein kinase B-raf inhibitor; Epidermal growth factor receptor erbB1 inhibitor; Tyrosine-protein kinase receptor RET inhibitor,INHIBITOR,0.0,0.0,0.0,0.0,0.0,0.75,0.0
CHEMBL2035187,PACRITINIB,C1=N/C2=N/c3ccc(OCCN4CCCC4)c(c3)COC/C=C/COCc3cccc(c3)C(=C1)N2,4.0,0.0,1.0,0.75,Low,1,0,1,0,0,1,oxidative_stress,moa,0.75,oxidative_stress,"Compound annotation contains keyword 'True' (or related pathway term), suggesting relevance to MSD node oxidative_stress.",9.0,7.1,46.0,Tyrosine-protein kinase JAK2 inhibitor; Tyrosine-protein kinase receptor FLT3 inhibitor,INHIBITOR,0.0,0.0,0.0,0.0,0.0,0.75,0.0
CHEMBL206834,BAFETINIB,Cc1ccc(NC(=O)c2ccc(CN3CC[C@H](N(C)C)C3)c(C(F)(F)F)c2)cc1Nc1nccc(-c2cncnc2)n1,2.0,0.0,0.0,0.75,Low,1,0,1,0,0,1,oxidative_stress,moa,0.75,oxidative_stress,"Compound annotation contains keyword 'True' (or related pathway term), suggesting relevance to MSD node oxidative_stress.",8.24,6.335,31.0,Tyrosine-protein kinase ABL inhibitor; Tyrosine-protein kinase Lyn inhibitor,INHIBITOR,0.0,0.0,0.0,0.0,0.0,0.75,0.0
CHEMBL2103842,VARLITINIB,C[C@@H]1COC(Nc2ccc3ncnc(Nc4ccc(OCc5nccs5)c(Cl)c4)c3c2)=N1,2.0,0.0,0.0,0.75,Low,1,0,1,0,0,1,oxidative_stress,moa,0.75,oxidative_stress,"Compound annotation contains keyword 'True' (or related pathway term), suggesting relevance to MSD node oxidative_stress.",8.7,8.15,6.0,Epidermal growth factor receptor erbB1 inhibitor; Receptor protein-tyrosine kinase erbB-2 inhibitor,INHIBITOR,0.0,0.0,0.0,0.0,0.0,0.75,0.0
CHEMBL2103851,AMUVATINIB,S=C(NCc1ccc2c(c1)OCO2)N1CCN(c2ncnc3c2oc2ccccc23)CC1,2.0,0.0,0.0,0.75,Low,1,0,1,0,0,1,oxidative_stress,moa,0.75,oxidative_stress,"Compound annotation contains keyword 'True' (or related pathway term), suggesting relevance to MSD node oxidative_stress.",5.8,5.74,2.0,Tyrosine-protein kinase receptor FLT3 inhibitor; Stem cell growth factor receptor inhibitor; Hepatocyte growth factor receptor inhibitor; Platelet-derived growth factor receptor alpha inhibitor,INHIBITOR,0.0,0.0,0.0,0.0,0.0,0.75,0.0
CHEMBL2103870,LUMACAFTOR,Cc1ccc(NC(=O)C2(c3ccc4c(c3)OC(F)(F)O4)CC2)nc1-c1cccc(C(=O)O)c1,4.0,0.0,1.0,0.75,Low,1,0,1,0,0,1,oxidative_stress,moa,0.75,oxidative_stress,"Compound annotation contains keyword 'True' (or related pathway term), suggesting relevance to MSD node oxidative_stress.",6.7,5.58,2.0,Cystic fibrosis transmembrane conductance regulator stabiliser,STABILISER,0.0,0.0,0.0,0.0,0.0,0.75,0.0
CHEMBL2105728,CRENOLANIB,CC1(COc2ccc3c(c2)ncn3-c2ccc3cccc(N4CCC(N)CC4)c3n2)COC1,3.0,0.0,0.0,0.75,Low,1,0,1,0,0,1,oxidative_stress,moa,0.75,oxidative_stress,"Compound annotation contains keyword 'True' (or related pathway term), suggesting relevance to MSD node oxidative_stress.",10.8,6.93,62.0,Platelet-derived growth factor receptor inhibitor; Tyrosine-protein kinase receptor FLT3 inhibitor,INHIBITOR,0.0,0.0,0.0,0.0,0.0,0.75,0.0
CHEMBL2105759,BARICITINIB,CCS(=O)(=O)N1CC(CC#N)(n2cc(-c3ncnc4[nH]ccc34)cn2)C1,4.0,0.0,1.0,0.75,Low,1,0,1,0,0,1,oxidative_stress,moa,0.75,oxidative_stress,"Compound annotation contains keyword 'True' (or related pathway term), suggesting relevance to MSD node oxidative_stress.",9.15,7.615,34.0,Tyrosine-protein kinase JAK1 inhibitor; Tyrosine-protein kinase JAK2 inhibitor,INHIBITOR,0.0,0.0,0.0,0.0,0.0,0.75,0.0
CHEMBL2107823,GANDOTINIB,Cc1cc(Nc2cc(CN3CCOCC3)c3nc(C)c(Cc4ccc(Cl)cc4F)n3n2)n[nH]1,2.0,0.0,0.0,0.75,Low,1,0,1,0,0,1,oxidative_stress,moa,0.75,oxidative_stress,"Compound annotation contains keyword 'True' (or related pathway term), suggesting relevance to MSD node oxidative_stress.",8.52,7.34,8.0,Tyrosine-protein kinase JAK2 inhibitor,INHIBITOR,0.0,0.0,0.0,0.0,0.0,0.75,0.0
CHEMBL2110732,DACOMITINIB ANHYDROUS,COc1cc2ncnc(Nc3ccc(F)c(Cl)c3)c2cc1NC(=O)/C=C/CN1CCCCC1,4.0,0.0,1.0,0.75,Low,1,0,1,0,0,1,oxidative_stress,moa,0.75,oxidative_stress,"Compound annotation contains keyword 'True' (or related pathway term), suggesting relevance to MSD node oxidative_stress.",9.2,7.395,13.0,Epidermal growth factor receptor erbB1 inhibitor; Receptor protein-tyrosine kinase erbB-2 inhibitor; Receptor protein-tyrosine kinase erbB-4 inhibitor,INHIBITOR,0.0,0.0,0.0,0.0,0.0,0.75,0.0
CHEMBL217092,SARACATINIB,CN1CCN(CCOc2cc(OC3CCOCC3)c3c(Nc4c(Cl)ccc5c4OCO5)ncnc3c2)CC1,3.0,0.0,0.0,0.75,Low,1,0,1,0,0,1,oxidative_stress,moa,0.75,oxidative_stress,"Compound annotation contains keyword 'True' (or related pathway term), suggesting relevance to MSD node oxidative_stress.",9.15,6.85,45.0,Tyrosine-protein kinase ABL inhibitor; Tyrosine-protein kinase SRC inhibitor,INHIBITOR,0.0,0.0,0.0,0.0,0.0,0.75,0.0
CHEMBL223360,LINIFANIB,Cc1ccc(F)c(NC(=O)Nc2ccc(-c3cccc4[nH]nc(N)c34)cc2)c1,3.0,0.0,0.0,0.75,Low,1,0,1,0,0,1,oxidative_stress,moa,0.75,oxidative_stress,"Compound annotation contains keyword 'True' (or related pathway term), suggesting relevance to MSD node oxidative_stress.",9.2,6.2,133.0,Macrophage colony stimulating factor receptor inhibitor; Tyrosine-protein kinase receptor FLT3 inhibitor; Platelet-derived growth factor receptor inhibitor; Vascular endothelial growth factor receptor inhibitor,INHIBITOR,0.0,0.0,0.0,0.0,0.0,0.75,0.0
CHEMBL232202,ARBUTIN,OC[C@H]1O[C@@H](Oc2ccc(O)cc2)[C@H](O)[C@@H](O)[C@@H]1O,2.0,0.0,0.0,0.75,Low,1,0,1,0,0,1,oxidative_stress,moa,0.75,oxidative_stress,"Compound annotation contains keyword 'True' (or related pathway term), suggesting relevance to MSD node oxidative_stress.",,,0.0,Tyrosinase inhibitor,INHIBITOR,0.0,0.0,0.0,0.0,0.0,0.75,0.0
CHEMBL238804,SELEXIPAG,CC(C)N(CCCCOCC(=O)NS(C)(=O)=O)c1cnc(-c2ccccc2)c(-c2ccccc2)n1,4.0,0.0,1.0,0.75,Low,1,0,1,0,0,1,oxidative_stress,moa,0.75,oxidative_stress,"Compound annotation contains keyword 'True' (or related pathway term), suggesting relevance to MSD node oxidative_stress.",8.22,5.55,8.0,Prostanoid IP receptor agonist,AGONIST,0.0,0.0,0.0,0.0,0.0,0.75,0.0
CHEMBL2403108,CERITINIB,Cc1cc(Nc2ncc(Cl)c(Nc3ccccc3S(=O)(=O)C(C)C)n2)c(OC(C)C)cc1C1CCNCC1,4.0,0.0,1.0,0.75,Low,1,0,1,0,0,1,oxidative_stress,moa,0.75,oxidative_stress,"Compound annotation contains keyword 'True' (or related pathway term), suggesting relevance to MSD node oxidative_stress.",9.7,7.16,48.0,ALK tyrosine kinase receptor inhibitor; EML4-ALK inhibitor; NPM/ALK (Nucleophosmin/ALK tyrosine kinase receptor) inhibitor,INHIBITOR,0.0,0.0,0.0,0.0,0.0,0.75,0.0
CHEMBL2408045,SAPITINIB,CNC(=O)CN1CCC(Oc2cc3c(Nc4cccc(Cl)c4F)ncnc3cc2OC)CC1,2.0,0.0,0.0,0.75,Low,1,0,1,0,0,1,oxidative_stress,moa,0.75,oxidative_stress,"Compound annotation contains keyword 'True' (or related pathway term), suggesting relevance to MSD node oxidative_stress.",9.0,7.52,16.0,Receptor protein-tyrosine kinase erbB-2 inhibitor; Receptor tyrosine-protein kinase erbB-3 inhibitor; Epidermal growth factor receptor erbB1 inhibitor,INHIBITOR,0.0,0.0,0.0,0.0,0.0,0.75,0.0
CHEMBL24828,VANDETANIB,COc1cc2/c(=N/c3ccc(Br)cc3F)nc[nH]c2cc1OCC1CCN(C)CC1,4.0,0.0,1.0,0.75,Low,1,0,1,0,0,1,oxidative_stress,moa,0.75,oxidative_stress,"Compound annotation contains keyword 'True' (or related pathway term), suggesting relevance to MSD node oxidative_stress.",9.96,6.44,124.0,Tyrosine-protein kinase SRC inhibitor; Tyrosine-protein kinase BRK inhibitor; Tyrosine-protein kinase TIE-2 inhibitor; Vascular endothelial growth factor receptor inhibitor; Tyrosine-protein kinase receptor RET inhibitor; Ephrin receptor inhibitor; Epidermal growth factor receptor inhibitor,INHIBITOR,0.0,0.0,0.0,0.0,0.0,0.75,0.0
CHEMBL252556,IDEBENONE,COC1=C(OC)C(=O)C(CCCCCCCCCCO)=C(C)C1=O,4.0,0.0,1.0,0.75,Low,1,0,1,0,0,1,oxidative_stress,moa,0.75,oxidative_stress,"Compound annotation contains keyword 'True' (or related pathway term), suggesting relevance to MSD node oxidative_stress.",6.1,5.245,8.0,Antioxidant and mitochondrial electron carrier,,0.0,0.0,0.0,0.0,0.0,0.75,0.0
CHEMBL288441,BOSUTINIB,COc1cc(Nc2c(C#N)cnc3cc(OCCCN4CCN(C)CC4)c(OC)cc23)c(Cl)cc1Cl,4.0,0.0,1.0,0.75,Low,1,0,1,0,0,1,oxidative_stress,moa,0.75,oxidative_stress,"Compound annotation contains keyword 'True' (or related pathway term), suggesting relevance to MSD node oxidative_stress.",10.54,6.5600000000000005,224.0,Tyrosine-protein kinase ABL inhibitor; Tyrosine-protein kinase SRC inhibitor; Tyrosine-protein kinase HCK inhibitor; Tyrosine-protein kinase Lyn inhibitor,INHIBITOR,0.0,0.0,0.0,0.0,0.0,0.75,0.0
CHEMBL3039498,GRAPIPRANT,CCc1nc2c(C)nc(C)cc2n1-c1ccc(CCNC(=O)NS(=O)(=O)c2ccc(C)cc2)cc1,2.0,0.0,0.0,0.75,Low,1,0,1,0,0,1,oxidative_stress,moa,0.75,oxidative_stress,"Compound annotation contains keyword 'True' (or related pathway term), suggesting relevance to MSD node oxidative_stress.",8.32,7.66,4.0,Prostanoid EP4 receptor antagonist,ANTAGONIST,0.0,0.0,0.0,0.0,0.0,0.75,0.0
CHEMBL3039513,DECERNOTINIB,CC[C@@](C)(Nc1ccnc(-c2c[nH]c3ncccc23)n1)C(=O)NCC(F)(F)F,2.0,0.0,0.0,0.75,Low,1,0,1,0,0,1,oxidative_stress,moa,0.75,oxidative_stress,"Compound annotation contains keyword 'True' (or related pathway term), suggesting relevance to MSD node oxidative_stress.",8.92,6.94,35.0,Tyrosine-protein kinase JAK3 inhibitor,INHIBITOR,0.0,0.0,0.0,0.0,0.0,0.75,0.0
CHEMBL3137322,DIANHYDROGALACTITOL,O[C@H]([C@H](O)[C@@H]1CO1)[C@H]1CO1,3.0,0.0,0.0,0.75,Low,1,0,1,0,0,1,oxidative_stress,moa,0.75,oxidative_stress,"Compound annotation contains keyword 'True' (or related pathway term), suggesting relevance to MSD node oxidative_stress.",,,0.0,DNA cross-linking agent,CROSS-LINKING AGENT,0.0,0.0,0.0,0.0,0.0,0.75,0.0
CHEMBL3137331,DEFACTINIB,CNC(=O)c1ccc(Nc2ncc(C(F)(F)F)c(NCc3nccnc3N(C)S(C)(=O)=O)n2)cc1,3.0,0.0,0.0,0.75,Low,1,0,1,0,0,1,oxidative_stress,moa,0.75,oxidative_stress,"Compound annotation contains keyword 'True' (or related pathway term), suggesting relevance to MSD node oxidative_stress.",9.7,6.404999999999999,48.0,Focal adhesion kinase 1 inhibitor; Protein tyrosine kinase 2 beta inhibitor,INHIBITOR,0.0,0.0,0.0,0.0,0.0,0.75,0.0
CHEMBL313972,MASOPROCOL,C[C@H](Cc1ccc(O)c(O)c1)[C@@H](C)Cc1ccc(O)c(O)c1,4.0,0.0,1.0,0.75,Low,1,0,1,0,0,1,oxidative_stress,moa,0.75,oxidative_stress,"Compound annotation contains keyword 'True' (or related pathway term), suggesting relevance to MSD node oxidative_stress.",6.4,5.355,13.0,Unknown; Receptor protein-tyrosine kinase erbB-2 inhibitor; Insulin-like growth factor I receptor inhibitor,INHIBITOR,0.0,0.0,0.0,0.0,0.0,0.75,0.0
CHEMBL3265032,ENTOSPLETINIB,c1cn2cc(-c3ccc4cn[nH]c4c3)nc(Nc3ccc(N4CCOCC4)cc3)c2n1,3.0,0.0,0.0,0.75,Low,1,0,1,0,0,1,oxidative_stress,moa,0.75,oxidative_stress,"Compound annotation contains keyword 'True' (or related pathway term), suggesting relevance to MSD node oxidative_stress.",8.7,6.835,9.0,Tyrosine-protein kinase SYK inhibitor,INHIBITOR,0.0,0.0,0.0,0.0,0.0,0.75,0.0
CHEMBL3301606,SOLCITINIB,CC1(C)CN(C(=O)c2ccc(-c3cccc4nc(NC(=O)C5CC5)nn34)cc2)C1,2.0,0.0,0.0,0.75,Low,1,0,1,0,0,1,oxidative_stress,moa,0.75,oxidative_stress,"Compound annotation contains keyword 'True' (or related pathway term), suggesting relevance to MSD node oxidative_stress.",8.18,6.815,4.0,Tyrosine-protein kinase JAK1 inhibitor,INHIBITOR,0.0,0.0,0.0,0.0,0.0,0.75,0.0
CHEMBL3301607,FILGOTINIB,O=C(Nc1nc2cccc(-c3ccc(CN4CCS(=O)(=O)CC4)cc3)n2n1)C1CC1,4.0,0.0,1.0,0.75,Low,1,0,1,0,0,1,oxidative_stress,moa,0.75,oxidative_stress,"Compound annotation contains keyword 'True' (or related pathway term), suggesting relevance to MSD node oxidative_stress.",8.95,6.56,26.0,Tyrosine-protein kinase JAK1 inhibitor; Tyrosine-protein kinase JAK2 inhibitor; Tyrosine-protein kinase TYK2 inhibitor; Tyrosine-protein kinase JAK3 inhibitor,INHIBITOR,0.0,0.0,0.0,0.0,0.0,0.75,0.0
CHEMBL3544914,TEZACAFTOR,CC(C)(CO)c1cc2cc(NC(=O)C3(c4ccc5c(c4)OC(F)(F)O5)CC3)c(F)cc2n1C[C@@H](O)CO,4.0,0.0,1.0,0.75,Low,1,0,1,0,0,1,oxidative_stress,moa,0.75,oxidative_stress,"Compound annotation contains keyword 'True' (or related pathway term), suggesting relevance to MSD node oxidative_stress.",6.57,6.265000000000001,2.0,Cystic fibrosis transmembrane conductance regulator positive modulator,POSITIVE MODULATOR,0.0,0.0,0.0,0.0,0.0,0.75,0.0
CHEMBL3544983,TESEVATINIB,COc1cc2c(Nc3ccc(Cl)c(Cl)c3F)ncnc2cc1OC[C@@H]1C[C@@H]2CN(C)C[C@@H]2C1,3.0,0.0,0.0,0.75,Low,1,0,1,0,0,1,oxidative_stress,moa,0.75,oxidative_stress,"Compound annotation contains keyword 'True' (or related pathway term), suggesting relevance to MSD node oxidative_stress.",9.52,6.21,36.0,Ephrin type-B receptor 4 inhibitor; Epidermal growth factor receptor erbB1 inhibitor; Receptor protein-tyrosine kinase erbB-2 inhibitor,INHIBITOR,0.0,0.0,0.0,0.0,0.0,0.75,0.0
CHEMBL3545085,XL-228,CC(C)c1cc(CNc2nc(Nc3cc(C4CC4)[nH]n3)cc(N3CCN(C)CC3)n2)on1,1.0,0.0,0.0,0.75,Low,1,0,1,0,0,1,oxidative_stress,moa,0.75,oxidative_stress,"Compound annotation contains keyword 'True' (or related pathway term), suggesting relevance to MSD node oxidative_stress.",8.52,6.69,80.0,Tyrosine-protein kinase ABL inhibitor; Insulin-like growth factor I receptor inhibitor; SRC inhibitor,INHIBITOR,0.0,0.0,0.0,0.0,0.0,0.75,0.0
CHEMBL3545311,BRIGATINIB,COc1cc(N2CCC(N3CCN(C)CC3)CC2)ccc1Nc1ncc(Cl)c(Nc2ccccc2P(C)(C)=O)n1,4.0,0.0,1.0,0.75,Low,1,0,1,0,0,1,oxidative_stress,moa,0.75,oxidative_stress,"Compound annotation contains keyword 'True' (or related pathway term), suggesting relevance to MSD node oxidative_stress.",9.43,7.38,74.0,ALK tyrosine kinase receptor inhibitor; Epidermal growth factor receptor erbB1 inhibitor,INHIBITOR,0.0,0.0,0.0,0.0,0.0,0.75,0.0
CHEMBL3545360,ASP-3026,COc1cc(N2CCC(N3CCN(C)CC3)CC2)ccc1Nc1ncnc(Nc2ccccc2S(=O)(=O)C(C)C)n1,1.0,0.0,0.0,0.75,Low,1,0,1,0,0,1,oxidative_stress,moa,0.75,oxidative_stress,"Compound annotation contains keyword 'True' (or related pathway term), suggesting relevance to MSD node oxidative_stress.",8.46,6.41,42.0,ALK tyrosine kinase receptor inhibitor,INHIBITOR,0.0,0.0,0.0,0.0,0.0,0.75,0.0
CHEMBL3545365,ALTIRATINIB,O=C(Nc1cc(Oc2cc(F)c(NC(=O)C3(C(=O)Nc4ccc(F)cc4)CC3)cc2F)ccn1)C1CC1,2.0,0.0,0.0,0.75,Low,1,0,1,0,0,1,oxidative_stress,moa,0.75,oxidative_stress,"Compound annotation contains keyword 'True' (or related pathway term), suggesting relevance to MSD node oxidative_stress.",9.08,8.34,6.0,Hepatocyte growth factor receptor inhibitor; Tyrosine-protein kinase TIE-2 inhibitor; Vascular endothelial growth factor receptor 2 inhibitor; Neurotrophic tyrosine kinase receptor inhibitor,INHIBITOR,0.0,0.0,0.0,0.0,0.0,0.75,0.0
CHEMBL3545396,BMS-690514,COc1cccc(Nc2ncnn3ccc(CN4CC[C@@H](N)[C@H](O)C4)c23)c1,2.0,0.0,0.0,0.75,Low,1,0,1,0,0,1,oxidative_stress,moa,0.75,oxidative_stress,"Compound annotation contains keyword 'True' (or related pathway term), suggesting relevance to MSD node oxidative_stress.",9.52,5.915,50.0,Receptor protein-tyrosine kinase erbB-2 inhibitor; Epidermal growth factor receptor erbB1 inhibitor; Vascular endothelial growth factor receptor inhibitor; Receptor protein-tyrosine kinase erbB-4 inhibitor,INHIBITOR,0.0,0.0,0.0,0.0,0.0,0.75,0.0
CHEMBL3545413,FLUMATINIB,Cc1ncc(NC(=O)c2ccc(CN3CCN(C)CC3)c(C(F)(F)F)c2)cc1Nc1nccc(-c2cccnc2)n1,3.0,0.0,0.0,0.75,Low,1,0,1,0,0,1,oxidative_stress,moa,0.75,oxidative_stress,"Compound annotation contains keyword 'True' (or related pathway term), suggesting relevance to MSD node oxidative_stress.",8.92,7.7,3.0,Tyrosine-protein kinase ABL inhibitor,INHIBITOR,0.0,0.0,0.0,0.0,0.0,0.75,0.0
CHEMBL3622820,ITACITINIB,N#CCC1(n2cc(-c3ncnc4[nH]ccc34)cn2)CN(C2CCN(C(=O)c3ccnc(C(F)(F)F)c3F)CC2)C1,3.0,0.0,1.0,0.75,Low,1,0,1,0,0,1,oxidative_stress,moa,0.75,oxidative_stress,"Compound annotation contains keyword 'True' (or related pathway term), suggesting relevance to MSD node oxidative_stress.",8.7,7.16,7.0,Tyrosine-protein kinase JAK1 inhibitor,INHIBITOR,0.0,0.0,0.0,0.0,0.0,0.75,0.0
CHEMBL3707348,ACALABRUTINIB,CC#CC(=O)N1CCC[C@H]1c1nc(-c2ccc(C(=O)Nc3ccccn3)cc2)c2c(N)nccn12,4.0,0.0,1.0,0.75,Low,1,0,1,0,0,1,oxidative_stress,moa,0.75,oxidative_stress,"Compound annotation contains keyword 'True' (or related pathway term), suggesting relevance to MSD node oxidative_stress.",8.59,7.43,12.0,Tyrosine-protein kinase BTK inhibitor,INHIBITOR,0.0,0.0,0.0,0.0,0.0,0.75,0.0
CHEMBL3813873,PEXIDARTINIB,FC(F)(F)c1ccc(CNc2ccc(Cc3c[nH]c4ncc(Cl)cc34)cn2)cn1,4.0,0.0,1.0,0.75,Low,1,0,1,0,0,1,oxidative_stress,moa,0.75,oxidative_stress,"Compound annotation contains keyword 'True' (or related pathway term), suggesting relevance to MSD node oxidative_stress.",8.77,7.7,25.0,Macrophage colony stimulating factor receptor inhibitor; Tyrosine-protein kinase receptor FLT3 inhibitor; Stem cell growth factor receptor inhibitor,INHIBITOR,0.0,0.0,0.0,0.0,0.0,0.75,0.0
CHEMBL3889654,LAROTRECTINIB,O=C(Nc1cnn2ccc(N3CCC[C@@H]3c3cc(F)ccc3F)nc12)N1CC[C@H](O)C1,4.0,0.0,1.0,0.75,Low,1,0,1,0,0,1,oxidative_stress,moa,0.75,oxidative_stress,"Compound annotation contains keyword 'True' (or related pathway term), suggesting relevance to MSD node oxidative_stress.",9.7,8.3,5.0,Neurotrophic tyrosine kinase receptor inhibitor,INHIBITOR,0.0,0.0,0.0,0.0,0.0,0.75,0.0
CHEMBL3989868,TUCATINIB,Cc1cc(Nc2ncnc3ccc(NC4=NC(C)(C)CO4)cc23)ccc1Oc1ccn2ncnc2c1,4.0,0.0,1.0,0.75,Low,1,0,1,0,0,1,oxidative_stress,moa,0.75,oxidative_stress,"Compound annotation contains keyword 'True' (or related pathway term), suggesting relevance to MSD node oxidative_stress.",8.7,6.54,6.0,Receptor protein-tyrosine kinase erbB-2 inhibitor,INHIBITOR,0.0,0.0,0.0,0.0,0.0,0.75,0.0
CHEMBL3991932,PEXMETINIB,Cc1ccc(-n2nc(C(C)(C)C)cc2NC(=O)NCc2cc(F)ccc2Oc2ccc3c(cnn3CCO)c2)cc1,2.0,0.0,0.0,0.75,Low,1,0,1,0,0,1,oxidative_stress,moa,0.75,oxidative_stress,"Compound annotation contains keyword 'True' (or related pathway term), suggesting relevance to MSD node oxidative_stress.",8.4,5.92,30.0,MAP kinase p38 alpha inhibitor; Tyrosine-protein kinase TIE-2 inhibitor,INHIBITOR,0.0,0.0,0.0,0.0,0.0,0.75,0.0
CHEMBL4071161,TIRABRUTINIB,CC#CC(=O)N1CC[C@@H](n2c(=O)n(-c3ccc(Oc4ccccc4)cc3)c3c(N)ncnc32)C1,4.0,0.0,0.0,0.75,Low,1,0,1,0,0,1,oxidative_stress,moa,0.75,oxidative_stress,"Compound annotation contains keyword 'True' (or related pathway term), suggesting relevance to MSD node oxidative_stress.",8.37,6.91,9.0,Tyrosine-protein kinase BTK inhibitor,INHIBITOR,0.0,0.0,0.0,0.0,0.0,0.75,0.0
CHEMBL426161,AZM-475271,COc1ccc(Cl)c(Nc2ncnc3cc(OCC4CCN(C)CC4)c(OC)cc23)c1,2.0,0.0,0.0,0.75,Low,1,0,1,0,0,1,oxidative_stress,moa,0.75,oxidative_stress,"Compound annotation contains keyword 'True' (or related pathway term), suggesting relevance to MSD node oxidative_stress.",8.3,7.140000000000001,2.0,Tyrosine-protein kinase ABL inhibitor; Tyrosine-protein kinase SRC inhibitor,INHIBITOR,0.0,0.0,0.0,0.0,0.0,0.75,0.0
CHEMBL426559,LAROPIPRANT,CS(=O)(=O)c1cc(F)cc2c3c(n(Cc4ccc(Cl)cc4)c12)[C@@H](CC(=O)O)CC3,4.0,1.0,1.0,0.75,Low,1,0,1,0,0,1,oxidative_stress,moa,0.75,oxidative_stress,"Compound annotation contains keyword 'True' (or related pathway term), suggesting relevance to MSD node oxidative_stress.",10.52,6.54,12.0,Prostanoid DP receptor antagonist,ANTAGONIST,0.0,0.0,0.0,0.0,0.0,0.75,0.0
CHEMBL4297392,IOWH-032,O=C(NCc1ccc(Oc2ccccc2)cc1)c1nc(-c2cc(Br)c(O)c(Br)c2)no1,2.0,0.0,0.0,0.75,Low,1,0,1,0,0,1,oxidative_stress,moa,0.75,oxidative_stress,"Compound annotation contains keyword 'True' (or related pathway term), suggesting relevance to MSD node oxidative_stress.",,,0.0,Cystic fibrosis transmembrane conductance regulator inhibitor,INHIBITOR,0.0,0.0,0.0,0.0,0.0,0.75,0.0
CHEMBL4297514,IMEGLIMIN,C[C@H]1N=C(N(C)C)N=C(N)N1,2.0,0.0,0.0,0.75,Low,1,0,1,0,0,1,oxidative_stress,moa,0.75,oxidative_stress,"Compound annotation contains keyword 'True' (or related pathway term), suggesting relevance to MSD node oxidative_stress.",,,0.0,Modulates mitochondrial respiratory chain and ROS,,0.0,0.0,0.0,0.0,0.0,0.75,0.0
CHEMBL4303389,NS-018,C[C@H](Nc1cc(-c2cnn(C)c2)cc(Nc2cnccn2)n1)c1ccc(F)cc1,2.0,0.0,0.0,0.75,Low,1,0,1,0,0,1,oxidative_stress,moa,0.75,oxidative_stress,"Compound annotation contains keyword 'True' (or related pathway term), suggesting relevance to MSD node oxidative_stress.",9.57,7.67,4.0,Tyrosine-protein kinase JAK2 inhibitor,INHIBITOR,0.0,0.0,0.0,0.0,0.0,0.75,0.0
CHEMBL455186,TREOSULFAN,CS(=O)(=O)OC[C@H](O)[C@@H](O)COS(C)(=O)=O,4.0,0.0,1.0,0.75,Low,1,0,1,0,0,1,oxidative_stress,moa,0.75,oxidative_stress,"Compound annotation contains keyword 'True' (or related pathway term), suggesting relevance to MSD node oxidative_stress.",,,0.0,DNA cross-linking agent,CROSS-LINKING AGENT,0.0,0.0,0.0,0.0,0.0,0.75,0.0
CHEMBL494,ILOPROST,CC#CCC(C)[C@H](O)/C=C/[C@@H]1[C@H]2C/C(=C/CCCC(=O)O)C[C@H]2C[C@H]1O,4.0,0.0,1.0,0.75,Low,1,0,1,0,0,1,oxidative_stress,moa,0.75,oxidative_stress,"Compound annotation contains keyword 'True' (or related pathway term), suggesting relevance to MSD node oxidative_stress.",9.52,8.08,5.0,Prostanoid IP receptor agonist,AGONIST,0.0,0.0,0.0,0.0,0.0,0.75,0.0
CHEMBL495,ALPROSTADIL,CCCCC[C@H](O)/C=C/[C@H]1[C@H](O)CC(=O)[C@@H]1CCCCCCC(=O)O,4.0,0.0,1.0,0.75,Low,1,0,1,0,0,1,oxidative_stress,moa,0.75,oxidative_stress,"Compound annotation contains keyword 'True' (or related pathway term), suggesting relevance to MSD node oxidative_stress.",8.74,7.66,10.0,Prostanoid EP1 receptor agonist; Prostanoid EP2 receptor agonist,AGONIST,0.0,0.0,0.0,0.0,0.0,0.75,0.0
CHEMBL495727,AT-9283,O=C(Nc1c[nH]nc1-c1nc2ccc(CN3CCOCC3)cc2[nH]1)NC1CC1,2.0,0.0,0.0,0.75,Low,1,0,1,0,0,1,oxidative_stress,moa,0.75,oxidative_stress,"Compound annotation contains keyword 'True' (or related pathway term), suggesting relevance to MSD node oxidative_stress.",9.0,7.21,125.0,Tyrosine-protein kinase ABL inhibitor; Serine/threonine-protein kinase Aurora-A inhibitor; Serine/threonine-protein kinase Aurora-B inhibitor; Tyrosine-protein kinase receptor FLT3 inhibitor; Tyrosine-protein kinase JAK2 inhibitor; Tyrosine-protein kinase JAK3 inhibitor,INHIBITOR,0.0,0.0,0.0,0.0,0.0,0.75,0.0
CHEMBL515271,R-112,Oc1cccc(Nc2ncc(F)c(Nc3cccc(O)c3)n2)c1,2.0,0.0,0.0,0.75,Low,1,0,1,0,0,1,oxidative_stress,moa,0.75,oxidative_stress,"Compound annotation contains keyword 'True' (or related pathway term), suggesting relevance to MSD node oxidative_stress.",7.02,6.455,1.0,Tyrosine-protein kinase SYK inhibitor,INHIBITOR,0.0,0.0,0.0,0.0,0.0,0.75,0.0
CHEMBL535,SUNITINIB,CCN(CC)CCNC(=O)c1c(C)[nH]c(/C=C2\C(=O)Nc3ccc(F)cc32)c1C,4.0,0.0,1.0,0.75,Low,1,0,1,0,0,1,oxidative_stress,moa,0.75,oxidative_stress,"Compound annotation contains keyword 'True' (or related pathway term), suggesting relevance to MSD node oxidative_stress.",10.12,6.52,328.0,Macrophage colony stimulating factor receptor inhibitor; Vascular endothelial growth factor receptor 2 inhibitor; Stem cell growth factor receptor inhibitor; Platelet-derived growth factor receptor beta inhibitor; Platelet-derived growth factor receptor alpha inhibitor; Vascular endothelial growth factor receptor 1 inhibitor; Vascular endothelial growth factor receptor 3 inhibitor; Tyrosine-protein kinase receptor FLT3 inhibitor; Tyrosine-protein kinase receptor RET inhibitor,INHIBITOR,0.0,0.0,0.0,0.0,0.0,0.75,0.0
CHEMBL544,MEQUINOL,COc1ccc(O)cc1,4.0,0.0,1.0,0.75,Low,1,0,1,0,0,1,oxidative_stress,moa,0.75,oxidative_stress,"Compound annotation contains keyword 'True' (or related pathway term), suggesting relevance to MSD node oxidative_stress.",,,0.0,Tyrosinase inhibitor,INHIBITOR,0.0,0.0,0.0,0.0,0.0,0.75,0.0
CHEMBL548,DINOPROSTONE,CCCCC[C@H](O)/C=C/[C@H]1[C@H](O)CC(=O)[C@@H]1C/C=C\CCCC(=O)O,4.0,0.0,1.0,0.75,Low,1,0,1,0,0,1,oxidative_stress,moa,0.75,oxidative_stress,"Compound annotation contains keyword 'True' (or related pathway term), suggesting relevance to MSD node oxidative_stress.",10.7,8.48,16.0,Prostaglandin E2 receptor agonist,AGONIST,0.0,0.0,0.0,0.0,0.0,0.75,0.0
CHEMBL563646,EVATANEPAG,CC(C)(C)c1ccc(CN(Cc2cccc(OCC(=O)O)c2)S(=O)(=O)c2cccnc2)cc1,2.0,0.0,0.0,0.75,Low,1,0,1,0,0,1,oxidative_stress,moa,0.75,oxidative_stress,"Compound annotation contains keyword 'True' (or related pathway term), suggesting relevance to MSD node oxidative_stress.",9.52,7.800000000000001,2.0,Prostanoid EP2 receptor agonist,AGONIST,0.0,0.0,0.0,0.0,0.0,0.75,0.0
CHEMBL571546,TIRBANIBULIN,O=C(Cc1ccc(-c2ccc(OCCN3CCOCC3)cc2)cn1)NCc1ccccc1,4.0,0.0,1.0,0.75,Low,1,0,1,0,0,1,oxidative_stress,moa,0.75,oxidative_stress,"Compound annotation contains keyword 'True' (or related pathway term), suggesting relevance to MSD node oxidative_stress.",8.19,7.7,3.0,Tyrosine-protein kinase SRC inhibitor,INHIBITOR,0.0,0.0,0.0,0.0,0.0,0.75,0.0
CHEMBL572881,MOTESANIB,CC1(C)CNc2cc(NC(=O)c3cccnc3NCc3ccncc3)ccc21,3.0,0.0,0.0,0.75,Low,1,0,1,0,0,1,oxidative_stress,moa,0.75,oxidative_stress,"Compound annotation contains keyword 'True' (or related pathway term), suggesting relevance to MSD node oxidative_stress.",9.0,6.415,46.0,Stem cell growth factor receptor inhibitor; Tyrosine-protein kinase receptor RET inhibitor; Vascular endothelial growth factor receptor inhibitor; Platelet-derived growth factor receptor inhibitor,INHIBITOR,0.0,0.0,0.0,0.0,0.0,0.75,0.0
CHEMBL576982,QUIZARTINIB,CC(C)(C)c1cc(NC(=O)Nc2ccc(-c3cn4c(n3)sc3cc(OCCN5CCOCC5)ccc34)cc2)no1,4.0,0.0,1.0,0.75,Low,1,0,1,0,0,1,oxidative_stress,moa,0.75,oxidative_stress,"Compound annotation contains keyword 'True' (or related pathway term), suggesting relevance to MSD node oxidative_stress.",9.7,7.39,54.0,Macrophage colony stimulating factor receptor inhibitor; Tyrosine-protein kinase receptor FLT3 inhibitor; Stem cell growth factor receptor inhibitor; Platelet-derived growth factor receptor inhibitor; Tyrosine-protein kinase receptor RET inhibitor,INHIBITOR,0.0,0.0,0.0,0.0,0.0,0.75,0.0
CHEMBL587723,AEE-788,CCN1CCN(Cc2ccc(-c3cc4c(N[C@H](C)c5ccccc5)ncnc4[nH]3)cc2)CC1,2.0,0.0,0.0,0.75,Low,1,0,1,0,0,1,oxidative_stress,moa,0.75,oxidative_stress,"Compound annotation contains keyword 'True' (or related pathway term), suggesting relevance to MSD node oxidative_stress.",8.7,6.2,16.0,Epidermal growth factor receptor erbB1 inhibitor; Receptor protein-tyrosine kinase erbB-2 inhibitor; Vascular endothelial growth factor receptor 2 inhibitor; Vascular endothelial growth factor receptor 1 inhibitor,INHIBITOR,0.0,0.0,0.0,0.0,0.0,0.75,0.0
CHEMBL598797,CUDC-101,C#Cc1cccc(Nc2ncnc3cc(OC)c(OCCCCCCC(=O)NO)cc23)c1,1.0,0.0,0.0,0.75,Low,1,0,1,0,0,1,oxidative_stress,moa,0.75,oxidative_stress,"Compound annotation contains keyword 'True' (or related pathway term), suggesting relevance to MSD node oxidative_stress.",8.62,7.05,26.0,Epidermal growth factor receptor erbB1 inhibitor; Receptor protein-tyrosine kinase erbB-2 inhibitor; Histone deacetylase inhibitor,INHIBITOR,0.0,0.0,0.0,0.0,0.0,0.75,0.0
CHEMBL8030,TOLIMIDONE,Cc1cccc(Oc2cnc(=O)[nH]c2)c1,2.0,0.0,0.0,0.75,Low,1,0,1,0,0,1,oxidative_stress,moa,0.75,oxidative_stress,"Compound annotation contains keyword 'True' (or related pathway term), suggesting relevance to MSD node oxidative_stress.",7.2,7.2,1.0,Tyrosine-protein kinase Lyn positive allosteric modulator,POSITIVE ALLOSTERIC MODULATOR,0.0,0.0,0.0,0.0,0.0,0.75,0.0
CHEMBL80830,BUCILLAMINE,CC(C)(S)C(=O)N[C@@H](CS)C(=O)O,3.0,0.0,0.0,0.75,Low,1,0,1,0,0,1,oxidative_stress,moa,0.75,oxidative_stress,"Compound annotation contains keyword 'True' (or related pathway term), suggesting relevance to MSD node oxidative_stress.",,,0.0,Antioxidant,,0.0,0.0,0.0,0.0,0.0,0.75,0.0
CHEMBL889,PALIFOSFAMIDE,O=P(O)(NCCCl)NCCCl,3.0,0.0,0.0,0.75,Low,1,0,1,0,0,1,oxidative_stress,moa,0.75,oxidative_stress,"Compound annotation contains keyword 'True' (or related pathway term), suggesting relevance to MSD node oxidative_stress.",,,0.0,DNA cross-linking agent,CROSS-LINKING AGENT,0.0,0.0,0.0,0.0,0.0,0.75,0.0
CHEMBL101,PHENYLBUTAZONE,CCCCC1C(=O)N(c2ccccc2)N(c2ccccc2)C1=O,4.0,1.0,1.0,0.5,Low,1,0,0,1,0,1,oxidative_stress,pathway,0.5,oxidative_stress,"Compound annotation contains keyword 'True' (or related pathway term), suggesting relevance to MSD node oxidative_stress.",10.0,5.47,4.0,Cyclooxygenase inhibitor,INHIBITOR,0.0,0.0,0.0,0.0,0.0,0.5,0.0
CHEMBL101253,VATALANIB,Clc1ccc(Nc2nnc(Cc3ccncc3)c3ccccc23)cc1,3.0,0.0,0.0,0.5,Low,1,0,0,1,0,1,oxidative_stress,pathway,0.5,oxidative_stress,"Compound annotation contains keyword 'True' (or related pathway term), suggesting relevance to MSD node oxidative_stress.",8.29,6.85,19.0,Stem cell growth factor receptor inhibitor; Platelet-derived growth factor receptor inhibitor; Vascular endothelial growth factor receptor inhibitor; Macrophage colony stimulating factor receptor inhibitor,INHIBITOR,0.0,0.0,0.0,0.0,0.0,0.5,0.0
CHEMBL1016,CANDESARTAN,CCOc1nc2cccc(C(=O)O)c2n1Cc1ccc(-c2ccccc2-c2nnn[nH]2)cc1,3.0,0.0,0.0,0.5,Low,1,0,0,1,0,1,oxidative_stress,pathway,0.5,oxidative_stress,"Compound annotation contains keyword 'True' (or related pathway term), suggesting relevance to MSD node oxidative_stress.",9.4,6.96,13.0,Type-1 angiotensin II receptor antagonist,ANTAGONIST,0.0,0.0,0.0,0.0,0.0,0.5,0.0
CHEMBL1020,TOLMETIN,Cc1ccc(C(=O)c2ccc(CC(=O)O)n2C)cc1,4.0,0.0,1.0,0.5,Low,1,0,0,1,0,1,oxidative_stress,pathway,0.5,oxidative_stress,"Compound annotation contains keyword 'True' (or related pathway term), suggesting relevance to MSD node oxidative_stress.",7.39,6.755,5.0,,,0.0,0.0,0.0,0.0,0.0,0.5,0.0
CHEMBL103667,DORAMAPIMOD,Cc1ccc(-n2nc(C(C)(C)C)cc2NC(=O)Nc2ccc(OCCN3CCOCC3)c3ccccc23)cc1,2.0,0.0,0.0,0.5,Low,1,0,0,1,0,1,oxidative_stress,pathway,0.5,oxidative_stress,"Compound annotation contains keyword 'True' (or related pathway term), suggesting relevance to MSD node oxidative_stress.",10.34,6.24,87.0,MAP kinase p38 alpha inhibitor,INHIBITOR,0.0,0.0,0.0,0.0,0.0,0.5,0.0
CHEMBL1064,SIMVASTATIN,CCC(C)(C)C(=O)O[C@H]1C[C@@H](C)C=C2C=C[C@H](C)[C@H](CC[C@@H]3C[C@@H](O)CC(=O)O3)[C@H]21,4.0,0.0,1.0,0.5,Low,1,0,0,1,0,1,oxidative_stress,pathway,0.5,oxidative_stress,"Compound annotation contains keyword 'True' (or related pathway term), suggesting relevance to MSD node oxidative_stress.",9.05,5.65,20.0,HMG-CoA reductase inhibitor,INHIBITOR,0.0,0.0,0.0,0.0,0.0,0.5,0.0
CHEMBL1070,NABUMETONE,COc1ccc2cc(CCC(C)=O)ccc2c1,4.0,0.0,1.0,0.5,Low,1,0,0,1,0,1,oxidative_stress,pathway,0.5,oxidative_stress,"Compound annotation contains keyword 'True' (or related pathway term), suggesting relevance to MSD node oxidative_stress.",6.4,5.73,4.0,Cyclooxygenase-2 inhibitor,INHIBITOR,0.0,0.0,0.0,0.0,0.0,0.5,0.0
CHEMBL1071,OXAPROZIN,O=C(O)CCc1nc(-c2ccccc2)c(-c2ccccc2)o1,4.0,0.0,1.0,0.5,Low,1,0,0,1,0,1,oxidative_stress,pathway,0.5,oxidative_stress,"Compound annotation contains keyword 'True' (or related pathway term), suggesting relevance to MSD node oxidative_stress.",7.08,6.09,11.0,Cyclooxygenase inhibitor,INHIBITOR,0.0,0.0,0.0,0.0,0.0,0.5,0.0
CHEMBL1077,BROMFENAC,Nc1c(CC(=O)O)cccc1C(=O)c1ccc(Br)cc1,4.0,1.0,1.0,0.5,Low,1,0,0,1,0,1,oxidative_stress,pathway,0.5,oxidative_stress,"Compound annotation contains keyword 'True' (or related pathway term), suggesting relevance to MSD node oxidative_stress.",8.32,8.120000000000001,2.0,,,0.0,0.0,0.0,0.0,0.0,0.5,0.0
CHEMBL108084,FAGOMINE,OC[C@H]1NCC[C@@H](O)[C@@H]1O,,0.0,0.0,0.5,Low,1,0,0,1,0,1,oxidative_stress,pathway,0.5,oxidative_stress,"Compound annotation contains keyword 'True' (or related pathway term), suggesting relevance to MSD node oxidative_stress.",5.68,5.68,1.0,,,0.0,0.0,0.0,0.0,0.0,0.5,0.0
CHEMBL1084546,PF-00562271,CN(c1ncccc1CNc1nc(Nc2ccc3c(c2)CC(=O)N3)ncc1C(F)(F)F)S(C)(=O)=O,1.0,0.0,0.0,0.5,Low,1,0,0,1,0,1,oxidative_stress,pathway,0.5,oxidative_stress,"Compound annotation contains keyword 'True' (or related pathway term), suggesting relevance to MSD node oxidative_stress.",9.2,6.3,123.0,Focal adhesion kinase 1 inhibitor,INHIBITOR,0.0,0.0,0.0,0.0,0.0,0.5,0.0
CHEMBL1085699,MANIDIPINE 6300,COC(=O)C1=C(C)NC(C)=C(C(=O)OCCN2CCN(C(c3ccccc3)c3ccccc3)CC2)C1c1cccc([N+](=O)[O-])c1,3.0,0.0,0.0,0.5,Low,1,0,0,1,0,1,oxidative_stress,pathway,0.5,oxidative_stress,"Compound annotation contains keyword 'True' (or related pathway term), suggesting relevance to MSD node oxidative_stress.",6.52,5.22,12.0,Voltage-gated L-type calcium channel blocker,BLOCKER,0.0,0.0,0.0,0.0,0.0,0.5,0.0
CHEMBL1088977,ADEMETIONINE,C[S+](CC[C@H](N)C(=O)[O-])C[C@H]1O[C@@H](n2cnc3c(N)ncnc32)[C@H](O)[C@@H]1O,3.0,0.0,1.0,0.5,Low,1,0,0,1,0,1,oxidative_stress,pathway,0.5,oxidative_stress,"Compound annotation contains keyword 'True' (or related pathway term), suggesting relevance to MSD node oxidative_stress.",8.4,5.455,4.0,,,0.0,0.0,0.0,0.0,0.0,0.5,0.0
CHEMBL1089,PHENELZINE,NNCCc1ccccc1,4.0,0.0,1.0,0.5,Low,1,0,0,1,0,1,oxidative_stress,pathway,0.5,oxidative_stress,"Compound annotation contains keyword 'True' (or related pathway term), suggesting relevance to MSD node oxidative_stress.",7.7,6.025,13.0,,,0.0,0.0,0.0,0.0,0.0,0.5,0.0
CHEMBL1089318,OPICAPONE,Cc1c(Cl)c(C)[n+]([O-])c(Cl)c1-c1noc(-c2cc(O)c(O)c([N+](=O)[O-])c2)n1,4.0,0.0,1.0,0.5,Low,1,0,0,1,0,1,oxidative_stress,pathway,0.5,oxidative_stress,"Compound annotation contains keyword 'True' (or related pathway term), suggesting relevance to MSD node oxidative_stress.",9.0,8.41,3.0,Catechol O-methyltransferase inhibitor,INHIBITOR,0.0,0.0,0.0,0.0,0.0,0.5,0.0
CHEMBL1090090,VX-702,NC(=O)c1ccc(N(C(N)=O)c2c(F)cccc2F)nc1-c1ccc(F)cc1F,2.0,0.0,0.0,0.5,Low,1,0,0,1,0,1,oxidative_stress,pathway,0.5,oxidative_stress,"Compound annotation contains keyword 'True' (or related pathway term), suggesting relevance to MSD node oxidative_stress.",9.52,7.04,13.0,MAP kinase p38 alpha inhibitor,INHIBITOR,0.0,0.0,0.0,0.0,0.0,0.5,0.0
CHEMBL1090479,GSK-1070916,CCn1cc(-c2ccnc3[nH]c(-c4cccc(CN(C)C)c4)cc23)c(-c2ccc(NC(=O)N(C)C)cc2)n1,1.0,0.0,0.0,0.5,Low,1,0,0,1,0,1,oxidative_stress,pathway,0.5,oxidative_stress,"Compound annotation contains keyword 'True' (or related pathway term), suggesting relevance to MSD node oxidative_stress.",9.42,7.16,42.0,Serine/threonine-protein kinase Aurora-B inhibitor; Serine/threonine-protein kinase Aurora-C inhibitor,INHIBITOR,0.0,0.0,0.0,0.0,0.0,0.5,0.0
CHEMBL1091644,LINSITINIB,C[C@]1(O)C[C@@H](c2nc(-c3ccc4ccc(-c5ccccc5)nc4c3)c3c(N)nccn32)C1,3.0,0.0,0.0,0.5,Low,1,0,0,1,0,1,oxidative_stress,pathway,0.5,oxidative_stress,"Compound annotation contains keyword 'True' (or related pathway term), suggesting relevance to MSD node oxidative_stress.",8.7,7.12,21.0,Insulin-like growth factor I receptor inhibitor; Insulin receptor inhibitor,INHIBITOR,0.0,0.0,0.0,0.0,0.0,0.5,0.0
CHEMBL1092926,NVP-BSK805,Fc1cc(-c2cccc3ncc(-c4cnn(C5CCNCC5)c4)nc23)cc(F)c1CN1CCOCC1,,0.0,0.0,0.5,Low,1,0,0,1,0,1,oxidative_stress,pathway,0.5,oxidative_stress,"Compound annotation contains keyword 'True' (or related pathway term), suggesting relevance to MSD node oxidative_stress.",9.32,7.73,5.0,,,0.0,0.0,0.0,0.0,0.0,0.5,0.0
CHEMBL1094636,NIRAPARIB,NC(=O)c1cccc2cn(-c3ccc([C@@H]4CCCNC4)cc3)nc12,4.0,0.0,1.0,0.5,Low,1,0,0,1,0,1,oxidative_stress,pathway,0.5,oxidative_stress,"Compound annotation contains keyword 'True' (or related pathway term), suggesting relevance to MSD node oxidative_stress.",9.0,6.95,14.0,Poly [ADP-ribose] polymerase 2 inhibitor; Poly [ADP-ribose] polymerase-1 inhibitor,INHIBITOR,0.0,0.0,0.0,0.0,0.0,0.5,0.0
CHEMBL109480,TANESPIMYCIN,C=CCNC1=C2C[C@@H](C)C[C@H](OC)[C@H](O)[C@@H](C)/C=C(\C)[C@H](OC(N)=O)[C@@H](OC)/C=C\C=C(/C)C(=O)NC(=CC1=O)C2=O,3.0,0.0,0.0,0.5,Low,1,0,0,1,0,1,oxidative_stress,pathway,0.5,oxidative_stress,"Compound annotation contains keyword 'True' (or related pathway term), suggesting relevance to MSD node oxidative_stress.",8.34,6.585,11.0,Heat shock protein HSP90 inhibitor,INHIBITOR,0.0,0.0,0.0,0.0,0.0,0.5,0.0
CHEMBL1096283,walrycin-B,Cn1nc(-c2ccc(C(F)(F)F)cc2)nc2c(=O)n(C)c(=O)nc1-2,,0.0,0.0,0.5,Low,1,0,0,1,0,1,oxidative_stress,pathway,0.5,oxidative_stress,"Compound annotation contains keyword 'True' (or related pathway term), suggesting relevance to MSD node oxidative_stress.",6.58,6.58,2.0,,,0.0,0.0,0.0,0.0,0.0,0.5,0.0
CHEMBL1096435,Ro-281675,CS(=O)(=O)c1ccc([C@@H](CC2CCCC2)C(=O)Nc2nccs2)cc1,,0.0,0.0,0.5,Low,1,0,0,1,0,1,oxidative_stress,pathway,0.5,oxidative_stress,"Compound annotation contains keyword 'True' (or related pathway term), suggesting relevance to MSD node oxidative_stress.",6.63,6.3,2.0,,,0.0,0.0,0.0,0.0,0.0,0.5,0.0
CHEMBL1096979,BENSERAZIDE,NC(CO)C(=O)NNCc1ccc(O)c(O)c1O,3.0,0.0,1.0,0.5,Low,1,0,0,1,0,1,oxidative_stress,pathway,0.5,oxidative_stress,"Compound annotation contains keyword 'True' (or related pathway term), suggesting relevance to MSD node oxidative_stress.",6.85,5.69,6.0,DOPA decarboxylase inhibitor,INHIBITOR,0.0,0.0,0.0,0.0,0.0,0.5,0.0
CHEMBL1101,BIPERIDEN,OC(CCN1CCCCC1)(c1ccccc1)C1CC2C=CC1C2,4.0,0.0,1.0,0.5,Low,1,0,0,1,0,1,oxidative_stress,pathway,0.5,oxidative_stress,"Compound annotation contains keyword 'True' (or related pathway term), suggesting relevance to MSD node oxidative_stress.",8.63,7.49,6.0,,,0.0,0.0,0.0,0.0,0.0,0.5,0.0
CHEMBL1112,ARIPIPRAZOLE,O=C1CCc2ccc(OCCCCN3CCN(c4cccc(Cl)c4Cl)CC3)cc2N1,4.0,0.0,1.0,0.5,Low,1,0,0,1,0,1,oxidative_stress,pathway,0.5,oxidative_stress,"Compound annotation contains keyword 'True' (or related pathway term), suggesting relevance to MSD node oxidative_stress.",9.7,7.5,54.0,Dopamine D2 receptor partial agonist; Serotonin 1a (5-HT1a) receptor partial agonist; Serotonin 2a (5-HT2a) receptor antagonist,PARTIAL AGONIST; ANTAGONIST,0.0,0.0,0.0,0.0,0.0,0.5,0.0
CHEMBL1131,ACITRETIN,COc1cc(C)c(/C=C/C(C)=C/C=C/C(C)=C/C(=O)O)c(C)c1C,4.0,0.0,1.0,0.5,Low,1,0,0,1,0,1,oxidative_stress,pathway,0.5,oxidative_stress,"Compound annotation contains keyword 'True' (or related pathway term), suggesting relevance to MSD node oxidative_stress.",6.29,5.34,3.0,Retinoid receptor agonist,AGONIST,0.0,0.0,0.0,0.0,0.0,0.5,0.0
CHEMBL1138,EZETIMIBE,O=C1[C@H](CC[C@H](O)c2ccc(F)cc2)[C@@H](c2ccc(O)cc2)N1c1ccc(F)cc1,4.0,0.0,1.0,0.5,Low,1,0,0,1,0,1,oxidative_stress,pathway,0.5,oxidative_stress,"Compound annotation contains keyword 'True' (or related pathway term), suggesting relevance to MSD node oxidative_stress.",6.7,5.2,7.0,Niemann-Pick C1-like protein 1 inhibitor,INHIBITOR,0.0,0.0,0.0,0.0,0.0,0.5,0.0
CHEMBL1171837,PONATINIB,Cc1ccc(C(=O)Nc2ccc(CN3CCN(C)CC3)c(C(F)(F)F)c2)cc1C#Cc1cnc2cccnn12,4.0,0.0,1.0,0.5,Low,1,0,0,1,0,1,oxidative_stress,pathway,0.5,oxidative_stress,"Compound annotation contains keyword 'True' (or related pathway term), suggesting relevance to MSD node oxidative_stress.",10.3,8.03,88.0,,,0.0,0.0,0.0,0.0,0.0,0.5,0.0
CHEMBL1173055,RUCAPARIB,CNCc1ccc(-c2[nH]c3cc(F)cc4c3c2CCNC4=O)cc1,4.0,0.0,1.0,0.5,Low,1,0,0,1,0,1,oxidative_stress,pathway,0.5,oxidative_stress,"Compound annotation contains keyword 'True' (or related pathway term), suggesting relevance to MSD node oxidative_stress.",9.4,7.564999999999999,21.0,"PARP 1, 2 and 3 inhibitor",INHIBITOR,0.0,0.0,0.0,0.0,0.0,0.5,0.0
CHEMBL1173655,AFATINIB,CN(C)C/C=C/C(=O)Nc1cc2c(Nc3ccc(F)c(Cl)c3)ncnc2cc1O[C@H]1CCOC1,4.0,0.0,1.0,0.5,Low,1,0,0,1,0,1,oxidative_stress,pathway,0.5,oxidative_stress,"Compound annotation contains keyword 'True' (or related pathway term), suggesting relevance to MSD node oxidative_stress.",10.1,7.92,45.0,,,0.0,0.0,0.0,0.0,0.0,0.5,0.0
CHEMBL118,CELECOXIB,Cc1ccc(-c2cc(C(F)(F)F)nn2-c2ccc(S(N)(=O)=O)cc2)cc1,4.0,0.0,1.0,0.5,Low,1,0,0,1,0,1,oxidative_stress,pathway,0.5,oxidative_stress,"Compound annotation contains keyword 'True' (or related pathway term), suggesting relevance to MSD node oxidative_stress.",9.33,6.82,55.0,Cyclooxygenase-2 inhibitor,INHIBITOR,0.0,0.0,0.0,0.0,0.0,0.5,0.0
CHEMBL118109,tyrphostin-AG-825,COc1cc(/C=C(\C#N)C(N)=O)cc(CSc2nc3ccccc3s2)c1O,,0.0,0.0,0.5,Low,1,0,0,1,0,1,oxidative_stress,pathway,0.5,oxidative_stress,"Compound annotation contains keyword 'True' (or related pathway term), suggesting relevance to MSD node oxidative_stress.",7.6,5.9,5.0,,,0.0,0.0,0.0,0.0,0.0,0.5,0.0
CHEMBL1186894,AMRUBICIN,CC(=O)[C@]1(N)Cc2c(O)c3c(c(O)c2[C@@H](O[C@H]2C[C@H](O)[C@H](O)CO2)C1)C(=O)c1ccccc1C3=O,3.0,0.0,0.0,0.5,Low,1,0,0,1,0,1,oxidative_stress,pathway,0.5,oxidative_stress,"Compound annotation contains keyword 'True' (or related pathway term), suggesting relevance to MSD node oxidative_stress.",5.55,5.495,1.0,DNA topoisomerase II alpha inhibitor,INHIBITOR,0.0,0.0,0.0,0.0,0.0,0.5,0.0
CHEMBL119385,NEFLAMAPIMOD,O=c1ncn2nc(Sc3ccc(F)cc3F)ccc2c1-c1c(Cl)cccc1Cl,2.0,0.0,0.0,0.5,Low,1,0,0,1,0,1,oxidative_stress,pathway,0.5,oxidative_stress,"Compound annotation contains keyword 'True' (or related pathway term), suggesting relevance to MSD node oxidative_stress.",8.55,5.8,28.0,MAP kinase p38 alpha inhibitor,INHIBITOR,0.0,0.0,0.0,0.0,0.0,0.5,0.0
CHEMBL1196,PROPARACAINE,CCCOc1ccc(C(=O)OCCN(CC)CC)cc1N,4.0,0.0,1.0,0.5,Low,1,0,0,1,0,1,oxidative_stress,pathway,0.5,oxidative_stress,"Compound annotation contains keyword 'True' (or related pathway term), suggesting relevance to MSD node oxidative_stress.",7.0,5.89,8.0,,,0.0,0.0,0.0,0.0,0.0,0.5,0.0
CHEMBL1200,BENOXINATE,CCCCOc1cc(C(=O)OCCN(CC)CC)ccc1N,4.0,0.0,1.0,0.5,Low,1,0,0,1,0,1,oxidative_stress,pathway,0.5,oxidative_stress,"Compound annotation contains keyword 'True' (or related pathway term), suggesting relevance to MSD node oxidative_stress.",6.4,5.225,6.0,,,0.0,0.0,0.0,0.0,0.0,0.5,0.0
CHEMBL1200558,BACITRACIN,CC[C@H](C)[C@H](N)C1=N[C@H](C(=O)N[C@@H](CC(C)C)C(=O)N[C@H](CCC(=O)O)C(=O)N[C@H](C(=O)N[C@H]2CCCCNC(=O)[C@H](CC(N)=O)NC(=O)[C@@H](CC(=O)O)NC(=O)[C@H](Cc3cnc[nH]3)NC(=O)[C@@H](Cc3ccccc3)NC(=O)[C@H]([C@@H](C)CC)NC(=O)[C@@H](CCCN)NC2=O)[C@@H](C)CC)CS1,4.0,0.0,1.0,0.5,Low,1,0,0,1,0,1,oxidative_stress,pathway,0.5,oxidative_stress,"Compound annotation contains keyword 'True' (or related pathway term), suggesting relevance to MSD node oxidative_stress.",5.87,5.53,4.0,C55-isoprenyl pyrophosphate inhibitor,INHIBITOR,0.0,0.0,0.0,0.0,0.0,0.5,0.0
CHEMBL1200585,OXYMETHOLONE,C[C@]12C/C(=C/O)C(=O)C[C@@H]1CC[C@@H]1[C@@H]2CC[C@@]2(C)[C@H]1CC[C@]2(C)O,4.0,0.0,1.0,0.5,Low,1,0,0,1,0,1,oxidative_stress,pathway,0.5,oxidative_stress,"Compound annotation contains keyword 'True' (or related pathway term), suggesting relevance to MSD node oxidative_stress.",6.86,6.07,3.0,Androgen Receptor agonist,AGONIST,0.0,0.0,0.0,0.0,0.0,0.5,0.0
CHEMBL1200624,ETHYNODIOL DIACETATE,C#C[C@]1(OC(C)=O)CC[C@H]2[C@@H]3CCC4=C[C@@H](OC(C)=O)CC[C@@H]4[C@H]3CC[C@@]21C,4.0,0.0,1.0,0.5,Low,1,0,0,1,0,1,oxidative_stress,pathway,0.5,oxidative_stress,"Compound annotation contains keyword 'True' (or related pathway term), suggesting relevance to MSD node oxidative_stress.",7.89,5.54,9.0,Progesterone receptor agonist,AGONIST,0.0,0.0,0.0,0.0,0.0,0.5,0.0
CHEMBL1200666,CALCIPOTRIENE,C=C1/C(=C\C=C2/CCC[C@]3(C)[C@@H]([C@H](C)/C=C/[C@@H](O)C4CC4)CC[C@@H]23)C[C@@H](O)C[C@@H]1O,4.0,0.0,1.0,0.5,Low,1,0,0,1,0,1,oxidative_stress,pathway,0.5,oxidative_stress,"Compound annotation contains keyword 'True' (or related pathway term), suggesting relevance to MSD node oxidative_stress.",9.51,5.415,4.0,Vitamin D receptor agonist,AGONIST,0.0,0.0,0.0,0.0,0.0,0.5,0.0
CHEMBL1200761,CHLOROTRIANISENE,COc1ccc(C(Cl)=C(c2ccc(OC)cc2)c2ccc(OC)cc2)cc1,4.0,0.0,1.0,0.5,Low,1,0,0,1,0,1,oxidative_stress,pathway,0.5,oxidative_stress,"Compound annotation contains keyword 'True' (or related pathway term), suggesting relevance to MSD node oxidative_stress.",7.11,6.795,3.0,Estrogen receptor beta modulator,MODULATOR,0.0,0.0,0.0,0.0,0.0,0.5,0.0
CHEMBL1200934,NORGESTIMATE,C#C[C@]1(OC(C)=O)CC[C@H]2[C@@H]3CCC4=C/C(=N/O)CC[C@@H]4[C@H]3CC[C@@]21CC,4.0,0.0,1.0,0.5,Low,1,0,0,1,0,1,oxidative_stress,pathway,0.5,oxidative_stress,"Compound annotation contains keyword 'True' (or related pathway term), suggesting relevance to MSD node oxidative_stress.",7.7,5.42,6.0,Progesterone receptor agonist,AGONIST,0.0,0.0,0.0,0.0,0.0,0.5,0.0
CHEMBL1200973,ESTRADIOL CYPIONATE,C[C@]12CC[C@@H]3c4ccc(O)cc4CC[C@H]3[C@@H]1CC[C@@H]2OC(=O)CCC1CCCC1,4.0,0.0,1.0,0.5,Low,1,0,0,1,0,1,oxidative_stress,pathway,0.5,oxidative_stress,"Compound annotation contains keyword 'True' (or related pathway term), suggesting relevance to MSD node oxidative_stress.",6.42,5.78,5.0,Estrogen receptor alpha agonist,AGONIST,0.0,0.0,0.0,0.0,0.0,0.5,0.0
CHEMBL1201196,SERTACONAZOLE,Clc1ccc(C(Cn2ccnc2)OCc2csc3c(Cl)cccc23)c(Cl)c1,4.0,0.0,1.0,0.5,Low,1,0,0,1,0,1,oxidative_stress,pathway,0.5,oxidative_stress,"Compound annotation contains keyword 'True' (or related pathway term), suggesting relevance to MSD node oxidative_stress.",7.7,5.45,17.0,,,0.0,0.0,0.0,0.0,0.0,0.5,0.0
CHEMBL1201213,ISOETHARINE,CCC(NC(C)C)C(O)c1ccc(O)c(O)c1,4.0,0.0,1.0,0.5,Low,1,0,0,1,0,1,oxidative_stress,pathway,0.5,oxidative_stress,"Compound annotation contains keyword 'True' (or related pathway term), suggesting relevance to MSD node oxidative_stress.",6.18,5.51,4.0,,,0.0,0.0,0.0,0.0,0.0,0.5,0.0
CHEMBL1201303,PYRVINIUM,Cc1cc(/C=C/c2ccc3cc(N(C)C)ccc3[n+]2C)c(C)n1-c1ccccc1,4.0,0.0,1.0,0.5,Low,1,0,0,1,0,1,oxidative_stress,pathway,0.5,oxidative_stress,"Compound annotation contains keyword 'True' (or related pathway term), suggesting relevance to MSD node oxidative_stress.",9.0,5.52,26.0,,,0.0,0.0,0.0,0.0,0.0,0.5,0.0
CHEMBL12014,HARMAN,Cc1nccc2c1[nH]c1ccccc12,,0.0,0.0,0.5,Low,1,0,0,1,0,1,oxidative_stress,pathway,0.5,oxidative_stress,"Compound annotation contains keyword 'True' (or related pathway term), suggesting relevance to MSD node oxidative_stress.",7.54,5.300000000000001,6.0,,,0.0,0.0,0.0,0.0,0.0,0.5,0.0
CHEMBL1201784,HEXAMINOLEVULINATE,CCCCCCOC(=O)CCC(=O)CN,4.0,0.0,0.0,0.5,Low,1,0,0,1,0,1,oxidative_stress,pathway,0.5,oxidative_stress,"Compound annotation contains keyword 'True' (or related pathway term), suggesting relevance to MSD node oxidative_stress.",5.03,5.03,1.0,,,0.0,0.0,0.0,0.0,0.0,0.5,0.0
CHEMBL1201794,RIBOFLAVIN 5'-PHOSPHATE,Cc1cc2nc3c(=O)[nH]c(=O)nc-3n(C[C@H](O)[C@H](O)[C@H](O)COP(=O)(O)O)c2cc1C,4.0,0.0,1.0,0.5,Low,1,0,0,1,0,1,oxidative_stress,pathway,0.5,oxidative_stress,"Compound annotation contains keyword 'True' (or related pathway term), suggesting relevance to MSD node oxidative_stress.",6.05,5.484999999999999,4.0,,,0.0,0.0,0.0,0.0,0.0,0.5,0.0
CHEMBL1206690,PARECOXIB,CCC(=O)NS(=O)(=O)c1ccc(-c2c(-c3ccccc3)noc2C)cc1,4.0,0.0,1.0,0.5,Low,1,0,0,1,0,1,oxidative_stress,pathway,0.5,oxidative_stress,"Compound annotation contains keyword 'True' (or related pathway term), suggesting relevance to MSD node oxidative_stress.",8.3,8.3,1.0,Cyclooxygenase-2 inhibitor,INHIBITOR,0.0,0.0,0.0,0.0,0.0,0.5,0.0
CHEMBL121,ROSIGLITAZONE,CN(CCOc1ccc(CC2SC(=O)NC2=O)cc1)c1ccccn1,4.0,1.0,1.0,0.5,Low,1,0,0,1,0,1,oxidative_stress,pathway,0.5,oxidative_stress,"Compound annotation contains keyword 'True' (or related pathway term), suggesting relevance to MSD node oxidative_stress.",9.64,7.0,17.0,Peroxisome proliferator-activated receptor gamma agonist,AGONIST,0.0,0.0,0.0,0.0,0.0,0.5,0.0
CHEMBL12131,CLOSANTEL,Cc1cc(C(C#N)c2ccc(Cl)cc2)c(Cl)cc1NC(=O)c1cc(I)cc(I)c1O,2.0,0.0,0.0,0.5,Low,1,0,0,1,0,1,oxidative_stress,pathway,0.5,oxidative_stress,"Compound annotation contains keyword 'True' (or related pathway term), suggesting relevance to MSD node oxidative_stress.",7.27,5.745,23.0,,,0.0,0.0,0.0,0.0,0.0,0.5,0.0
CHEMBL1214141,GNF-7,Cc1ccc(Nc2ncc3c(n2)N(C)C(=O)N(c2cc(NC(=O)c4cccc(C(F)(F)F)c4)ccc2C)C3)cn1,,0.0,0.0,0.5,Low,1,0,0,1,0,1,oxidative_stress,pathway,0.5,oxidative_stress,"Compound annotation contains keyword 'True' (or related pathway term), suggesting relevance to MSD node oxidative_stress.",9.01,7.72,7.0,,,0.0,0.0,0.0,0.0,0.0,0.5,0.0
CHEMBL121626,TOLFENAMIC ACID,Cc1c(Cl)cccc1Nc1ccccc1C(=O)O,2.0,0.0,1.0,0.5,Low,1,0,0,1,0,1,oxidative_stress,pathway,0.5,oxidative_stress,"Compound annotation contains keyword 'True' (or related pathway term), suggesting relevance to MSD node oxidative_stress.",8.1,5.675,10.0,,,0.0,0.0,0.0,0.0,0.0,0.5,0.0
CHEMBL1219,RABEPRAZOLE,COCCCOc1ccnc(C[S+]([O-])c2nc3ccccc3[nH]2)c1C,4.0,0.0,1.0,0.5,Low,1,0,0,1,0,1,oxidative_stress,pathway,0.5,oxidative_stress,"Compound annotation contains keyword 'True' (or related pathway term), suggesting relevance to MSD node oxidative_stress.",6.54,5.49,14.0,,,0.0,0.0,0.0,0.0,0.0,0.5,0.0
CHEMBL1221,SULCONAZOLE,Clc1ccc(CSC(Cn2ccnc2)c2ccc(Cl)cc2Cl)cc1,4.0,0.0,1.0,0.5,Low,1,0,0,1,0,1,oxidative_stress,pathway,0.5,oxidative_stress,"Compound annotation contains keyword 'True' (or related pathway term), suggesting relevance to MSD node oxidative_stress.",7.8,5.695,33.0,,,0.0,0.0,0.0,0.0,0.0,0.5,0.0
CHEMBL1224,ACRIVASTINE,Cc1ccc(/C(=C\CN2CCCC2)c2cccc(/C=C/C(=O)O)n2)cc1,4.0,0.0,1.0,0.5,Low,1,0,0,1,0,1,oxidative_stress,pathway,0.5,oxidative_stress,"Compound annotation contains keyword 'True' (or related pathway term), suggesting relevance to MSD node oxidative_stress.",6.77,5.64,5.0,Histamine H1 receptor antagonist,ANTAGONIST,0.0,0.0,0.0,0.0,0.0,0.5,0.0
CHEMBL1228,OXYPHENBUTAZONE ANHYDROUS,CCCCC1C(=O)N(c2ccccc2)N(c2ccc(O)cc2)C1=O,4.0,1.0,1.0,0.5,Low,1,0,0,1,0,1,oxidative_stress,pathway,0.5,oxidative_stress,"Compound annotation contains keyword 'True' (or related pathway term), suggesting relevance to MSD node oxidative_stress.",9.52,7.314999999999999,2.0,,,0.0,0.0,0.0,0.0,0.0,0.5,0.0
CHEMBL1229517,VEMURAFENIB,CCCS(=O)(=O)Nc1ccc(F)c(C(=O)c2c[nH]c3ncc(-c4ccc(Cl)cc4)cc23)c1F,4.0,0.0,1.0,0.5,Low,1,0,0,1,0,1,oxidative_stress,pathway,0.5,oxidative_stress,"Compound annotation contains keyword 'True' (or related pathway term), suggesting relevance to MSD node oxidative_stress.",8.68,7.235,23.0,Serine/threonine-protein kinase B-raf inhibitor,INHIBITOR,0.0,0.0,0.0,0.0,0.0,0.5,0.0
CHEMBL1229592,WZ-4002,C=CC(=O)Nc1cccc(Oc2nc(Nc3ccc(N4CCN(C)CC4)cc3OC)ncc2Cl)c1,,0.0,0.0,0.5,Low,1,0,0,1,0,1,oxidative_stress,pathway,0.5,oxidative_stress,"Compound annotation contains keyword 'True' (or related pathway term), suggesting relevance to MSD node oxidative_stress.",10.4,7.619999999999999,20.0,,,0.0,0.0,0.0,0.0,0.0,0.5,0.0
CHEMBL1230165,SILMITASERTIB,O=C(O)c1ccc2c(c1)nc(Nc1cccc(Cl)c1)c1ccncc12,2.0,0.0,0.0,0.5,Low,1,0,0,1,0,1,oxidative_stress,pathway,0.5,oxidative_stress,"Compound annotation contains keyword 'True' (or related pathway term), suggesting relevance to MSD node oxidative_stress.",9.66,7.39,53.0,Casein kinase II alpha inhibitor,INHIBITOR,0.0,0.0,0.0,0.0,0.0,0.5,0.0
CHEMBL1230714,K02288,COc1cc(-c2cc(-c3cccc(O)c3)cnc2N)cc(OC)c1OC,,0.0,0.0,0.5,Low,1,0,0,1,0,1,oxidative_stress,pathway,0.5,oxidative_stress,"Compound annotation contains keyword 'True' (or related pathway term), suggesting relevance to MSD node oxidative_stress.",8.96,6.28,4.0,,,0.0,0.0,0.0,0.0,0.0,0.5,0.0
CHEMBL1235103,PPY-A,COc1ccccc1-c1c[nH]c2ncc(-c3cncc(C(=O)N(C)C)c3)cc12,,0.0,0.0,0.5,Low,1,0,0,1,0,1,oxidative_stress,pathway,0.5,oxidative_stress,"Compound annotation contains keyword 'True' (or related pathway term), suggesting relevance to MSD node oxidative_stress.",7.7,7.7,1.0,,,0.0,0.0,0.0,0.0,0.0,0.5,0.0
CHEMBL1235786,Mps1-IN-1,COc1cc(N2CCC(O)CC2)ccc1Nc1cc(Nc2ccccc2S(=O)(=O)C(C)C)c2cc[nH]c2n1,,0.0,0.0,0.5,Low,1,0,0,1,0,1,oxidative_stress,pathway,0.5,oxidative_stress,"Compound annotation contains keyword 'True' (or related pathway term), suggesting relevance to MSD node oxidative_stress.",7.68,6.19,13.0,,,0.0,0.0,0.0,0.0,0.0,0.5,0.0
CHEMBL1236107,SGX-523,Cn1cc(-c2ccc3nnc(Sc4ccc5ncccc5c4)n3n2)cn1,1.0,0.0,0.0,0.5,Low,1,0,0,1,0,1,oxidative_stress,pathway,0.5,oxidative_stress,"Compound annotation contains keyword 'True' (or related pathway term), suggesting relevance to MSD node oxidative_stress.",9.72,5.72,9.0,Hepatocyte growth factor receptor inhibitor,INHIBITOR,0.0,0.0,0.0,0.0,0.0,0.5,0.0
CHEMBL1236620,KH-CB19,CCOC(=O)c1c(/C(C#N)=C\N)c2ccc(Cl)c(Cl)c2n1C,,0.0,0.0,0.5,Low,1,0,0,1,0,1,oxidative_stress,pathway,0.5,oxidative_stress,"Compound annotation contains keyword 'True' (or related pathway term), suggesting relevance to MSD node oxidative_stress.",8.55,7.279999999999999,6.0,,,0.0,0.0,0.0,0.0,0.0,0.5,0.0
CHEMBL1236904,CCT137690,Cc1cc(CN2CCN(c3c(Br)cnc4nc(-c5ccc(N6CCN(C)CC6)cc5)[nH]c34)CC2)no1,,0.0,0.0,0.5,Low,1,0,0,1,0,1,oxidative_stress,pathway,0.5,oxidative_stress,"Compound annotation contains keyword 'True' (or related pathway term), suggesting relevance to MSD node oxidative_stress.",8.92,6.67,3.0,,,0.0,0.0,0.0,0.0,0.0,0.5,0.0
CHEMBL1240885,CGP-57380,Nc1ncnc2[nH]nc(Nc3ccc(F)cc3)c12,,0.0,0.0,0.5,Low,1,0,0,1,0,1,oxidative_stress,pathway,0.5,oxidative_stress,"Compound annotation contains keyword 'True' (or related pathway term), suggesting relevance to MSD node oxidative_stress.",6.47,5.8,10.0,,,0.0,0.0,0.0,0.0,0.0,0.5,0.0
CHEMBL1254682,LEVALLORPHAN,C=CCN1CC[C@]23CCCC[C@H]2[C@H]1Cc1ccc(O)cc13,4.0,0.0,1.0,0.5,Low,1,0,0,1,0,1,oxidative_stress,pathway,0.5,oxidative_stress,"Compound annotation contains keyword 'True' (or related pathway term), suggesting relevance to MSD node oxidative_stress.",9.32,8.77,4.0,,,0.0,0.0,0.0,0.0,0.0,0.5,0.0
CHEMBL1256672,CV-1808,Nc1nc(Nc2ccccc2)nc2c1ncn2[C@@H]1O[C@H](CO)[C@@H](O)[C@H]1O,,0.0,0.0,0.5,Low,1,0,0,1,0,1,oxidative_stress,pathway,0.5,oxidative_stress,"Compound annotation contains keyword 'True' (or related pathway term), suggesting relevance to MSD node oxidative_stress.",8.04,6.23,4.0,,,0.0,0.0,0.0,0.0,0.0,0.5,0.0
CHEMBL1257051,TEDIZOLID,Cn1nnc(-c2ccc(-c3ccc(N4C[C@H](CO)OC4=O)cc3F)cn2)n1,3.0,0.0,1.0,0.5,Low,1,0,0,1,0,1,oxidative_stress,pathway,0.5,oxidative_stress,"Compound annotation contains keyword 'True' (or related pathway term), suggesting relevance to MSD node oxidative_stress.",5.24,5.15,2.0,Bacterial 70S ribosome inhibitor,INHIBITOR,0.0,0.0,0.0,0.0,0.0,0.5,0.0
CHEMBL1257423,GNF-5,O=C(NCCO)c1cccc(-c2cc(Nc3ccc(OC(F)(F)F)cc3)ncn2)c1,,0.0,0.0,0.5,Low,1,0,0,1,0,1,oxidative_stress,pathway,0.5,oxidative_stress,"Compound annotation contains keyword 'True' (or related pathway term), suggesting relevance to MSD node oxidative_stress.",7.77,6.2,2.0,,,0.0,0.0,0.0,0.0,0.0,0.5,0.0
CHEMBL126,LINEZOLID,CC(=O)NC[C@H]1CN(c2ccc(N3CCOCC3)c(F)c2)C(=O)O1,4.0,0.0,1.0,0.5,Low,1,0,0,1,0,1,oxidative_stress,pathway,0.5,oxidative_stress,"Compound annotation contains keyword 'True' (or related pathway term), suggesting relevance to MSD node oxidative_stress.",6.8,5.16,5.0,Bacterial 70S ribosome inhibitor,INHIBITOR,0.0,0.0,0.0,0.0,0.0,0.5,0.0
CHEMBL126077,INDIRUBIN-3-MONOXIME,O=Nc1c(-c2c(O)[nH]c3ccccc23)[nH]c2ccccc12,,0.0,0.0,0.5,Low,1,0,0,1,0,1,oxidative_stress,pathway,0.5,oxidative_stress,"Compound annotation contains keyword 'True' (or related pathway term), suggesting relevance to MSD node oxidative_stress.",7.75,7.0,14.0,,,0.0,0.0,0.0,0.0,0.0,0.5,0.0
CHEMBL1262,OXICONAZOLE,Clc1ccc(CO/N=C(\Cn2ccnc2)c2ccc(Cl)cc2Cl)c(Cl)c1,4.0,0.0,1.0,0.5,Low,1,0,0,1,0,1,oxidative_stress,pathway,0.5,oxidative_stress,"Compound annotation contains keyword 'True' (or related pathway term), suggesting relevance to MSD node oxidative_stress.",7.4,5.57,30.0,,,0.0,0.0,0.0,0.0,0.0,0.5,0.0
CHEMBL127516,BUTAMBEN,CCCCOC(=O)c1ccc(N)cc1,4.0,1.0,0.0,0.5,Low,1,0,0,1,0,1,oxidative_stress,pathway,0.5,oxidative_stress,"Compound annotation contains keyword 'True' (or related pathway term), suggesting relevance to MSD node oxidative_stress.",6.5,5.609999999999999,4.0,Transient receptor potential cation channel subfamily V member 4 inhibitor; Transient receptor potential cation channel subfamily A member 1 inhibitor,INHIBITOR,0.0,0.0,0.0,0.0,0.0,0.5,0.0
CHEMBL1287854,ruxolitinib-(S),N#CC[C@@H](C1CCCC1)n1cc(-c2ncnc3[nH]ccc23)cn1,,0.0,0.0,0.5,Low,1,0,0,1,0,1,oxidative_stress,pathway,0.5,oxidative_stress,"Compound annotation contains keyword 'True' (or related pathway term), suggesting relevance to MSD node oxidative_stress.",8.3,8.3,1.0,,,0.0,0.0,0.0,0.0,0.0,0.5,0.0
CHEMBL1289926,AXITINIB,CNC(=O)c1ccccc1Sc1ccc2c(/C=C/c3ccccn3)n[nH]c2c1,4.0,0.0,1.0,0.5,Low,1,0,0,1,0,1,oxidative_stress,pathway,0.5,oxidative_stress,"Compound annotation contains keyword 'True' (or related pathway term), suggesting relevance to MSD node oxidative_stress.",10.7,6.14,109.0,Vascular endothelial growth factor receptor inhibitor,INHIBITOR,0.0,0.0,0.0,0.0,0.0,0.5,0.0
CHEMBL1293,BETA CAROTENE,CC1=C(/C=C/C(C)=C/C=C/C(C)=C/C=C/C=C(C)/C=C/C=C(C)/C=C/C2=C(C)CCCC2(C)C)C(C)(C)CCC1,4.0,0.0,0.0,0.5,Low,1,0,0,1,0,1,oxidative_stress,pathway,0.5,oxidative_stress,"Compound annotation contains keyword 'True' (or related pathway term), suggesting relevance to MSD node oxidative_stress.",5.28,5.1850000000000005,1.0,,,0.0,0.0,0.0,0.0,0.0,0.5,0.0
CHEMBL1297,FENOPROFEN,CC(C(=O)O)c1cccc(Oc2ccccc2)c1,4.0,0.0,1.0,0.5,Low,1,0,0,1,0,1,oxidative_stress,pathway,0.5,oxidative_stress,"Compound annotation contains keyword 'True' (or related pathway term), suggesting relevance to MSD node oxidative_stress.",6.84,6.33,1.0,,,0.0,0.0,0.0,0.0,0.0,0.5,0.0
CHEMBL1310336,ML193,Cc1cc(C)c2nc(-c3ccccn3)cc(C(=O)Nc3ccc(S(=O)(=O)Nc4onc(C)c4C)cc3)c2c1,,0.0,0.0,0.5,Low,1,0,0,1,0,1,oxidative_stress,pathway,0.5,oxidative_stress,"Compound annotation contains keyword 'True' (or related pathway term), suggesting relevance to MSD node oxidative_stress.",6.87,5.56,4.0,,,0.0,0.0,0.0,0.0,0.0,0.5,0.0
CHEMBL1316,CARPROFEN,CC(C(=O)O)c1ccc2c(c1)[nH]c1ccc(Cl)cc12,4.0,0.0,1.0,0.5,Low,1,0,0,1,0,1,oxidative_stress,pathway,0.5,oxidative_stress,"Compound annotation contains keyword 'True' (or related pathway term), suggesting relevance to MSD node oxidative_stress.",8.28,6.99,4.0,Cyclooxygenase-2 inhibitor,INHIBITOR,0.0,0.0,0.0,0.0,0.0,0.5,0.0
CHEMBL13178,PRAVADOLINE,COc1ccc(C(=O)c2c(C)n(CCN3CCOCC3)c3ccccc23)cc1,2.0,0.0,0.0,0.5,Low,1,0,0,1,0,1,oxidative_stress,pathway,0.5,oxidative_stress,"Compound annotation contains keyword 'True' (or related pathway term), suggesting relevance to MSD node oxidative_stress.",6.34,5.5,3.0,,,0.0,0.0,0.0,0.0,0.0,0.5,0.0
CHEMBL1317823,AH6809,CC(C)Oc1ccc2c(=O)c3cc(C(=O)O)ccc3oc2c1,,0.0,0.0,0.5,Low,1,0,0,1,0,1,oxidative_stress,pathway,0.5,oxidative_stress,"Compound annotation contains keyword 'True' (or related pathway term), suggesting relevance to MSD node oxidative_stress.",5.94,5.92,4.0,,,0.0,0.0,0.0,0.0,0.0,0.5,0.0
CHEMBL1321,PROCARBAZINE,CNNCc1ccc(C(=O)NC(C)C)cc1,4.0,0.0,1.0,0.5,Low,1,0,0,1,0,1,oxidative_stress,pathway,0.5,oxidative_stress,"Compound annotation contains keyword 'True' (or related pathway term), suggesting relevance to MSD node oxidative_stress.",6.52,5.8100000000000005,4.0,,,0.0,0.0,0.0,0.0,0.0,0.5,0.0
CHEMBL1324,TOLCAPONE,Cc1ccc(C(=O)c2cc(O)c(O)c([N+](=O)[O-])c2)cc1,4.0,1.0,1.0,0.5,Low,1,0,0,1,0,1,oxidative_stress,pathway,0.5,oxidative_stress,"Compound annotation contains keyword 'True' (or related pathway term), suggesting relevance to MSD node oxidative_stress.",9.04,6.19,13.0,Catechol O-methyltransferase inhibitor,INHIBITOR,0.0,0.0,0.0,0.0,0.0,0.5,0.0
CHEMBL1337,NITISINONE,O=C1CCCC(=O)C1C(=O)c1ccc(C(F)(F)F)cc1[N+](=O)[O-],4.0,0.0,1.0,0.5,Low,1,0,0,1,0,1,oxidative_stress,pathway,0.5,oxidative_stress,"Compound annotation contains keyword 'True' (or related pathway term), suggesting relevance to MSD node oxidative_stress.",7.43,7.4,3.0,4-hydroxyphenylpyruvate dioxygenase inhibitor,INHIBITOR,0.0,0.0,0.0,0.0,0.0,0.5,0.0
CHEMBL135,ESTRADIOL,C[C@]12CC[C@@H]3c4ccc(O)cc4CC[C@H]3[C@@H]1CC[C@@H]2O,4.0,0.0,1.0,0.5,Low,1,0,0,1,0,1,oxidative_stress,pathway,0.5,oxidative_stress,"Compound annotation contains keyword 'True' (or related pathway term), suggesting relevance to MSD node oxidative_stress.",11.0,8.89,24.0,Estrogen receptor alpha agonist,AGONIST,0.0,0.0,0.0,0.0,0.0,0.5,0.0
CHEMBL1358485,BIBU-1361,CCN(CC)CC1CCN(c2ncc3ncnc(Nc4ccc(F)c(Cl)c4)c3n2)CC1,,0.0,0.0,0.5,Low,1,0,0,1,0,1,oxidative_stress,pathway,0.5,oxidative_stress,"Compound annotation contains keyword 'True' (or related pathway term), suggesting relevance to MSD node oxidative_stress.",8.52,7.529999999999999,2.0,,,0.0,0.0,0.0,0.0,0.0,0.5,0.0
CHEMBL136800,CX516,O=C(c1ccc2nccnc2c1)N1CCCCC1,2.0,0.0,0.0,0.5,Low,1,0,0,1,0,1,oxidative_stress,pathway,0.5,oxidative_stress,"Compound annotation contains keyword 'True' (or related pathway term), suggesting relevance to MSD node oxidative_stress.",7.0,7.0,1.0,,,0.0,0.0,0.0,0.0,0.0,0.5,0.0
CHEMBL13698,BU-224,c1ccc2nc(C3=NCCN3)ccc2c1,,0.0,0.0,0.5,Low,1,0,0,1,0,1,oxidative_stress,pathway,0.5,oxidative_stress,"Compound annotation contains keyword 'True' (or related pathway term), suggesting relevance to MSD node oxidative_stress.",8.8,5.31,4.0,,,0.0,0.0,0.0,0.0,0.0,0.5,0.0
CHEMBL1372341,PIRENOXINE,O=C(O)c1cc(O)c2c3nc4ccccc4oc-3cc(=O)c2n1,2.0,0.0,0.0,0.5,Low,1,0,0,1,0,1,oxidative_stress,pathway,0.5,oxidative_stress,"Compound annotation contains keyword 'True' (or related pathway term), suggesting relevance to MSD node oxidative_stress.",6.14,5.609999999999999,12.0,,,0.0,0.0,0.0,0.0,0.0,0.5,0.0
CHEMBL1378024,PROTIONAMIDE,CCCc1cc(C(N)=S)ccn1,3.0,0.0,1.0,0.5,Low,1,0,0,1,0,1,oxidative_stress,pathway,0.5,oxidative_stress,"Compound annotation contains keyword 'True' (or related pathway term), suggesting relevance to MSD node oxidative_stress.",5.35,5.35,1.0,,,0.0,0.0,0.0,0.0,0.0,0.5,0.0
CHEMBL139,DICLOFENAC,O=C(O)Cc1ccccc1Nc1c(Cl)cccc1Cl,4.0,0.0,1.0,0.5,Low,1,0,0,1,0,1,oxidative_stress,pathway,0.5,oxidative_stress,"Compound annotation contains keyword 'True' (or related pathway term), suggesting relevance to MSD node oxidative_stress.",8.52,7.135,16.0,Cyclooxygenase inhibitor,INHIBITOR,0.0,0.0,0.0,0.0,0.0,0.5,0.0
CHEMBL1397,POSACONAZOLE,CC[C@@H]([C@H](C)O)n1ncn(-c2ccc(N3CCN(c4ccc(OC[C@@H]5CO[C@@](Cn6cncn6)(c6ccc(F)cc6F)C5)cc4)CC3)cc2)c1=O,4.0,0.0,1.0,0.5,Low,1,0,0,1,0,1,oxidative_stress,pathway,0.5,oxidative_stress,"Compound annotation contains keyword 'True' (or related pathway term), suggesting relevance to MSD node oxidative_stress.",7.75,6.88,8.0,Cytochrome P450 51 inhibitor,INHIBITOR,0.0,0.0,0.0,0.0,0.0,0.5,0.0
CHEMBL1397270,Ro-08-2750,Cc1cc2nc3c(=O)[nH]c(=O)nc-3n(C)c2cc1C=O,,0.0,0.0,0.5,Low,1,0,0,1,0,1,oxidative_stress,pathway,0.5,oxidative_stress,"Compound annotation contains keyword 'True' (or related pathway term), suggesting relevance to MSD node oxidative_stress.",6.28,5.73,3.0,,,0.0,0.0,0.0,0.0,0.0,0.5,0.0
CHEMBL140,CURCUMIN,COc1cc(/C=C/C(=O)CC(=O)/C=C/c2ccc(O)c(OC)c2)ccc1O,3.0,0.0,0.0,0.5,Low,1,0,0,1,0,1,oxidative_stress,pathway,0.5,oxidative_stress,"Compound annotation contains keyword 'True' (or related pathway term), suggesting relevance to MSD node oxidative_stress.",9.68,5.475,64.0,,,0.0,0.0,0.0,0.0,0.0,0.5,0.0
CHEMBL1401,NITAZOXANIDE,CC(=O)Oc1ccccc1C(=O)Nc1ncc([N+](=O)[O-])s1,4.0,0.0,1.0,0.5,Low,1,0,0,1,0,1,oxidative_stress,pathway,0.5,oxidative_stress,"Compound annotation contains keyword 'True' (or related pathway term), suggesting relevance to MSD node oxidative_stress.",8.51,5.18,30.0,Pyruvate:ferredoxin oxidoreductase inhibitor,INHIBITOR,0.0,0.0,0.0,0.0,0.0,0.5,0.0
CHEMBL142652,PICEID,OC[C@H]1O[C@@H](Oc2cc(O)cc(/C=C/c3ccc(O)cc3)c2)[C@H](O)[C@@H](O)[C@@H]1O,2.0,0.0,0.0,0.5,Low,1,0,0,1,0,1,oxidative_stress,pathway,0.5,oxidative_stress,"Compound annotation contains keyword 'True' (or related pathway term), suggesting relevance to MSD node oxidative_stress.",5.51,5.4350000000000005,2.0,,,0.0,0.0,0.0,0.0,0.0,0.5,0.0
CHEMBL1430,PENICILLAMINE,CC(C)(S)[C@@H](N)C(=O)O,4.0,0.0,1.0,0.5,Low,1,0,0,1,0,1,oxidative_stress,pathway,0.5,oxidative_stress,"Compound annotation contains keyword 'True' (or related pathway term), suggesting relevance to MSD node oxidative_stress.",6.08,6.0600000000000005,1.0,Copper chelating agent,CHELATING AGENT,0.0,0.0,0.0,0.0,0.0,0.5,0.0
CHEMBL1437,NOREPINEPHRINE,NC[C@H](O)c1ccc(O)c(O)c1,4.0,0.0,1.0,0.5,Low,1,0,0,1,0,1,oxidative_stress,pathway,0.5,oxidative_stress,"Compound annotation contains keyword 'True' (or related pathway term), suggesting relevance to MSD node oxidative_stress.",8.92,6.43,24.0,,,0.0,0.0,0.0,0.0,0.0,0.5,0.0
CHEMBL1440,TETRACYCLINE,CN(C)[C@@H]1C(O)=C(C(N)=O)C(=O)[C@@]2(O)C(O)=C3C(=O)c4c(O)cccc4[C@@](C)(O)[C@H]3C[C@@H]12,4.0,0.0,1.0,0.5,Low,1,0,0,1,0,1,oxidative_stress,pathway,0.5,oxidative_stress,"Compound annotation contains keyword 'True' (or related pathway term), suggesting relevance to MSD node oxidative_stress.",5.22,5.15,2.0,Bacterial 70S ribosome inhibitor,INHIBITOR,0.0,0.0,0.0,0.0,0.0,0.5,0.0
CHEMBL1441,ETHIONAMIDE,CCc1cc(C(N)=S)ccn1,4.0,0.0,1.0,0.5,Low,1,0,0,1,0,1,oxidative_stress,pathway,0.5,oxidative_stress,"Compound annotation contains keyword 'True' (or related pathway term), suggesting relevance to MSD node oxidative_stress.",5.4,5.4,1.0,Enoyl-[acyl-carrier-protein] reductase inhibitor,INHIBITOR,0.0,0.0,0.0,0.0,0.0,0.5,0.0
CHEMBL1448,NICLOSAMIDE,O=C(Nc1ccc([N+](=O)[O-])cc1Cl)c1cc(Cl)ccc1O,4.0,0.0,1.0,0.5,Low,1,0,0,1,0,1,oxidative_stress,pathway,0.5,oxidative_stress,"Compound annotation contains keyword 'True' (or related pathway term), suggesting relevance to MSD node oxidative_stress.",7.55,5.835,11.0,DNA inhibitor,INHIBITOR,0.0,0.0,0.0,0.0,0.0,0.5,0.0
CHEMBL145,CAFFEIC ACID,O=C(O)/C=C/c1ccc(O)c(O)c1,3.0,0.0,0.0,0.5,Low,1,0,0,1,0,1,oxidative_stress,pathway,0.5,oxidative_stress,"Compound annotation contains keyword 'True' (or related pathway term), suggesting relevance to MSD node oxidative_stress.",8.0,5.47,23.0,,,0.0,0.0,0.0,0.0,0.0,0.5,0.0
CHEMBL1454946,FLUBENDAZOLE,COC(=O)Nc1nc2cc(C(=O)c3ccc(F)cc3)ccc2[nH]1,2.0,0.0,0.0,0.5,Low,1,0,0,1,0,1,oxidative_stress,pathway,0.5,oxidative_stress,"Compound annotation contains keyword 'True' (or related pathway term), suggesting relevance to MSD node oxidative_stress.",6.41,5.66,3.0,,,0.0,0.0,0.0,0.0,0.0,0.5,0.0
CHEMBL14638,CIPROXIFAN,O=C(c1ccc(OCCCc2c[nH]cn2)cc1)C1CC1,,0.0,0.0,0.5,Low,1,0,0,1,0,1,oxidative_stress,pathway,0.5,oxidative_stress,"Compound annotation contains keyword 'True' (or related pathway term), suggesting relevance to MSD node oxidative_stress.",9.31,7.31,6.0,,,0.0,0.0,0.0,0.0,0.0,0.5,0.0
CHEMBL1475,TRIOXSALEN,Cc1cc2cc3c(C)cc(=O)oc3c(C)c2o1,4.0,0.0,1.0,0.5,Low,1,0,0,1,0,1,oxidative_stress,pathway,0.5,oxidative_stress,"Compound annotation contains keyword 'True' (or related pathway term), suggesting relevance to MSD node oxidative_stress.",6.14,5.91,5.0,DNA inhibitor,INHIBITOR,0.0,0.0,0.0,0.0,0.0,0.5,0.0
CHEMBL14762,SELICICLIB,CC[C@H](CO)Nc1nc(NCc2ccccc2)c2ncn(C(C)C)c2n1,2.0,0.0,0.0,0.5,Low,1,0,0,1,0,1,oxidative_stress,pathway,0.5,oxidative_stress,"Compound annotation contains keyword 'True' (or related pathway term), suggesting relevance to MSD node oxidative_stress.",9.34,6.244999999999999,42.0,Cyclin-dependent kinase 2 inhibitor; Cyclin-dependent kinase 7 inhibitor; Cyclin-dependent kinase 9 inhibitor; Cyclin-dependent kinase 1 inhibitor; Cyclin-dependent kinase 5 inhibitor,INHIBITOR,0.0,0.0,0.0,0.0,0.0,0.5,0.0
CHEMBL1476605,CLOFOCTOL,CC(C)(C)CC(C)(C)c1ccc(O)c(Cc2ccc(Cl)cc2Cl)c1,2.0,0.0,0.0,0.5,Low,1,0,0,1,0,1,oxidative_stress,pathway,0.5,oxidative_stress,"Compound annotation contains keyword 'True' (or related pathway term), suggesting relevance to MSD node oxidative_stress.",5.95,5.46,10.0,,,0.0,0.0,0.0,0.0,0.0,0.5,0.0
CHEMBL1478,LITHOCHOLIC ACID,C[C@H](CCC(=O)O)[C@H]1CC[C@H]2[C@@H]3CC[C@@H]4C[C@H](O)CC[C@]4(C)[C@H]3CC[C@]12C,,0.0,0.0,0.5,Low,1,0,0,1,0,1,oxidative_stress,pathway,0.5,oxidative_stress,"Compound annotation contains keyword 'True' (or related pathway term), suggesting relevance to MSD node oxidative_stress.",7.74,5.57,7.0,,,0.0,0.0,0.0,0.0,0.0,0.5,0.0
CHEMBL150,KAEMPFEROL,O=c1c(O)c(-c2ccc(O)cc2)oc2cc(O)cc(O)c12,1.0,0.0,0.0,0.5,Low,1,0,0,1,0,1,oxidative_stress,pathway,0.5,oxidative_stress,"Compound annotation contains keyword 'True' (or related pathway term), suggesting relevance to MSD node oxidative_stress.",8.9,5.62,43.0,,,0.0,0.0,0.0,0.0,0.0,0.5,0.0
CHEMBL1503,OMEPRAZOLE,COc1ccc2[nH]c([S+]([O-])Cc3ncc(C)c(OC)c3C)nc2c1,4.0,0.0,1.0,0.5,Low,1,0,0,1,0,1,oxidative_stress,pathway,0.5,oxidative_stress,"Compound annotation contains keyword 'True' (or related pathway term), suggesting relevance to MSD node oxidative_stress.",6.6,5.52,9.0,Potassium-transporting ATPase inhibitor,INHIBITOR,0.0,0.0,0.0,0.0,0.0,0.5,0.0
CHEMBL151,LUTEOLIN,O=c1cc(-c2ccc(O)c(O)c2)oc2cc(O)cc(O)c12,2.0,0.0,0.0,0.5,Low,1,0,0,1,0,1,oxidative_stress,pathway,0.5,oxidative_stress,"Compound annotation contains keyword 'True' (or related pathway term), suggesting relevance to MSD node oxidative_stress.",8.33,5.52,69.0,,,0.0,0.0,0.0,0.0,0.0,0.5,0.0
CHEMBL1511,ESTRADIOL VALERATE,CCCCC(=O)O[C@H]1CC[C@H]2[C@@H]3CCc4cc(O)ccc4[C@H]3CC[C@]12C,4.0,0.0,1.0,0.5,Low,1,0,0,1,0,1,oxidative_stress,pathway,0.5,oxidative_stress,"Compound annotation contains keyword 'True' (or related pathway term), suggesting relevance to MSD node oxidative_stress.",7.34,6.025,6.0,Estrogen receptor alpha agonist,AGONIST,0.0,0.0,0.0,0.0,0.0,0.5,0.0
CHEMBL1515,METHIMAZOLE,Cn1ccnc1S,4.0,0.0,1.0,0.5,Low,1,0,0,1,0,1,oxidative_stress,pathway,0.5,oxidative_stress,"Compound annotation contains keyword 'True' (or related pathway term), suggesting relevance to MSD node oxidative_stress.",6.29,6.27,3.0,Thyroid peroxidase inhibitor,INHIBITOR,0.0,0.0,0.0,0.0,0.0,0.5,0.0
CHEMBL1518,PROPYLTHIOURACIL,CCCc1cc(=O)[nH]c(=S)[nH]1,4.0,0.0,1.0,0.5,Low,1,0,0,1,0,1,oxidative_stress,pathway,0.5,oxidative_stress,"Compound annotation contains keyword 'True' (or related pathway term), suggesting relevance to MSD node oxidative_stress.",5.7,5.28,5.0,Thyroid peroxidase inhibitor; Type I iodothyronine deiodinase (Type-I 5'-deiodinase) (DIOI) (Type 1 DI) (5DI) inhibitor,INHIBITOR,0.0,0.0,0.0,0.0,0.0,0.5,0.0
CHEMBL15192,LAPACHONE,CC1(C)CCC2=C(O1)c1ccccc1C(=O)C2=O,2.0,0.0,0.0,0.5,Low,1,0,0,1,0,1,oxidative_stress,pathway,0.5,oxidative_stress,"Compound annotation contains keyword 'True' (or related pathway term), suggesting relevance to MSD node oxidative_stress.",7.0,5.92,12.0,,,0.0,0.0,0.0,0.0,0.0,0.5,0.0
CHEMBL1524273,PHTHALYLSULFATHIAZOLE,O=C(O)c1ccccc1C(=O)Nc1ccc(S(=O)(=O)Nc2nccs2)cc1,4.0,1.0,1.0,0.5,Low,1,0,0,1,0,1,oxidative_stress,pathway,0.5,oxidative_stress,"Compound annotation contains keyword 'True' (or related pathway term), suggesting relevance to MSD node oxidative_stress.",8.9,6.975,2.0,,,0.0,0.0,0.0,0.0,0.0,0.5,0.0
CHEMBL153,TROLOX,Cc1c(C)c2c(c(C)c1O)CCC(C)(C(=O)O)O2,,0.0,0.0,0.5,Low,1,0,0,1,0,1,oxidative_stress,pathway,0.5,oxidative_stress,"Compound annotation contains keyword 'True' (or related pathway term), suggesting relevance to MSD node oxidative_stress.",6.89,6.855,2.0,,,0.0,0.0,0.0,0.0,0.0,0.5,0.0
CHEMBL154,NAPROXEN,COc1ccc2cc([C@H](C)C(=O)O)ccc2c1,4.0,0.0,1.0,0.5,Low,1,0,0,1,0,1,oxidative_stress,pathway,0.5,oxidative_stress,"Compound annotation contains keyword 'True' (or related pathway term), suggesting relevance to MSD node oxidative_stress.",7.21,5.9,12.0,Cyclooxygenase inhibitor,INHIBITOR,0.0,0.0,0.0,0.0,0.0,0.5,0.0
CHEMBL1543,GLUTATHIONE,N[C@@H](CCC(=O)N[C@@H](CS)C(=O)NCC(=O)O)C(=O)O,3.0,0.0,0.0,0.5,Low,1,0,0,1,0,1,oxidative_stress,pathway,0.5,oxidative_stress,"Compound annotation contains keyword 'True' (or related pathway term), suggesting relevance to MSD node oxidative_stress.",7.7,6.01,2.0,,,0.0,0.0,0.0,0.0,0.0,0.5,0.0
CHEMBL155103,YZ9,CCOC(=O)c1cc2ccc(O)cc2oc1=O,,0.0,0.0,0.5,Low,1,0,0,1,0,1,oxidative_stress,pathway,0.5,oxidative_stress,"Compound annotation contains keyword 'True' (or related pathway term), suggesting relevance to MSD node oxidative_stress.",7.03,5.9350000000000005,2.0,,,0.0,0.0,0.0,0.0,0.0,0.5,0.0
CHEMBL1561,MIGLITOL,OCCN1C[C@H](O)[C@@H](O)[C@H](O)[C@H]1CO,4.0,0.0,1.0,0.5,Low,1,0,0,1,0,1,oxidative_stress,pathway,0.5,oxidative_stress,"Compound annotation contains keyword 'True' (or related pathway term), suggesting relevance to MSD node oxidative_stress.",6.96,6.0,6.0,Maltase-glucoamylase inhibitor; Lysosomal alpha-glucosidase inhibitor,INHIBITOR,0.0,0.0,0.0,0.0,0.0,0.5,0.0
CHEMBL1565476,APAZONE,CCCC1C(=O)N2C(N(C)C)=Nc3ccc(C)cc3N2C1=O,2.0,0.0,1.0,0.5,Low,1,0,0,1,0,1,oxidative_stress,pathway,0.5,oxidative_stress,"Compound annotation contains keyword 'True' (or related pathway term), suggesting relevance to MSD node oxidative_stress.",5.42,5.21,2.0,Cyclooxygenase inhibitor,INHIBITOR,0.0,0.0,0.0,0.0,0.0,0.5,0.0
CHEMBL1571863,ISOCONAZOLE,Clc1ccc(C(Cn2ccnc2)OCc2c(Cl)cccc2Cl)c(Cl)c1,2.0,0.0,1.0,0.5,Low,1,0,0,1,0,1,oxidative_stress,pathway,0.5,oxidative_stress,"Compound annotation contains keyword 'True' (or related pathway term), suggesting relevance to MSD node oxidative_stress.",6.3,5.4,8.0,,,0.0,0.0,0.0,0.0,0.0,0.5,0.0
CHEMBL15770,SULINDAC,CC1=C(CC(=O)O)c2cc(F)ccc2/C1=C\c1ccc([S+](C)[O-])cc1,4.0,0.0,1.0,0.5,Low,1,0,0,1,0,1,oxidative_stress,pathway,0.5,oxidative_stress,"Compound annotation contains keyword 'True' (or related pathway term), suggesting relevance to MSD node oxidative_stress.",6.7,6.36,7.0,Cyclooxygenase inhibitor,INHIBITOR,0.0,0.0,0.0,0.0,0.0,0.5,0.0
CHEMBL15870,INDOPROFEN,CC(C(=O)O)c1ccc(N2Cc3ccccc3C2=O)cc1,4.0,1.0,0.0,0.5,Low,1,0,0,1,0,1,oxidative_stress,pathway,0.5,oxidative_stress,"Compound annotation contains keyword 'True' (or related pathway term), suggesting relevance to MSD node oxidative_stress.",7.16,6.29,4.0,Cyclooxygenase inhibitor,INHIBITOR,0.0,0.0,0.0,0.0,0.0,0.5,0.0
CHEMBL1604,CEPHRADINE,CC1=C(C(=O)O)N2C(=O)[C@@H](NC(=O)[C@H](N)C3=CCC=CC3)[C@H]2SC1,4.0,0.0,1.0,0.5,Low,1,0,0,1,0,1,oxidative_stress,pathway,0.5,oxidative_stress,"Compound annotation contains keyword 'True' (or related pathway term), suggesting relevance to MSD node oxidative_stress.",5.13,5.07,2.0,Bacterial penicillin-binding protein inhibitor,INHIBITOR,0.0,0.0,0.0,0.0,0.0,0.5,0.0
CHEMBL1604618,ML167,Cc1ccc(CNc2ncnc3ccc(-c4ccc(CO)o4)cc23)o1,,0.0,0.0,0.5,Low,1,0,0,1,0,1,oxidative_stress,pathway,0.5,oxidative_stress,"Compound annotation contains keyword 'True' (or related pathway term), suggesting relevance to MSD node oxidative_stress.",6.87,5.82,4.0,,,0.0,0.0,0.0,0.0,0.0,0.5,0.0
CHEMBL1614710,OSI-930,O=C(Nc1ccc(OC(F)(F)F)cc1)c1sccc1NCc1ccnc2ccccc12,1.0,0.0,0.0,0.5,Low,1,0,0,1,0,1,oxidative_stress,pathway,0.5,oxidative_stress,"Compound annotation contains keyword 'True' (or related pathway term), suggesting relevance to MSD node oxidative_stress.",8.3,7.74,7.0,Stem cell growth factor receptor inhibitor; Vascular endothelial growth factor receptor inhibitor,INHIBITOR,0.0,0.0,0.0,0.0,0.0,0.5,0.0
CHEMBL1614712,NVP-AEW541,Nc1ncnc2c1c(-c1cccc(OCc3ccccc3)c1)cn2[C@H]1C[C@@H](CN2CCC2)C1,,0.0,0.0,0.5,Low,1,0,0,1,0,1,oxidative_stress,pathway,0.5,oxidative_stress,"Compound annotation contains keyword 'True' (or related pathway term), suggesting relevance to MSD node oxidative_stress.",7.7,5.734999999999999,28.0,,,0.0,0.0,0.0,0.0,0.0,0.5,0.0
CHEMBL1614713,CC-401,c1cc(OCCN2CCCCC2)cc(-c2n[nH]c3ccc(-c4nnc[nH]4)cc23)c1,2.0,0.0,0.0,0.5,Low,1,0,0,1,0,1,oxidative_stress,pathway,0.5,oxidative_stress,"Compound annotation contains keyword 'True' (or related pathway term), suggesting relevance to MSD node oxidative_stress.",8.48,6.39,29.0,c-Jun N-terminal kinase 1 inhibitor; c-Jun N-terminal kinase 2 inhibitor; c-Jun N-terminal kinase 3 inhibitor,INHIBITOR,0.0,0.0,0.0,0.0,0.0,0.5,0.0
CHEMBL1617,RIFAXIMIN,CO[C@H]1/C=C/O[C@@]2(C)Oc3c(C)c(O)c4c(O)c(c5c(nc6cc(C)ccn65)c4c3C2=O)NC(=O)/C(C)=C\C=C\[C@H](C)[C@H](O)[C@@H](C)[C@@H](O)[C@@H](C)[C@H](OC(C)=O)[C@@H]1C,4.0,0.0,1.0,0.5,Low,1,0,0,1,0,1,oxidative_stress,pathway,0.5,oxidative_stress,"Compound annotation contains keyword 'True' (or related pathway term), suggesting relevance to MSD node oxidative_stress.",5.66,5.34,7.0,Bacterial DNA-directed RNA polymerase inhibitor,INHIBITOR,0.0,0.0,0.0,0.0,0.0,0.5,0.0
CHEMBL16217,4-tert-butylphenol,CC(C)(C)c1ccc(O)cc1,,0.0,0.0,0.5,Low,1,0,0,1,0,1,oxidative_stress,pathway,0.5,oxidative_stress,"Compound annotation contains keyword 'True' (or related pathway term), suggesting relevance to MSD node oxidative_stress.",5.0,5.0,1.0,,,0.0,0.0,0.0,0.0,0.0,0.5,0.0
CHEMBL1622,FOLIC ACID,Nc1nc(=O)c2nc(CNc3ccc(C(=O)N[C@@H](CCC(=O)O)C(=O)O)cc3)cnc2[nH]1,4.0,0.0,0.0,0.5,Low,1,0,0,1,0,1,oxidative_stress,pathway,0.5,oxidative_stress,"Compound annotation contains keyword 'True' (or related pathway term), suggesting relevance to MSD node oxidative_stress.",6.09,5.34,2.0,,,0.0,0.0,0.0,0.0,0.0,0.5,0.0
CHEMBL1630575,CASPOFUNGIN,CC[C@H](C)C[C@H](C)CCCCCCCCC(=O)N[C@H]1C[C@@H](O)[C@@H](NCCN)NC(=O)[C@@H]2[C@@H](O)CCN2C(=O)[C@H]([C@H](O)CCN)NC(=O)[C@H]([C@H](O)[C@@H](O)c2ccc(O)cc2)NC(=O)[C@@H]2C[C@@H](O)CN2C(=O)[C@H]([C@@H](C)O)NC1=O,4.0,0.0,1.0,0.5,Low,1,0,0,1,0,1,oxidative_stress,pathway,0.5,oxidative_stress,"Compound annotation contains keyword 'True' (or related pathway term), suggesting relevance to MSD node oxidative_stress.",9.62,5.3,8.0,,,0.0,0.0,0.0,0.0,0.0,0.5,0.0
CHEMBL164,MYRICETIN,O=c1c(O)c(-c2cc(O)c(O)c(O)c2)oc2cc(O)cc(O)c12,,0.0,0.0,0.5,Low,1,0,0,1,0,1,oxidative_stress,pathway,0.5,oxidative_stress,"Compound annotation contains keyword 'True' (or related pathway term), suggesting relevance to MSD node oxidative_stress.",9.6,5.77,50.0,,,0.0,0.0,0.0,0.0,0.0,0.5,0.0
CHEMBL1642655,TC-ASK-10,CC(C)(C)c1ccc(C(=O)Nc2cn3cc(-n4ccnc4)ccc3n2)cc1,,0.0,0.0,0.5,Low,1,0,0,1,0,1,oxidative_stress,pathway,0.5,oxidative_stress,"Compound annotation contains keyword 'True' (or related pathway term), suggesting relevance to MSD node oxidative_stress.",7.85,6.08,6.0,,,0.0,0.0,0.0,0.0,0.0,0.5,0.0
CHEMBL1643976,WZ-3146,C=CC(=O)Nc1cccc(Oc2nc(Nc3ccc(N4CCN(C)CC4)cc3)ncc2Cl)c1,,0.0,0.0,0.5,Low,1,0,0,1,0,1,oxidative_stress,pathway,0.5,oxidative_stress,"Compound annotation contains keyword 'True' (or related pathway term), suggesting relevance to MSD node oxidative_stress.",9.4,7.46,5.0,,,0.0,0.0,0.0,0.0,0.0,0.5,0.0
CHEMBL165,RESVERATROL,Oc1ccc(/C=C/c2cc(O)cc(O)c2)cc1,3.0,0.0,0.0,0.5,Low,1,0,0,1,0,1,oxidative_stress,pathway,0.5,oxidative_stress,"Compound annotation contains keyword 'True' (or related pathway term), suggesting relevance to MSD node oxidative_stress.",9.22,5.85,45.0,,,0.0,0.0,0.0,0.0,0.0,0.5,0.0
CHEMBL1650951,TCS-21311,CC(C)(O)C(=O)N1CCN(c2ccc(C(F)(F)F)c(C3=C(c4c[nH]c5ccccc45)C(=O)NC3=O)c2)CC1,,0.0,0.0,0.5,Low,1,0,0,1,0,1,oxidative_stress,pathway,0.5,oxidative_stress,"Compound annotation contains keyword 'True' (or related pathway term), suggesting relevance to MSD node oxidative_stress.",9.3,6.46,8.0,,,0.0,0.0,0.0,0.0,0.0,0.5,0.0
CHEMBL167055,NITECAPONE,CC(=O)C(=Cc1cc(O)c(O)c([N+](=O)[O-])c1)C(C)=O,2.0,0.0,0.0,0.5,Low,1,0,0,1,0,1,oxidative_stress,pathway,0.5,oxidative_stress,"Compound annotation contains keyword 'True' (or related pathway term), suggesting relevance to MSD node oxidative_stress.",7.75,6.92,2.0,,,0.0,0.0,0.0,0.0,0.0,0.5,0.0
CHEMBL1673046,XMD8-92,CCOc1cc(N2CCC(O)CC2)ccc1Nc1ncc2c(n1)N(C)c1ccccc1C(=O)N2C,,0.0,0.0,0.5,Low,1,0,0,1,0,1,oxidative_stress,pathway,0.5,oxidative_stress,"Compound annotation contains keyword 'True' (or related pathway term), suggesting relevance to MSD node oxidative_stress.",7.34,6.44,8.0,,,0.0,0.0,0.0,0.0,0.0,0.5,0.0
CHEMBL168,OLEANOLIC_ACID,CC1(C)CC[C@]2(C(=O)O)CC[C@]3(C)C(=CC[C@@H]4[C@@]5(C)CC[C@H](O)C(C)(C)[C@@H]5CC[C@]43C)[C@@H]2C1,,0.0,0.0,0.5,Low,1,0,0,1,0,1,oxidative_stress,pathway,0.5,oxidative_stress,"Compound annotation contains keyword 'True' (or related pathway term), suggesting relevance to MSD node oxidative_stress.",8.3,5.53,15.0,,,0.0,0.0,0.0,0.0,0.0,0.5,0.0
CHEMBL168276,"3,5-DINITROCATECHOL (OR-486)",O=[N+]([O-])c1cc(O)c(O)c([N+](=O)[O-])c1,,0.0,0.0,0.5,Low,1,0,0,1,0,1,oxidative_stress,pathway,0.5,oxidative_stress,"Compound annotation contains keyword 'True' (or related pathway term), suggesting relevance to MSD node oxidative_stress.",7.92,6.13,3.0,,,0.0,0.0,0.0,0.0,0.0,0.5,0.0
CHEMBL1688861,ML786,CC(C)(N)c1cc(C(=O)N[C@@H]2CCc3ccc(Oc4ccnc5c4CCC(=O)N5)cc3C2)cc(C(F)(F)F)c1,,0.0,0.0,0.5,Low,1,0,0,1,0,1,oxidative_stress,pathway,0.5,oxidative_stress,"Compound annotation contains keyword 'True' (or related pathway term), suggesting relevance to MSD node oxidative_stress.",9.1,8.18,9.0,,,0.0,0.0,0.0,0.0,0.0,0.5,0.0
CHEMBL1689772,OMADACYCLINE,CN(C)c1cc(CNCC(C)(C)C)c(O)c2c1C[C@H]1C[C@H]3[C@H](N(C)C)C(O)=C(C(N)=O)C(=O)[C@@]3(O)C(O)=C1C2=O,4.0,0.0,1.0,0.5,Low,1,0,0,1,0,1,oxidative_stress,pathway,0.5,oxidative_stress,"Compound annotation contains keyword 'True' (or related pathway term), suggesting relevance to MSD node oxidative_stress.",6.8,6.130000000000001,4.0,,,0.0,0.0,0.0,0.0,0.0,0.5,0.0
CHEMBL16901,HONOKIOL,C=CCc1ccc(O)c(-c2ccc(O)c(CC=C)c2)c1,,0.0,0.0,0.5,Low,1,0,0,1,0,1,oxidative_stress,pathway,0.5,oxidative_stress,"Compound annotation contains keyword 'True' (or related pathway term), suggesting relevance to MSD node oxidative_stress.",6.77,5.75,7.0,,,0.0,0.0,0.0,0.0,0.0,0.5,0.0
CHEMBL17,DICHLORPHENAMIDE,NS(=O)(=O)c1cc(Cl)c(Cl)c(S(N)(=O)=O)c1,4.0,0.0,1.0,0.5,Low,1,0,0,1,0,1,oxidative_stress,pathway,0.5,oxidative_stress,"Compound annotation contains keyword 'True' (or related pathway term), suggesting relevance to MSD node oxidative_stress.",8.22,7.3,29.0,Carbonic anhydrase I inhibitor; Carbonic anhydrase II inhibitor; Carbonic anhydrase XII inhibitor; Carbonic anhydrase IV inhibitor,INHIBITOR,0.0,0.0,0.0,0.0,0.0,0.5,0.0
CHEMBL17157,TERFENADINE,CC(C)(C)c1ccc(C(O)CCCN2CCC(C(O)(c3ccccc3)c3ccccc3)CC2)cc1,4.0,1.0,1.0,0.5,Low,1,0,0,1,0,1,oxidative_stress,pathway,0.5,oxidative_stress,"Compound annotation contains keyword 'True' (or related pathway term), suggesting relevance to MSD node oxidative_stress.",9.0,6.035,41.0,Histamine H1 receptor antagonist,ANTAGONIST,0.0,0.0,0.0,0.0,0.0,0.5,0.0
CHEMBL1725279,SP-600125,Oc1c2ccccc2c2c3c(cccc13)N=N2,,0.0,0.0,0.5,Low,1,0,0,1,0,1,oxidative_stress,pathway,0.5,oxidative_stress,"Compound annotation contains keyword 'True' (or related pathway term), suggesting relevance to MSD node oxidative_stress.",8.4,6.33,114.0,,,0.0,0.0,0.0,0.0,0.0,0.5,0.0
CHEMBL1738,DEXRAZOXANE,C[C@@H](CN1CC(=O)NC(=O)C1)N1CC(=O)NC(=O)C1,4.0,0.0,1.0,0.5,Low,1,0,0,1,0,1,oxidative_stress,pathway,0.5,oxidative_stress,"Compound annotation contains keyword 'True' (or related pathway term), suggesting relevance to MSD node oxidative_stress.",5.67,5.445,1.0,Iron sequestering agent; DNA topoisomerase II inhibitor,SEQUESTERING AGENT; INHIBITOR,0.0,0.0,0.0,0.0,0.0,0.5,0.0
CHEMBL1738699,N6022,Cc1cc(C(N)=O)ccc1-n1c(CCC(=O)O)ccc1-c1ccc(-n2ccnc2)cc1,3.0,0.0,0.0,0.5,Low,1,0,0,1,0,1,oxidative_stress,pathway,0.5,oxidative_stress,"Compound annotation contains keyword 'True' (or related pathway term), suggesting relevance to MSD node oxidative_stress.",7.7,7.7,1.0,Alcohol dehydrogenase class III inhibitor,INHIBITOR,0.0,0.0,0.0,0.0,0.0,0.5,0.0
CHEMBL1738758,ONVANSERTIB,CN1CCN(c2ccc(OC(F)(F)F)c(Nc3ncc4c(n3)-c3c(c(C(N)=O)nn3CCO)CC4)c2)CC1,2.0,0.0,0.0,0.5,Low,1,0,0,1,0,1,oxidative_stress,pathway,0.5,oxidative_stress,"Compound annotation contains keyword 'True' (or related pathway term), suggesting relevance to MSD node oxidative_stress.",8.8,6.29,6.0,Serine/threonine-protein kinase PLK1 inhibitor,INHIBITOR,0.0,0.0,0.0,0.0,0.0,0.5,0.0
CHEMBL1738797,ALECTINIB,CCc1cc2c(cc1N1CCC(N3CCOCC3)CC1)C(C)(C)c1[nH]c3cc(C#N)ccc3c1C2=O,4.0,0.0,1.0,0.5,Low,1,0,0,1,0,1,oxidative_stress,pathway,0.5,oxidative_stress,"Compound annotation contains keyword 'True' (or related pathway term), suggesting relevance to MSD node oxidative_stress.",9.23,7.24,29.0,,,0.0,0.0,0.0,0.0,0.0,0.5,0.0
CHEMBL1742428,DONITRIPTAN,N#Cc1ccc(N2CCN(C(=O)COc3ccc4[nH]cc(CCN)c4c3)CC2)cc1,2.0,0.0,0.0,0.5,Low,1,0,0,1,0,1,oxidative_stress,pathway,0.5,oxidative_stress,"Compound annotation contains keyword 'True' (or related pathway term), suggesting relevance to MSD node oxidative_stress.",,,0.0,Serotonin 1b (5-HT1b) receptor agonist; Serotonin 1d (5-HT1d) receptor agonist; G protein-coupled receptor 44 antagonist,AGONIST; ANTAGONIST,0.0,0.0,0.0,0.0,0.0,0.5,0.0
CHEMBL1756,ESTRAMUSTINE PHOSPHATE,C[C@]12CC[C@@H]3c4ccc(OC(=O)N(CCCl)CCCl)cc4CC[C@H]3[C@@H]1CC[C@@H]2OP(=O)(O)O,4.0,0.0,1.0,0.5,Low,1,0,0,1,0,1,oxidative_stress,pathway,0.5,oxidative_stress,"Compound annotation contains keyword 'True' (or related pathway term), suggesting relevance to MSD node oxidative_stress.",5.69,5.11,3.0,,,0.0,0.0,0.0,0.0,0.0,0.5,0.0
CHEMBL1765291,ZALTOPROFEN,CC(C(=O)O)c1ccc2c(c1)CC(=O)c1ccccc1S2,2.0,0.0,0.0,0.5,Low,1,0,0,1,0,1,oxidative_stress,pathway,0.5,oxidative_stress,"Compound annotation contains keyword 'True' (or related pathway term), suggesting relevance to MSD node oxidative_stress.",5.3,5.3,1.0,,,0.0,0.0,0.0,0.0,0.0,0.5,0.0
CHEMBL1774055,AZ960,Cc1cc(Nc2nc(N[C@@H](C)c3ccc(F)cc3)c(C#N)cc2F)n[nH]1,,0.0,0.0,0.5,Low,1,0,0,1,0,1,oxidative_stress,pathway,0.5,oxidative_stress,"Compound annotation contains keyword 'True' (or related pathway term), suggesting relevance to MSD node oxidative_stress.",9.35,6.67,4.0,,,0.0,0.0,0.0,0.0,0.0,0.5,0.0
CHEMBL177820,TETRABROMOBENZOTRIAZOLE,Brc1c(Br)c(Br)c2[nH]nnc2c1Br,,0.0,0.0,0.5,Low,1,0,0,1,0,1,oxidative_stress,pathway,0.5,oxidative_stress,"Compound annotation contains keyword 'True' (or related pathway term), suggesting relevance to MSD node oxidative_stress.",6.52,6.3,4.0,,,0.0,0.0,0.0,0.0,0.0,0.5,0.0
CHEMBL178,DAUNORUBICIN,COc1cccc2c1C(=O)c1c(O)c3c(c(O)c1C2=O)C[C@@](O)(C(C)=O)C[C@@H]3O[C@H]1C[C@H](N)[C@H](O)[C@H](C)O1,4.0,0.0,1.0,0.5,Low,1,0,0,1,0,1,oxidative_stress,pathway,0.5,oxidative_stress,"Compound annotation contains keyword 'True' (or related pathway term), suggesting relevance to MSD node oxidative_stress.",8.0,5.72,15.0,DNA inhibitor; DNA topoisomerase II alpha inhibitor,INHIBITOR,0.0,0.0,0.0,0.0,0.0,0.5,0.0
CHEMBL178455,KI-8751,COc1cc2nccc(Oc3ccc(NC(=O)Nc4ccc(F)cc4F)c(F)c3)c2cc1OC,,0.0,0.0,0.5,Low,1,0,0,1,0,1,oxidative_stress,pathway,0.5,oxidative_stress,"Compound annotation contains keyword 'True' (or related pathway term), suggesting relevance to MSD node oxidative_stress.",9.05,7.285,6.0,,,0.0,0.0,0.0,0.0,0.0,0.5,0.0
CHEMBL178654,HKI-357,CCOc1cc2ncc(C#N)c(Nc3ccc(OCc4cccc(F)c4)c(Cl)c3)c2cc1NC(=O)/C=C/CN(C)C,1.0,0.0,0.0,0.5,Low,1,0,0,1,0,1,oxidative_stress,pathway,0.5,oxidative_stress,"Compound annotation contains keyword 'True' (or related pathway term), suggesting relevance to MSD node oxidative_stress.",8.6,7.475,2.0,,,0.0,0.0,0.0,0.0,0.0,0.5,0.0
CHEMBL178862,ANETHOLTRITHION,COc1ccc(-c2cc(=S)ss2)cc1,-1.0,0.0,0.0,0.5,Low,1,0,0,1,0,1,oxidative_stress,pathway,0.5,oxidative_stress,"Compound annotation contains keyword 'True' (or related pathway term), suggesting relevance to MSD node oxidative_stress.",5.92,5.12,12.0,,,0.0,0.0,0.0,0.0,0.0,0.5,0.0
CHEMBL18,ETHOXZOLAMIDE,CCOc1ccc2nc(S(N)(=O)=O)sc2c1,4.0,0.0,1.0,0.5,Low,1,0,0,1,0,1,oxidative_stress,pathway,0.5,oxidative_stress,"Compound annotation contains keyword 'True' (or related pathway term), suggesting relevance to MSD node oxidative_stress.",9.6,7.6,32.0,Carbonic anhydrase inhibitor,INHIBITOR,0.0,0.0,0.0,0.0,0.0,0.5,0.0
CHEMBL1822792,MK-2461,CN(C[C@@H]1COCCO1)S(=O)(=O)Nc1ccc2ccc3ncc(-c4cnn(C)c4)cc3c(=O)c2c1,2.0,0.0,0.0,0.5,Low,1,0,0,1,0,1,oxidative_stress,pathway,0.5,oxidative_stress,"Compound annotation contains keyword 'True' (or related pathway term), suggesting relevance to MSD node oxidative_stress.",9.4,7.3,25.0,Hepatocyte growth factor receptor inhibitor,INHIBITOR,0.0,0.0,0.0,0.0,0.0,0.5,0.0
CHEMBL1825141,crizotinib-(S),C[C@H](Oc1cc(-c2cnn(C3CCNCC3)c2)cnc1N)c1c(Cl)ccc(F)c1Cl,,0.0,0.0,0.5,Low,1,0,0,1,0,1,oxidative_stress,pathway,0.5,oxidative_stress,"Compound annotation contains keyword 'True' (or related pathway term), suggesting relevance to MSD node oxidative_stress.",7.43,6.48,4.0,,,0.0,0.0,0.0,0.0,0.0,0.5,0.0
CHEMBL1852688,INFIGRATINIB,CCN1CCN(c2ccc(Nc3cc(N(C)C(=O)Nc4c(Cl)c(OC)cc(OC)c4Cl)ncn3)cc2)CC1,4.0,0.0,1.0,0.5,Low,1,0,0,1,0,1,oxidative_stress,pathway,0.5,oxidative_stress,"Compound annotation contains keyword 'True' (or related pathway term), suggesting relevance to MSD node oxidative_stress.",9.23,7.22,33.0,Fibroblast growth factor receptor inhibitor,INHIBITOR,0.0,0.0,0.0,0.0,0.0,0.5,0.0
CHEMBL186526,ZM-336372,Cc1ccc(NC(=O)c2cccc(N(C)C)c2)cc1NC(=O)c1ccc(O)cc1,,0.0,0.0,0.5,Low,1,0,0,1,0,1,oxidative_stress,pathway,0.5,oxidative_stress,"Compound annotation contains keyword 'True' (or related pathway term), suggesting relevance to MSD node oxidative_stress.",7.51,6.44,8.0,,,0.0,0.0,0.0,0.0,0.0,0.5,0.0
CHEMBL186784,XANTHONE,O=c1c2ccccc2oc2ccccc12,,0.0,0.0,0.5,Low,1,0,0,1,0,1,oxidative_stress,pathway,0.5,oxidative_stress,"Compound annotation contains keyword 'True' (or related pathway term), suggesting relevance to MSD node oxidative_stress.",6.3,6.145,3.0,,,0.0,0.0,0.0,0.0,0.0,0.5,0.0
CHEMBL187266,TANSHINONE IIA,Cc1coc2c1C(=O)C(=O)c1c-2ccc2c1CCCC2(C)C,,0.0,0.0,0.5,Low,1,0,0,1,0,1,oxidative_stress,pathway,0.5,oxidative_stress,"Compound annotation contains keyword 'True' (or related pathway term), suggesting relevance to MSD node oxidative_stress.",9.06,5.67,13.0,,,0.0,0.0,0.0,0.0,0.0,0.5,0.0
CHEMBL188343,REVERSINE,c1nc2c(NC3CCCCC3)nc(Nc3ccc(N4CCOCC4)cc3)nc2[nH]1,,0.0,0.0,0.5,Low,1,0,0,1,0,1,oxidative_stress,pathway,0.5,oxidative_stress,"Compound annotation contains keyword 'True' (or related pathway term), suggesting relevance to MSD node oxidative_stress.",8.55,6.49,10.0,,,0.0,0.0,0.0,0.0,0.0,0.5,0.0
CHEMBL188434,SB-747651A,CCn1c(-c2nonc2N)nc2cncc(CNC3CCNCC3)c21,,0.0,0.0,0.5,Low,1,0,0,1,0,1,oxidative_stress,pathway,0.5,oxidative_stress,"Compound annotation contains keyword 'True' (or related pathway term), suggesting relevance to MSD node oxidative_stress.",9.3,6.755,10.0,,,0.0,0.0,0.0,0.0,0.0,0.5,0.0
CHEMBL189,MILRINONE,Cc1[nH]c(=O)c(C#N)cc1-c1ccncc1,4.0,0.0,1.0,0.5,Low,1,0,0,1,0,1,oxidative_stress,pathway,0.5,oxidative_stress,"Compound annotation contains keyword 'True' (or related pathway term), suggesting relevance to MSD node oxidative_stress.",6.55,6.0,10.0,,,0.0,0.0,0.0,0.0,0.0,0.5,0.0
CHEMBL189963,PALBOCICLIB,CC(=O)c1c(C)c2cnc(Nc3ccc(N4CCNCC4)cn3)nc2n(C2CCCC2)c1=O,4.0,0.0,1.0,0.5,Low,1,0,0,1,0,1,oxidative_stress,pathway,0.5,oxidative_stress,"Compound annotation contains keyword 'True' (or related pathway term), suggesting relevance to MSD node oxidative_stress.",9.7,6.92,72.0,CDK6/cyclin D1 inhibitor; Cyclin-dependent kinase 4/cyclin D1 inhibitor,INHIBITOR,0.0,0.0,0.0,0.0,0.0,0.5,0.0
CHEMBL19,METHAZOLAMIDE,CC(=O)/N=c1/sc(S(N)(=O)=O)nn1C,4.0,0.0,1.0,0.5,Low,1,0,0,1,0,1,oxidative_stress,pathway,0.5,oxidative_stress,"Compound annotation contains keyword 'True' (or related pathway term), suggesting relevance to MSD node oxidative_stress.",9.6,7.57,31.0,Carbonic anhydrase VII inhibitor; Carbonic anhydrase I inhibitor; Carbonic anhydrase II inhibitor; Carbonic anhydrase IV inhibitor,INHIBITOR,0.0,0.0,0.0,0.0,0.0,0.5,0.0
CHEMBL1908391,MASITINIB,Cc1ccc(NC(=O)c2ccc(CN3CCN(C)CC3)cc2)cc1Nc1nc(-c2cccnc2)cs1,3.0,0.0,1.0,0.5,Low,1,0,0,1,0,1,oxidative_stress,pathway,0.5,oxidative_stress,"Compound annotation contains keyword 'True' (or related pathway term), suggesting relevance to MSD node oxidative_stress.",8.68,6.575,31.0,Fibroblast growth factor receptor 3 inhibitor; Stem cell growth factor receptor inhibitor; Platelet-derived growth factor receptor inhibitor,INHIBITOR,0.0,0.0,0.0,0.0,0.0,0.5,0.0
CHEMBL1908394,GSK-461364,C[C@@H](Oc1cc(-n2cnc3ccc(CN4CCN(C)CC4)cc32)sc1C(N)=O)c1ccccc1C(F)(F)F,1.0,0.0,0.0,0.5,Low,1,0,0,1,0,1,oxidative_stress,pathway,0.5,oxidative_stress,"Compound annotation contains keyword 'True' (or related pathway term), suggesting relevance to MSD node oxidative_stress.",10.03,5.8100000000000005,63.0,Serine/threonine-protein kinase PLK1 inhibitor,INHIBITOR,0.0,0.0,0.0,0.0,0.0,0.5,0.0
CHEMBL191003,JNJ-7706621,Nc1nc(Nc2ccc(S(N)(=O)=O)cc2)nn1C(=O)c1c(F)cccc1F,,0.0,0.0,0.5,Low,1,0,0,1,0,1,oxidative_stress,pathway,0.5,oxidative_stress,"Compound annotation contains keyword 'True' (or related pathway term), suggesting relevance to MSD node oxidative_stress.",9.3,6.1,158.0,,,0.0,0.0,0.0,0.0,0.0,0.5,0.0
CHEMBL191083,METHYLENE BLUE CATION,CN(C)c1ccc2nc3ccc(=[N+](C)C)cc-3sc2c1,4.0,0.0,1.0,0.5,Low,1,0,0,1,0,1,oxidative_stress,pathway,0.5,oxidative_stress,"Compound annotation contains keyword 'True' (or related pathway term), suggesting relevance to MSD node oxidative_stress.",7.16,5.96,4.0,,,0.0,0.0,0.0,0.0,0.0,0.5,0.0
CHEMBL1914489,AZD1981,CC(=O)Nc1cccc2c1c(Sc1ccc(Cl)cc1)c(C)n2CC(=O)O,2.0,0.0,0.0,0.5,Low,1,0,0,1,0,1,oxidative_stress,pathway,0.5,oxidative_stress,"Compound annotation contains keyword 'True' (or related pathway term), suggesting relevance to MSD node oxidative_stress.",8.37,8.184999999999999,2.0,G protein-coupled receptor 44 antagonist,ANTAGONIST,0.0,0.0,0.0,0.0,0.0,0.5,0.0
CHEMBL19299,LOXOPROFEN,CC(C(=O)O)c1ccc(CC2CCCC2=O)cc1,4.0,0.0,0.0,0.5,Low,1,0,0,1,0,1,oxidative_stress,pathway,0.5,oxidative_stress,"Compound annotation contains keyword 'True' (or related pathway term), suggesting relevance to MSD node oxidative_stress.",6.18,5.6850000000000005,2.0,Cyclooxygenase inhibitor,INHIBITOR,0.0,0.0,0.0,0.0,0.0,0.5,0.0
CHEMBL19490,ZOMEPIRAC,Cc1cc(CC(=O)O)n(C)c1C(=O)c1ccc(Cl)cc1,4.0,1.0,0.0,0.5,Low,1,0,0,1,0,1,oxidative_stress,pathway,0.5,oxidative_stress,"Compound annotation contains keyword 'True' (or related pathway term), suggesting relevance to MSD node oxidative_stress.",5.92,5.92,1.0,,,0.0,0.0,0.0,0.0,0.0,0.5,0.0
CHEMBL1952329,SGI-1776,CN1CCC(CNc2ccc3ncc(-c4cccc(OC(F)(F)F)c4)n3n2)CC1,1.0,0.0,0.0,0.5,Low,1,0,0,1,0,1,oxidative_stress,pathway,0.5,oxidative_stress,"Compound annotation contains keyword 'True' (or related pathway term), suggesting relevance to MSD node oxidative_stress.",8.15,7.31,18.0,Serine/threonine-protein kinase PIM inhibitor,INHIBITOR,0.0,0.0,0.0,0.0,0.0,0.5,0.0
CHEMBL1957266,JQ1-(+),Cc1sc2c(c1C)C(c1ccc(Cl)cc1)=N[C@@H](CC(=O)OC(C)(C)C)c1nnc(C)n1-2,,0.0,0.0,0.5,Low,1,0,0,1,0,1,oxidative_stress,pathway,0.5,oxidative_stress,"Compound annotation contains keyword 'True' (or related pathway term), suggesting relevance to MSD node oxidative_stress.",8.41,7.2,8.0,,,0.0,0.0,0.0,0.0,0.0,0.5,0.0
CHEMBL196,ASCORBIC ACID,O=C1O[C@H]([C@@H](O)CO)C(O)=C1O,4.0,0.0,0.0,0.5,Low,1,0,0,1,0,1,oxidative_stress,pathway,0.5,oxidative_stress,"Compound annotation contains keyword 'True' (or related pathway term), suggesting relevance to MSD node oxidative_stress.",9.3,6.24,3.0,Supplement,,0.0,0.0,0.0,0.0,0.0,0.5,0.0
CHEMBL1969664,AZD-1080,N#Cc1ccc2[nH]c(O)c(-c3ccc(CN4CCOCC4)cn3)c2c1,1.0,0.0,0.0,0.5,Low,1,0,0,1,0,1,oxidative_stress,pathway,0.5,oxidative_stress,"Compound annotation contains keyword 'True' (or related pathway term), suggesting relevance to MSD node oxidative_stress.",7.51,5.85,16.0,Glycogen synthase kinase-3 inhibitor,INHIBITOR,0.0,0.0,0.0,0.0,0.0,0.5,0.0
CHEMBL1976040,ADAVOSERTIB,C=CCn1c(=O)c2cnc(Nc3ccc(N4CCN(C)CC4)cc3)nc2n1-c1cccc(C(C)(C)O)n1,2.0,0.0,0.0,0.5,Low,1,0,0,1,0,1,oxidative_stress,pathway,0.5,oxidative_stress,"Compound annotation contains keyword 'True' (or related pathway term), suggesting relevance to MSD node oxidative_stress.",9.25,6.390000000000001,37.0,Serine/threonine-protein kinase WEE1 inhibitor,INHIBITOR,0.0,0.0,0.0,0.0,0.0,0.5,0.0
CHEMBL1982660,A-1070722,COc1ccc2c(NC(=O)Nc3cccc(C(F)(F)F)n3)ccnc2c1,,0.0,0.0,0.5,Low,1,0,0,1,0,1,oxidative_stress,pathway,0.5,oxidative_stress,"Compound annotation contains keyword 'True' (or related pathway term), suggesting relevance to MSD node oxidative_stress.",7.8,6.8,30.0,,,0.0,0.0,0.0,0.0,0.0,0.5,0.0
CHEMBL1988370,NVP-ADW742,Nc1ncnc2c1c(-c1cccc(OCc3ccccc3)c1)cn2C1CC(CN2CCCC2)C1,,0.0,0.0,0.5,Low,1,0,0,1,0,1,oxidative_stress,pathway,0.5,oxidative_stress,"Compound annotation contains keyword 'True' (or related pathway term), suggesting relevance to MSD node oxidative_stress.",7.6,5.9,30.0,,,0.0,0.0,0.0,0.0,0.0,0.5,0.0
CHEMBL1995703,TG-101209,Cc1cnc(Nc2ccc(N3CCN(C)CC3)cc2)nc1Nc1cccc(S(=O)(=O)NC(C)(C)C)c1,,0.0,0.0,0.5,Low,1,0,0,1,0,1,oxidative_stress,pathway,0.5,oxidative_stress,"Compound annotation contains keyword 'True' (or related pathway term), suggesting relevance to MSD node oxidative_stress.",9.29,6.89,11.0,,,0.0,0.0,0.0,0.0,0.0,0.5,0.0
CHEMBL20,ACETAZOLAMIDE,CC(=O)Nc1nnc(S(N)(=O)=O)s1,4.0,0.0,1.0,0.5,Low,1,0,0,1,0,1,oxidative_stress,pathway,0.5,oxidative_stress,"Compound annotation contains keyword 'True' (or related pathway term), suggesting relevance to MSD node oxidative_stress.",10.22,7.6,39.0,Carbonic anhydrase I inhibitor; Carbonic anhydrase II inhibitor; Carbonic anhydrase XII inhibitor; Carbonic anhydrase IV inhibitor,INHIBITOR,0.0,0.0,0.0,0.0,0.0,0.5,0.0
CHEMBL200102,PU-H71,CC(C)NCCCn1c(Sc2cc3c(cc2I)OCO3)nc2c(N)ncnc21,2.0,0.0,0.0,0.5,Low,1,0,0,1,0,1,oxidative_stress,pathway,0.5,oxidative_stress,"Compound annotation contains keyword 'True' (or related pathway term), suggesting relevance to MSD node oxidative_stress.",8.12,7.22,6.0,,,0.0,0.0,0.0,0.0,0.0,0.5,0.0
CHEMBL2005186,BELUMOSUDIL,CC(C)NC(=O)COc1cccc(-c2nc(Nc3ccc4[nH]ncc4c3)c3ccccc3n2)c1,4.0,0.0,1.0,0.5,Low,1,0,0,1,0,1,oxidative_stress,pathway,0.5,oxidative_stress,"Compound annotation contains keyword 'True' (or related pathway term), suggesting relevance to MSD node oxidative_stress.",7.4,6.3,10.0,Rho-associated protein kinase 2 inhibitor,INHIBITOR,0.0,0.0,0.0,0.0,0.0,0.5,0.0
CHEMBL2022968,DUBERMATINIB,CN1CCN(Cc2ccc(Nc3ncc(Cl)c(Nc4ccccc4S(=O)(=O)N(C)C)n3)cc2)CC1,2.0,0.0,0.0,0.5,Low,1,0,0,1,0,1,oxidative_stress,pathway,0.5,oxidative_stress,"Compound annotation contains keyword 'True' (or related pathway term), suggesting relevance to MSD node oxidative_stress.",8.52,7.57,3.0,,,0.0,0.0,0.0,0.0,0.0,0.5,0.0
CHEMBL202721,ZM-447439,COc1cc2c(Nc3ccc(NC(=O)c4ccccc4)cc3)ncnc2cc1OCCCN1CCOCC1,,0.0,0.0,0.5,Low,1,0,0,1,0,1,oxidative_stress,pathway,0.5,oxidative_stress,"Compound annotation contains keyword 'True' (or related pathway term), suggesting relevance to MSD node oxidative_stress.",7.5,6.89,21.0,,,0.0,0.0,0.0,0.0,0.0,0.5,0.0
CHEMBL2030402,BMS-863233,O=c1[nH]c([C@@H]2CCCN2)nc2c1oc1ccc(Cl)cc12,,0.0,0.0,0.5,Low,1,0,0,1,0,1,oxidative_stress,pathway,0.5,oxidative_stress,"Compound annotation contains keyword 'True' (or related pathway term), suggesting relevance to MSD node oxidative_stress.",8.47,6.93,8.0,,,0.0,0.0,0.0,0.0,0.0,0.5,0.0
CHEMBL2037226,GNF-5837,Cc1ccc(NC(=O)Nc2cc(C(F)(F)F)ccc2F)cc1Nc1ccc2c(c1)NC(=O)/C2=C\c1ccc[nH]1,,0.0,0.0,0.5,Low,1,0,0,1,0,1,oxidative_stress,pathway,0.5,oxidative_stress,"Compound annotation contains keyword 'True' (or related pathway term), suggesting relevance to MSD node oxidative_stress.",8.15,5.29,50.0,,,0.0,0.0,0.0,0.0,0.0,0.5,0.0
CHEMBL2041933,AZD-7762,NC(=O)Nc1cc(-c2cccc(F)c2)sc1C(=O)N[C@H]1CCCNC1,1.0,0.0,0.0,0.5,Low,1,0,0,1,0,1,oxidative_stress,pathway,0.5,oxidative_stress,"Compound annotation contains keyword 'True' (or related pathway term), suggesting relevance to MSD node oxidative_stress.",8.44,6.44,70.0,Serine/threonine-protein kinase Chk1 inhibitor,INHIBITOR,0.0,0.0,0.0,0.0,0.0,0.5,0.0
CHEMBL205627,GKA-50,COC[C@H](C)Oc1cc(O[C@@H](C)Cc2ccccc2)cc(C(=O)Nc2ccc(C(=O)O)cn2)c1,,0.0,0.0,0.5,Low,1,0,0,1,0,1,oxidative_stress,pathway,0.5,oxidative_stress,"Compound annotation contains keyword 'True' (or related pathway term), suggesting relevance to MSD node oxidative_stress.",7.52,7.35,1.0,,,0.0,0.0,0.0,0.0,0.0,0.5,0.0
CHEMBL2057912,PCI-29732,Nc1ncnc2c1c(-c1ccc(Oc3ccccc3)cc1)nn2C1CCCC1,,0.0,0.0,0.5,Low,1,0,0,1,0,1,oxidative_stress,pathway,0.5,oxidative_stress,"Compound annotation contains keyword 'True' (or related pathway term), suggesting relevance to MSD node oxidative_stress.",8.09,8.09,1.0,,,0.0,0.0,0.0,0.0,0.0,0.5,0.0
CHEMBL2057915,GDC-0834,Cc1c(NC(=O)c2cc3c(s2)CCCC3)cccc1-c1cn(C)c(=O)c(Nc2ccc([C@@H]3C(=O)N(C)CCN3C)cc2)n1,,0.0,0.0,0.5,Low,1,0,0,1,0,1,oxidative_stress,pathway,0.5,oxidative_stress,"Compound annotation contains keyword 'True' (or related pathway term), suggesting relevance to MSD node oxidative_stress.",8.64,7.535,2.0,,,0.0,0.0,0.0,0.0,0.0,0.5,0.0
CHEMBL2058538,SPP86,CC(C)n1nc(C#Cc2ccccc2)c2c(N)ncnc21,,0.0,0.0,0.5,Low,1,0,0,1,0,1,oxidative_stress,pathway,0.5,oxidative_stress,"Compound annotation contains keyword 'True' (or related pathway term), suggesting relevance to MSD node oxidative_stress.",8.1,7.18,2.0,,,0.0,0.0,0.0,0.0,0.0,0.5,0.0
CHEMBL2062804,CEP-33779,CN1CCN(c2cccc(Nc3nc4c(-c5ccc(S(C)(=O)=O)cc5)cccn4n3)c2)CC1,,0.0,0.0,0.5,Low,1,0,0,1,0,1,oxidative_stress,pathway,0.5,oxidative_stress,"Compound annotation contains keyword 'True' (or related pathway term), suggesting relevance to MSD node oxidative_stress.",8.89,7.09,5.0,,,0.0,0.0,0.0,0.0,0.0,0.5,0.0
CHEMBL207881,GW9508,O=C(O)CCc1ccc(NCc2cccc(Oc3ccccc3)c2)cc1,,0.0,0.0,0.5,Low,1,0,0,1,0,1,oxidative_stress,pathway,0.5,oxidative_stress,"Compound annotation contains keyword 'True' (or related pathway term), suggesting relevance to MSD node oxidative_stress.",7.89,7.1,5.0,,,0.0,0.0,0.0,0.0,0.0,0.5,0.0
CHEMBL2087742,AL-8697,Cc1c(F)cc(C(=O)NC2CC2)cc1-c1c(F)cn2c(C(C)(C)C)nnc2c1F,,0.0,0.0,0.5,Low,1,0,0,1,0,1,oxidative_stress,pathway,0.5,oxidative_stress,"Compound annotation contains keyword 'True' (or related pathway term), suggesting relevance to MSD node oxidative_stress.",8.21,6.955,2.0,,,0.0,0.0,0.0,0.0,0.0,0.5,0.0
CHEMBL21,SULFANILAMIDE,Nc1ccc(S(N)(=O)=O)cc1,4.0,0.0,1.0,0.5,Low,1,0,0,1,0,1,oxidative_stress,pathway,0.5,oxidative_stress,"Compound annotation contains keyword 'True' (or related pathway term), suggesting relevance to MSD node oxidative_stress.",7.5,6.53,28.0,Bacterial dihydropteroate synthase inhibitor,INHIBITOR,0.0,0.0,0.0,0.0,0.0,0.5,0.0
CHEMBL2105717,CABOZANTINIB,COc1cc2nccc(Oc3ccc(NC(=O)C4(C(=O)Nc5ccc(F)cc5)CC4)cc3)c2cc1OC,4.0,0.0,1.0,0.5,Low,1,0,0,1,0,1,oxidative_stress,pathway,0.5,oxidative_stress,"Compound annotation contains keyword 'True' (or related pathway term), suggesting relevance to MSD node oxidative_stress.",10.46,7.84,47.0,,,0.0,0.0,0.0,0.0,0.0,0.5,0.0
CHEMBL2106561,CADRALAZINE,CCOC(=O)NNc1ccc(N(CC)CC(C)O)nn1,2.0,0.0,0.0,0.5,Low,1,0,0,1,0,1,oxidative_stress,pathway,0.5,oxidative_stress,"Compound annotation contains keyword 'True' (or related pathway term), suggesting relevance to MSD node oxidative_stress.",6.3,5.949999999999999,2.0,,,0.0,0.0,0.0,0.0,0.0,0.5,0.0
CHEMBL2107771,RALFINAMIDE,C[C@H](NCc1ccc(OCc2ccccc2F)cc1)C(N)=O,3.0,0.0,0.0,0.5,Low,1,0,0,1,0,1,oxidative_stress,pathway,0.5,oxidative_stress,"Compound annotation contains keyword 'True' (or related pathway term), suggesting relevance to MSD node oxidative_stress.",6.7,6.7,1.0,Voltage-gated N-type calcium channel alpha-1B subunit blocker; Monoamine oxidase B inhibitor; Sodium channel alpha subunit blocker; Glutamate [NMDA] receptor antagonist,BLOCKER; INHIBITOR; ANTAGONIST,0.0,0.0,0.0,0.0,0.0,0.5,0.0
CHEMBL2107783,TAPRENEPAG,O=C(O)COc1cccc(CN(Cc2ccc(-n3cccn3)cc2)S(=O)(=O)c2cccnc2)c1,2.0,0.0,0.0,0.5,Low,1,0,0,1,0,1,oxidative_stress,pathway,0.5,oxidative_stress,"Compound annotation contains keyword 'True' (or related pathway term), suggesting relevance to MSD node oxidative_stress.",8.55,8.275,1.0,,,0.0,0.0,0.0,0.0,0.0,0.5,0.0
CHEMBL210833,TCS-359,COc1ccc(C(=O)Nc2sc3c(c2C(N)=O)CCCC3)cc1OC,,0.0,0.0,0.5,Low,1,0,0,1,0,1,oxidative_stress,pathway,0.5,oxidative_stress,"Compound annotation contains keyword 'True' (or related pathway term), suggesting relevance to MSD node oxidative_stress.",7.38,6.46,1.0,,,0.0,0.0,0.0,0.0,0.0,0.5,0.0
CHEMBL210858,ISO-1,COC(=O)CC1CC(c2ccc(O)cc2)=NO1,,0.0,0.0,0.5,Low,1,0,0,1,0,1,oxidative_stress,pathway,0.5,oxidative_stress,"Compound annotation contains keyword 'True' (or related pathway term), suggesting relevance to MSD node oxidative_stress.",6.99,6.01,3.0,,,0.0,0.0,0.0,0.0,0.0,0.5,0.0
CHEMBL2110588,ELIGLUSTAT,CCCCCCCC(=O)N[C@H](CN1CCCC1)[C@H](O)c1ccc2c(c1)OCCO2,4.0,0.0,1.0,0.5,Low,1,0,0,1,0,1,oxidative_stress,pathway,0.5,oxidative_stress,"Compound annotation contains keyword 'True' (or related pathway term), suggesting relevance to MSD node oxidative_stress.",7.8,6.4,2.0,,,0.0,0.0,0.0,0.0,0.0,0.5,0.0
CHEMBL213100,WH-4-023,COc1ccc(N(C(=O)Oc2c(C)cccc2C)c2ccnc(Nc3ccc(N4CCN(C)CC4)cc3)n2)c(OC)c1,,0.0,0.0,0.5,Low,1,0,0,1,0,1,oxidative_stress,pathway,0.5,oxidative_stress,"Compound annotation contains keyword 'True' (or related pathway term), suggesting relevance to MSD node oxidative_stress.",8.7,7.205,4.0,,,0.0,0.0,0.0,0.0,0.0,0.5,0.0
CHEMBL2140408,AMG-900,Cc1csc(-c2nnc(Nc3ccc(Oc4ncccc4-c4ccnc(N)n4)cc3)c3ccccc23)c1,1.0,0.0,0.0,0.5,Low,1,0,0,1,0,1,oxidative_stress,pathway,0.5,oxidative_stress,"Compound annotation contains keyword 'True' (or related pathway term), suggesting relevance to MSD node oxidative_stress.",9.0,5.71,39.0,Serine/threonine-protein kinase Aurora inhibitor,INHIBITOR,0.0,0.0,0.0,0.0,0.0,0.5,0.0
CHEMBL2144069,AZ-628,Cc1ccc(NC(=O)c2cccc(C(C)(C)C#N)c2)cc1Nc1ccc2ncn(C)c(=O)c2c1,,0.0,0.0,0.5,Low,1,0,0,1,0,1,oxidative_stress,pathway,0.5,oxidative_stress,"Compound annotation contains keyword 'True' (or related pathway term), suggesting relevance to MSD node oxidative_stress.",9.22,7.47,3.0,,,0.0,0.0,0.0,0.0,0.0,0.5,0.0
CHEMBL215152,DEFOSBARASERTIB,CCN(CCO)CCCOc1ccc2c(Nc3cc(CC(=O)Nc4cccc(F)c4)[nH]n3)ncnc2c1,2.0,0.0,0.0,0.5,Low,1,0,0,1,0,1,oxidative_stress,pathway,0.5,oxidative_stress,"Compound annotation contains keyword 'True' (or related pathway term), suggesting relevance to MSD node oxidative_stress.",9.52,5.96,72.0,,,0.0,0.0,0.0,0.0,0.0,0.5,0.0
CHEMBL21536,XANOMELINE,CCCCCCOc1nsnc1C1=CCCN(C)C1,4.0,0.0,0.0,0.5,Low,1,0,0,1,0,1,oxidative_stress,pathway,0.5,oxidative_stress,"Compound annotation contains keyword 'True' (or related pathway term), suggesting relevance to MSD node oxidative_stress.",8.8,6.92,21.0,Muscarinic acetylcholine receptor M4 agonist; Muscarinic acetylcholine receptor M1 agonist,AGONIST,0.0,0.0,0.0,0.0,0.0,0.5,0.0
CHEMBL2170739,ER-27319,Cc1ccc2c(=O)c3ccccc3n(CCCN)c2c1C.O=C(O)C(=O)O,,0.0,0.0,0.5,Low,1,0,0,1,0,1,oxidative_stress,pathway,0.5,oxidative_stress,"Compound annotation contains keyword 'True' (or related pathway term), suggesting relevance to MSD node oxidative_stress.",5.0,5.0,2.0,,,0.0,0.0,0.0,0.0,0.0,0.5,0.0
CHEMBL2171124,GSK2606414,Cn1cc(-c2ccc3c(c2)CCN3C(=O)Cc2cccc(C(F)(F)F)c2)c2c(N)ncnc21,,0.0,0.0,0.5,Low,1,0,0,1,0,1,oxidative_stress,pathway,0.5,oxidative_stress,"Compound annotation contains keyword 'True' (or related pathway term), suggesting relevance to MSD node oxidative_stress.",9.4,6.0600000000000005,24.0,,,0.0,0.0,0.0,0.0,0.0,0.5,0.0
CHEMBL2177736,PRT062607,NC(=O)c1cnc(N[C@@H]2CCCC[C@@H]2N)nc1Nc1cccc(-n2nccn2)c1,,0.0,0.0,0.5,Low,1,0,0,1,0,1,oxidative_stress,pathway,0.5,oxidative_stress,"Compound annotation contains keyword 'True' (or related pathway term), suggesting relevance to MSD node oxidative_stress.",9.0,6.675000000000001,13.0,,,0.0,0.0,0.0,0.0,0.0,0.5,0.0
CHEMBL2180604,TAK-593,Cc1cc(C(=O)Nc2cc(Oc3ccc4nc(NC(=O)C5CC5)cn4n3)ccc2C)n(C)n1,1.0,0.0,0.0,0.5,Low,1,0,0,1,0,1,oxidative_stress,pathway,0.5,oxidative_stress,"Compound annotation contains keyword 'True' (or related pathway term), suggesting relevance to MSD node oxidative_stress.",10.03,8.0,14.0,Platelet-derived growth factor receptor inhibitor; Vascular endothelial growth factor receptor inhibitor,INHIBITOR,0.0,0.0,0.0,0.0,0.0,0.5,0.0
CHEMBL218071,L-798106,COc1ccc(Br)cc1S(=O)(=O)NC(=O)/C=C/c1ccccc1Cc1ccc2ccccc2c1,,0.0,0.0,0.5,Low,1,0,0,1,0,1,oxidative_stress,pathway,0.5,oxidative_stress,"Compound annotation contains keyword 'True' (or related pathway term), suggesting relevance to MSD node oxidative_stress.",9.22,7.48,3.0,,,0.0,0.0,0.0,0.0,0.0,0.5,0.0
CHEMBL218490,DORZOLAMIDE,CCN[C@H]1C[C@H](C)S(=O)(=O)c2sc(S(N)(=O)=O)cc21,4.0,0.0,1.0,0.5,Low,1,0,0,1,0,1,oxidative_stress,pathway,0.5,oxidative_stress,"Compound annotation contains keyword 'True' (or related pathway term), suggesting relevance to MSD node oxidative_stress.",10.37,8.05,33.0,,,0.0,0.0,0.0,0.0,0.0,0.5,0.0
CHEMBL220241,GSK-269962A,CCn1c(-c2nonc2N)nc2cnc(Oc3cccc(NC(=O)c4ccc(OCCN5CCOCC5)cc4)c3)cc21,,0.0,0.0,0.5,Low,1,0,0,1,0,1,oxidative_stress,pathway,0.5,oxidative_stress,"Compound annotation contains keyword 'True' (or related pathway term), suggesting relevance to MSD node oxidative_stress.",8.8,6.4,48.0,,,0.0,0.0,0.0,0.0,0.0,0.5,0.0
CHEMBL220491,BRINZOLAMIDE,CCN[C@H]1CN(CCCOC)S(=O)(=O)c2sc(S(N)(=O)=O)cc21,4.0,0.0,1.0,0.5,Low,1,0,0,1,0,1,oxidative_stress,pathway,0.5,oxidative_stress,"Compound annotation contains keyword 'True' (or related pathway term), suggesting relevance to MSD node oxidative_stress.",10.05,8.52,29.0,Carbonic anhydrase II inhibitor,INHIBITOR,0.0,0.0,0.0,0.0,0.0,0.5,0.0
CHEMBL220492,TOPIRAMATE,CC1(C)O[C@@H]2[C@@H](CO[C@@]3(COS(N)(=O)=O)OC(C)(C)O[C@@H]23)O1,4.0,0.0,1.0,0.5,Low,1,0,0,1,0,1,oxidative_stress,pathway,0.5,oxidative_stress,"Compound annotation contains keyword 'True' (or related pathway term), suggesting relevance to MSD node oxidative_stress.",9.06,7.24,30.0,Carbonic anhydrase II inhibitor; Carbonic anhydrase IV inhibitor; Glutamate receptor ionotropic AMPA antagonist; Glutamate receptor ionotropic kainate antagonist; GABA-A receptor; anion channel positive modulator; Sodium channel alpha subunit blocker,INHIBITOR; ANTAGONIST; POSITIVE MODULATOR; BLOCKER,0.0,0.0,0.0,0.0,0.0,0.5,0.0
CHEMBL2206278,AC-710,CCN1C(C)(C)CC(Oc2ccc(C(=O)Nc3ccc(NC(=O)Nc4cc(C(C)(C)C)on4)cc3)nc2)CC1(C)C,,0.0,0.0,0.5,Low,1,0,0,1,0,1,oxidative_stress,pathway,0.5,oxidative_stress,"Compound annotation contains keyword 'True' (or related pathway term), suggesting relevance to MSD node oxidative_stress.",9.3,8.845,6.0,,,0.0,0.0,0.0,0.0,0.0,0.5,0.0
CHEMBL221137,EMBELIN,CCCCCCCCCCCC1=C(O)C(=O)C=C(O)C1=O,,0.0,0.0,0.5,Low,1,0,0,1,0,1,oxidative_stress,pathway,0.5,oxidative_stress,"Compound annotation contains keyword 'True' (or related pathway term), suggesting relevance to MSD node oxidative_stress.",7.63,6.2,8.0,,,0.0,0.0,0.0,0.0,0.0,0.5,0.0
CHEMBL2216827,CNX-774,C=CC(=O)Nc1cccc(Nc2nc(Nc3ccc(Oc4ccnc(C(=O)NC)c4)cc3)ncc2F)c1,,0.0,0.0,0.5,Low,1,0,0,1,0,1,oxidative_stress,pathway,0.5,oxidative_stress,"Compound annotation contains keyword 'True' (or related pathway term), suggesting relevance to MSD node oxidative_stress.",9.0,6.47,4.0,,,0.0,0.0,0.0,0.0,0.0,0.5,0.0
CHEMBL2216870,IDELALISIB,CC[C@H](Nc1ncnc2[nH]cnc12)c1nc2cccc(F)c2c(=O)n1-c1ccccc1,4.0,0.0,1.0,0.5,Low,1,0,0,1,0,1,oxidative_stress,pathway,0.5,oxidative_stress,"Compound annotation contains keyword 'True' (or related pathway term), suggesting relevance to MSD node oxidative_stress.",9.0,7.04,14.0,PI3-kinase p110-delta subunit inhibitor,INHIBITOR,0.0,0.0,0.0,0.0,0.0,0.5,0.0
CHEMBL221959,TOFACITINIB,C[C@@H]1CCN(C(=O)CC#N)C[C@@H]1N(C)c1ncnc2[nH]ccc12,4.0,0.0,1.0,0.5,Low,1,0,0,1,0,1,oxidative_stress,pathway,0.5,oxidative_stress,"Compound annotation contains keyword 'True' (or related pathway term), suggesting relevance to MSD node oxidative_stress.",9.8,7.535,50.0,,,0.0,0.0,0.0,0.0,0.0,0.5,0.0
CHEMBL2220486,LUCITANIB,CNC(=O)c1cccc2cc(Oc3ccnc4cc(OCC5(N)CC5)c(OC)cc34)ccc12,2.0,0.0,0.0,0.5,Low,1,0,0,1,0,1,oxidative_stress,pathway,0.5,oxidative_stress,"Compound annotation contains keyword 'True' (or related pathway term), suggesting relevance to MSD node oxidative_stress.",8.3,7.68,12.0,Fibroblast growth factor receptor 1 inhibitor; Vascular endothelial growth factor receptor inhibitor; Fibroblast growth factor receptor 2 inhibitor,INHIBITOR,0.0,0.0,0.0,0.0,0.0,0.5,0.0
CHEMBL223448,BROXYQUINOLINE,Oc1c(Br)cc(Br)c2cccnc12,4.0,1.0,0.0,0.5,Low,1,0,0,1,0,1,oxidative_stress,pathway,0.5,oxidative_stress,"Compound annotation contains keyword 'True' (or related pathway term), suggesting relevance to MSD node oxidative_stress.",6.43,5.775,4.0,,,0.0,0.0,0.0,0.0,0.0,0.5,0.0
CHEMBL225519,PHA-767491,O=C1NCCc2[nH]c(-c3ccncc3)cc21,,0.0,0.0,0.5,Low,1,0,0,1,0,1,oxidative_stress,pathway,0.5,oxidative_stress,"Compound annotation contains keyword 'True' (or related pathway term), suggesting relevance to MSD node oxidative_stress.",8.6,6.6,70.0,,,0.0,0.0,0.0,0.0,0.0,0.5,0.0
CHEMBL226335,RUTIN,C[C@@H]1O[C@@H](OC[C@H]2O[C@@H](Oc3c(-c4ccc(O)c(O)c4)oc4cc(O)cc(O)c4c3=O)[C@H](O)[C@@H](O)[C@@H]2O)[C@H](O)[C@H](O)[C@H]1O,3.0,0.0,0.0,0.5,Low,1,0,0,1,0,1,oxidative_stress,pathway,0.5,oxidative_stress,"Compound annotation contains keyword 'True' (or related pathway term), suggesting relevance to MSD node oxidative_stress.",8.42,5.675,8.0,,,0.0,0.0,0.0,0.0,0.0,0.5,0.0
CHEMBL228043,LFM-A13,C/C(O)=C(\C#N)C(=O)Nc1cc(Br)ccc1Br,,0.0,0.0,0.5,Low,1,0,0,1,0,1,oxidative_stress,pathway,0.5,oxidative_stress,"Compound annotation contains keyword 'True' (or related pathway term), suggesting relevance to MSD node oxidative_stress.",5.6,5.6,3.0,,,0.0,0.0,0.0,0.0,0.0,0.5,0.0
CHEMBL230006,ENOXOLONE,CC1(C)[C@@H](O)CC[C@]2(C)[C@H]3C(=O)C=C4[C@@H]5C[C@@](C)(C(=O)O)CC[C@]5(C)CC[C@@]4(C)[C@]3(C)CC[C@@H]12,2.0,0.0,0.0,0.5,Low,1,0,0,1,0,1,oxidative_stress,pathway,0.5,oxidative_stress,"Compound annotation contains keyword 'True' (or related pathway term), suggesting relevance to MSD node oxidative_stress.",8.92,7.4,10.0,,,0.0,0.0,0.0,0.0,0.0,0.5,0.0
CHEMBL2316582,OLVEREMBATINIB,Cc1ccc(C(=O)Nc2ccc(CN3CCN(C)CC3)c(C(F)(F)F)c2)cc1C#Cc1cnc2[nH]ncc2c1,3.0,0.0,0.0,0.5,Low,1,0,0,1,0,1,oxidative_stress,pathway,0.5,oxidative_stress,"Compound annotation contains keyword 'True' (or related pathway term), suggesting relevance to MSD node oxidative_stress.",9.82,9.34,6.0,Bcr/Abl fusion protein inhibitor,INHIBITOR,0.0,0.0,0.0,0.0,0.0,0.5,0.0
CHEMBL23236,BETULIN,C=C(C)[C@@H]1CC[C@]2(CO)CC[C@]3(C)[C@H](CC[C@@H]4[C@@]5(C)CC[C@H](O)C(C)(C)[C@@H]5CC[C@]43C)[C@@H]12,,0.0,0.0,0.5,Low,1,0,0,1,0,1,oxidative_stress,pathway,0.5,oxidative_stress,"Compound annotation contains keyword 'True' (or related pathway term), suggesting relevance to MSD node oxidative_stress.",5.52,5.289999999999999,2.0,,,0.0,0.0,0.0,0.0,0.0,0.5,0.0
CHEMBL23327,PURVALANOLA,CC(C)[C@H](CO)Nc1nc(Nc2cccc(Cl)c2)c2ncn(C(C)C)c2n1,,0.0,0.0,0.5,Low,1,0,0,1,0,1,oxidative_stress,pathway,0.5,oxidative_stress,"Compound annotation contains keyword 'True' (or related pathway term), suggesting relevance to MSD node oxidative_stress.",8.4,6.52,31.0,,,0.0,0.0,0.0,0.0,0.0,0.5,0.0
CHEMBL2354444,PIRARUBICIN,COc1cccc2c1C(=O)c1c(O)c3c(c(O)c1C2=O)C[C@@](O)(C(=O)CO)C[C@@H]3O[C@H]1C[C@H](N)[C@H](O[C@@H]2CCCCO2)[C@H](C)O1,3.0,0.0,0.0,0.5,Low,1,0,0,1,0,1,oxidative_stress,pathway,0.5,oxidative_stress,"Compound annotation contains keyword 'True' (or related pathway term), suggesting relevance to MSD node oxidative_stress.",6.3,6.0,3.0,,,0.0,0.0,0.0,0.0,0.0,0.5,0.0
CHEMBL23588,FLUFENAMIC ACID,O=C(O)c1ccccc1Nc1cccc(C(F)(F)F)c1,2.0,0.0,1.0,0.5,Low,1,0,0,1,0,1,oxidative_stress,pathway,0.5,oxidative_stress,"Compound annotation contains keyword 'True' (or related pathway term), suggesting relevance to MSD node oxidative_stress.",11.0,6.12,20.0,,,0.0,0.0,0.0,0.0,0.0,0.5,0.0
CHEMBL2386081,SETIPIPRANT,O=C(O)Cn1c2c(c3cc(F)ccc31)CN(C(=O)c1cccc3ccccc13)CC2,3.0,0.0,0.0,0.5,Low,1,0,0,1,0,1,oxidative_stress,pathway,0.5,oxidative_stress,"Compound annotation contains keyword 'True' (or related pathway term), suggesting relevance to MSD node oxidative_stress.",8.22,6.63,3.0,G protein-coupled receptor 44 antagonist,ANTAGONIST,0.0,0.0,0.0,0.0,0.0,0.5,0.0
CHEMBL2386889,SCH-900776,Cn1cc(-c2cnn3c(N)c(Br)c([C@@H]4CCCNC4)nc23)cn1,2.0,0.0,0.0,0.5,Low,1,0,0,1,0,1,oxidative_stress,pathway,0.5,oxidative_stress,"Compound annotation contains keyword 'True' (or related pathway term), suggesting relevance to MSD node oxidative_stress.",8.52,5.654999999999999,23.0,Serine/threonine-protein kinase Chk1 inhibitor,INHIBITOR,0.0,0.0,0.0,0.0,0.0,0.5,0.0
CHEMBL24057,FURAMIDINE,N=C(N)c1ccc(-c2ccc(-c3ccc(C(=N)N)cc3)o2)cc1,-1.0,0.0,0.0,0.5,Low,1,0,0,1,0,1,oxidative_stress,pathway,0.5,oxidative_stress,"Compound annotation contains keyword 'True' (or related pathway term), suggesting relevance to MSD node oxidative_stress.",7.46,5.915,3.0,,,0.0,0.0,0.0,0.0,0.0,0.5,0.0
CHEMBL2408776,KB-SRC-4,Nc1ncnc2c1c(-c1ccc(Cl)cc1)nn2-c1cccc(-c2cnnn2Cc2cccc(-c3ccccc3)c2)c1,,0.0,0.0,0.5,Low,1,0,0,1,0,1,oxidative_stress,pathway,0.5,oxidative_stress,"Compound annotation contains keyword 'True' (or related pathway term), suggesting relevance to MSD node oxidative_stress.",7.36,6.8,3.0,,,0.0,0.0,0.0,0.0,0.0,0.5,0.0
CHEMBL24147,RESORCINOL,Oc1cccc(O)c1,-1.0,0.0,1.0,0.5,Low,1,0,0,1,0,1,oxidative_stress,pathway,0.5,oxidative_stress,"Compound annotation contains keyword 'True' (or related pathway term), suggesting relevance to MSD node oxidative_stress.",5.44,5.115,6.0,,,0.0,0.0,0.0,0.0,0.0,0.5,0.0
CHEMBL241694,ETHISTERONE,C#C[C@]1(O)CC[C@H]2[C@@H]3CCC4=CC(=O)CC[C@]4(C)[C@H]3CC[C@@]21C,3.0,0.0,0.0,0.5,Low,1,0,0,1,0,1,oxidative_stress,pathway,0.5,oxidative_stress,"Compound annotation contains keyword 'True' (or related pathway term), suggesting relevance to MSD node oxidative_stress.",8.78,7.23,8.0,,,0.0,0.0,0.0,0.0,0.0,0.5,0.0
CHEMBL24171,BERGAPTEN,COc1c2ccoc2cc2oc(=O)ccc12,3.0,0.0,0.0,0.5,Low,1,0,0,1,0,1,oxidative_stress,pathway,0.5,oxidative_stress,"Compound annotation contains keyword 'True' (or related pathway term), suggesting relevance to MSD node oxidative_stress.",7.22,7.1,2.0,,,0.0,0.0,0.0,0.0,0.0,0.5,0.0
CHEMBL2436978,URMC-099,CN1CCN(Cc2ccc(-c3cnc4[nH]cc(-c5ccc6[nH]ccc6c5)c4c3)cc2)CC1,,0.0,0.0,0.5,Low,1,0,0,1,0,1,oxidative_stress,pathway,0.5,oxidative_stress,"Compound annotation contains keyword 'True' (or related pathway term), suggesting relevance to MSD node oxidative_stress.",8.52,6.68,32.0,,,0.0,0.0,0.0,0.0,0.0,0.5,0.0
CHEMBL245416,L-MIMOSINE,N[C@@H](Cn1ccc(=O)c(O)c1)C(=O)O,,0.0,0.0,0.5,Low,1,0,0,1,0,1,oxidative_stress,pathway,0.5,oxidative_stress,"Compound annotation contains keyword 'True' (or related pathway term), suggesting relevance to MSD node oxidative_stress.",5.43,5.43,3.0,,,0.0,0.0,0.0,0.0,0.0,0.5,0.0
CHEMBL24646,PIMOBENDAN,COc1ccc(-c2nc3cc(C4=NNC(=O)CC4C)ccc3[nH]2)cc1,2.0,0.0,0.0,0.5,Low,1,0,0,1,0,1,oxidative_stress,pathway,0.5,oxidative_stress,"Compound annotation contains keyword 'True' (or related pathway term), suggesting relevance to MSD node oxidative_stress.",6.35,5.775,2.0,,,0.0,0.0,0.0,0.0,0.0,0.5,0.0
CHEMBL247070,AIM-100,c1ccc(-c2oc3ncnc(NC[C@@H]4CCCO4)c3c2-c2ccccc2)cc1,,0.0,0.0,0.5,Low,1,0,0,1,0,1,oxidative_stress,pathway,0.5,oxidative_stress,"Compound annotation contains keyword 'True' (or related pathway term), suggesting relevance to MSD node oxidative_stress.",7.67,6.36,5.0,,,0.0,0.0,0.0,0.0,0.0,0.5,0.0
CHEMBL24944,TRIBROMSALAN,O=C(Nc1ccc(Br)cc1)c1cc(Br)cc(Br)c1O,4.0,1.0,0.0,0.5,Low,1,0,0,1,0,1,oxidative_stress,pathway,0.5,oxidative_stress,"Compound annotation contains keyword 'True' (or related pathway term), suggesting relevance to MSD node oxidative_stress.",6.21,5.69,8.0,Unknown,,0.0,0.0,0.0,0.0,0.0,0.5,0.0
CHEMBL25,ASPIRIN,CC(=O)Oc1ccccc1C(=O)O,4.0,0.0,1.0,0.5,Low,1,0,0,1,0,1,oxidative_stress,pathway,0.5,oxidative_stress,"Compound annotation contains keyword 'True' (or related pathway term), suggesting relevance to MSD node oxidative_stress.",9.3,5.62,7.0,Cyclooxygenase inhibitor,INHIBITOR,0.0,0.0,0.0,0.0,0.0,0.5,0.0
CHEMBL255044,FLUPIRTINE,CCOC(=O)Nc1ccc(NCc2ccc(F)cc2)nc1N,4.0,1.0,0.0,0.5,Low,1,0,0,1,0,1,oxidative_stress,pathway,0.5,oxidative_stress,"Compound annotation contains keyword 'True' (or related pathway term), suggesting relevance to MSD node oxidative_stress.",6.25,5.64,5.0,,,0.0,0.0,0.0,0.0,0.0,0.5,0.0
CHEMBL256835,SB-239063,COc1nccc(-c2c(-c3ccc(F)cc3)ncn2C2CCC(O)CC2)n1,,0.0,0.0,0.5,Low,1,0,0,1,0,1,oxidative_stress,pathway,0.5,oxidative_stress,"Compound annotation contains keyword 'True' (or related pathway term), suggesting relevance to MSD node oxidative_stress.",7.6,6.15,12.0,,,0.0,0.0,0.0,0.0,0.0,0.5,0.0
CHEMBL256997,ATALUREN,O=C(O)c1cccc(-c2noc(-c3ccccc3F)n2)c1,4.0,0.0,1.0,0.5,Low,1,0,0,1,0,1,oxidative_stress,pathway,0.5,oxidative_stress,"Compound annotation contains keyword 'True' (or related pathway term), suggesting relevance to MSD node oxidative_stress.",6.7,6.609999999999999,3.0,80S Ribosome modulator,MODULATOR,0.0,0.0,0.0,0.0,0.0,0.5,0.0
CHEMBL257167,TPCA-1,NC(=O)Nc1sc(-c2ccc(F)cc2)cc1C(N)=O,,0.0,0.0,0.5,Low,1,0,0,1,0,1,oxidative_stress,pathway,0.5,oxidative_stress,"Compound annotation contains keyword 'True' (or related pathway term), suggesting relevance to MSD node oxidative_stress.",8.3,7.705,4.0,,,0.0,0.0,0.0,0.0,0.0,0.5,0.0
CHEMBL258805,SU-9516,COc1ccc2c(c1)/C(=C/c1cnc[nH]1)C(=O)N2,1.0,0.0,0.0,0.5,Low,1,0,0,1,0,1,oxidative_stress,pathway,0.5,oxidative_stress,"Compound annotation contains keyword 'True' (or related pathway term), suggesting relevance to MSD node oxidative_stress.",7.66,6.78,18.0,Cyclin-dependent kinase 2 inhibitor,INHIBITOR,0.0,0.0,0.0,0.0,0.0,0.5,0.0
CHEMBL258940,FALNIDAMOL,CN1CCC(Nc2ncc3ncnc(Nc4ccc(F)c(Cl)c4)c3n2)CC1,2.0,0.0,0.0,0.5,Low,1,0,0,1,0,1,oxidative_stress,pathway,0.5,oxidative_stress,"Compound annotation contains keyword 'True' (or related pathway term), suggesting relevance to MSD node oxidative_stress.",8.52,8.52,2.0,Epidermal growth factor receptor erbB1 inhibitor,INHIBITOR,0.0,0.0,0.0,0.0,0.0,0.5,0.0
CHEMBL259084,MLN-8054,O=C(O)c1ccc(Nc2ncc3c(n2)-c2ccc(Cl)cc2C(c2c(F)cccc2F)=NC3)cc1,1.0,0.0,0.0,0.5,Low,1,0,0,1,0,1,oxidative_stress,pathway,0.5,oxidative_stress,"Compound annotation contains keyword 'True' (or related pathway term), suggesting relevance to MSD node oxidative_stress.",9.46,6.04,76.0,Serine/threonine-protein kinase Aurora-A inhibitor,INHIBITOR,0.0,0.0,0.0,0.0,0.0,0.5,0.0
CHEMBL26,SULPIRIDE,CCN1CCCC1CNC(=O)c1cc(S(N)(=O)=O)ccc1OC,3.0,0.0,1.0,0.5,Low,1,0,0,1,0,1,oxidative_stress,pathway,0.5,oxidative_stress,"Compound annotation contains keyword 'True' (or related pathway term), suggesting relevance to MSD node oxidative_stress.",9.1,7.34,30.0,Dopamine D2 receptor antagonist,ANTAGONIST,0.0,0.0,0.0,0.0,0.0,0.5,0.0
CHEMBL261454,LY364947,c1ccc(-c2n[nH]cc2-c2ccnc3ccccc23)nc1,,0.0,0.0,0.5,Low,1,0,0,1,0,1,oxidative_stress,pathway,0.5,oxidative_stress,"Compound annotation contains keyword 'True' (or related pathway term), suggesting relevance to MSD node oxidative_stress.",8.3,7.23,5.0,,,0.0,0.0,0.0,0.0,0.0,0.5,0.0
CHEMBL261641,SU11274,Cc1[nH]c(/C=C2\C(=O)Nc3ccc(S(=O)(=O)N(C)c4cccc(Cl)c4)cc32)c(C)c1C(=O)N1CCN(C)CC1,,0.0,0.0,0.5,Low,1,0,0,1,0,1,oxidative_stress,pathway,0.5,oxidative_stress,"Compound annotation contains keyword 'True' (or related pathway term), suggesting relevance to MSD node oxidative_stress.",8.0,7.7,4.0,,,0.0,0.0,0.0,0.0,0.0,0.5,0.0
CHEMBL264406,1-naphthyl-PP1,CC(C)(C)n1nc(-c2cccc3ccccc23)c2c(N)ncnc21,,0.0,0.0,0.5,Low,1,0,0,1,0,1,oxidative_stress,pathway,0.5,oxidative_stress,"Compound annotation contains keyword 'True' (or related pathway term), suggesting relevance to MSD node oxidative_stress.",8.15,6.22,16.0,,,0.0,0.0,0.0,0.0,0.0,0.5,0.0
CHEMBL265502,SURAMIN,Cc1ccc(C(=O)Nc2ccc(S(=O)(=O)O)c3cc(S(=O)(=O)O)cc(S(=O)(=O)O)c23)cc1NC(=O)c1cccc(NC(=O)Nc2cccc(C(=O)Nc3cc(C(=O)Nc4ccc(S(=O)(=O)O)c5cc(S(=O)(=O)O)cc(S(=O)(=O)O)c45)ccc3C)c2)c1,3.0,0.0,0.0,0.5,Low,1,0,0,1,0,1,oxidative_stress,pathway,0.5,oxidative_stress,"Compound annotation contains keyword 'True' (or related pathway term), suggesting relevance to MSD node oxidative_stress.",8.72,5.66,38.0,,,0.0,0.0,0.0,0.0,0.0,0.5,0.0
CHEMBL267345,AMPHOTERICIN B,C[C@@H]1[C@H](O)[C@@H](C)/C=C/C=C/C=C/C=C/C=C/C=C/C=C/[C@H](O[C@@H]2O[C@H](C)[C@@H](O)[C@H](N)[C@@H]2O)C[C@@H]2O[C@](O)(C[C@@H](O)C[C@@H](O)[C@H](O)CC[C@@H](O)C[C@@H](O)CC(=O)O[C@H]1C)C[C@H](O)[C@H]2C(=O)O,4.0,0.0,1.0,0.5,Low,1,0,0,1,0,1,oxidative_stress,pathway,0.5,oxidative_stress,"Compound annotation contains keyword 'True' (or related pathway term), suggesting relevance to MSD node oxidative_stress.",5.96,5.645,2.0,Ergosterol sequestering agent,SEQUESTERING AGENT,0.0,0.0,0.0,0.0,0.0,0.5,0.0
CHEMBL268501,PROQUAZONE,Cc1ccc2c(-c3ccccc3)nc(=O)n(C(C)C)c2c1,2.0,0.0,0.0,0.5,Low,1,0,0,1,0,1,oxidative_stress,pathway,0.5,oxidative_stress,"Compound annotation contains keyword 'True' (or related pathway term), suggesting relevance to MSD node oxidative_stress.",8.7,6.395,5.0,,,0.0,0.0,0.0,0.0,0.0,0.5,0.0
CHEMBL26915,SC-560,COc1ccc(-n2nc(C(F)(F)F)cc2-c2ccc(Cl)cc2)cc1,,0.0,0.0,0.5,Low,1,0,0,1,0,1,oxidative_stress,pathway,0.5,oxidative_stress,"Compound annotation contains keyword 'True' (or related pathway term), suggesting relevance to MSD node oxidative_stress.",8.22,8.0,5.0,,,0.0,0.0,0.0,0.0,0.0,0.5,0.0
CHEMBL269277,BETULINIC ACID,C=C(C)[C@@H]1CC[C@]2(C(=O)O)CC[C@]3(C)[C@H](CC[C@@H]4[C@@]5(C)CC[C@H](O)C(C)(C)[C@@H]5CC[C@]43C)[C@@H]12,1.0,0.0,0.0,0.5,Low,1,0,0,1,0,1,oxidative_stress,pathway,0.5,oxidative_stress,"Compound annotation contains keyword 'True' (or related pathway term), suggesting relevance to MSD node oxidative_stress.",5.99,5.47,10.0,,,0.0,0.0,0.0,0.0,0.0,0.5,0.0
CHEMBL269671,ARTEMISININ,C[C@@H]1CC[C@H]2[C@@H](C)C(=O)O[C@@H]3O[C@@]4(C)CC[C@@H]1[C@]32OO4,3.0,0.0,1.0,0.5,Low,1,0,0,1,0,1,oxidative_stress,pathway,0.5,oxidative_stress,"Compound annotation contains keyword 'True' (or related pathway term), suggesting relevance to MSD node oxidative_stress.",6.28,5.06,2.0,Unknown,,0.0,0.0,0.0,0.0,0.0,0.5,0.0
CHEMBL269881,NU-2058,Nc1nc(OCC2CCCCC2)c2nc[nH]c2n1,,0.0,0.0,0.5,Low,1,0,0,1,0,1,oxidative_stress,pathway,0.5,oxidative_stress,"Compound annotation contains keyword 'True' (or related pathway term), suggesting relevance to MSD node oxidative_stress.",5.92,5.21,7.0,,,0.0,0.0,0.0,0.0,0.0,0.5,0.0
CHEMBL270995,BRIVANIB ALANINATE,Cc1cc2c(F)c(Oc3ncnn4cc(OC[C@@H](C)OC(=O)[C@H](C)N)c(C)c34)ccc2[nH]1,3.0,0.0,0.0,0.5,Low,1,0,0,1,0,1,oxidative_stress,pathway,0.5,oxidative_stress,"Compound annotation contains keyword 'True' (or related pathway term), suggesting relevance to MSD node oxidative_stress.",8.52,5.41,7.0,Fibroblast growth factor receptor inhibitor; Vascular endothelial growth factor receptor inhibitor,INHIBITOR,0.0,0.0,0.0,0.0,0.0,0.5,0.0
CHEMBL273575,NOMIFENSINE,CN1Cc2c(N)cccc2C(c2ccccc2)C1,4.0,1.0,0.0,0.5,Low,1,0,0,1,0,1,oxidative_stress,pathway,0.5,oxidative_stress,"Compound annotation contains keyword 'True' (or related pathway term), suggesting relevance to MSD node oxidative_stress.",8.42,6.94,13.0,,,0.0,0.0,0.0,0.0,0.0,0.5,0.0
CHEMBL274654,ORANTINIB,Cc1[nH]c(/C=C2\C(=O)Nc3ccccc32)c(C)c1CCC(=O)O,3.0,0.0,0.0,0.5,Low,1,0,0,1,0,1,oxidative_stress,pathway,0.5,oxidative_stress,"Compound annotation contains keyword 'True' (or related pathway term), suggesting relevance to MSD node oxidative_stress.",9.52,5.85,33.0,Fibroblast growth factor receptor inhibitor; Platelet-derived growth factor receptor inhibitor; Vascular endothelial growth factor receptor 2 inhibitor,INHIBITOR,0.0,0.0,0.0,0.0,0.0,0.5,0.0
CHEMBL275809,FR-122047,COc1ccc(-c2nc(C(=O)N3CCN(C)CC3)sc2-c2ccc(OC)cc2)cc1,,0.0,0.0,0.5,Low,1,0,0,1,0,1,oxidative_stress,pathway,0.5,oxidative_stress,"Compound annotation contains keyword 'True' (or related pathway term), suggesting relevance to MSD node oxidative_stress.",7.55,7.3,3.0,,,0.0,0.0,0.0,0.0,0.0,0.5,0.0
CHEMBL276711,SEMAXANIB,Cc1cc(C)c(/C=C2\C(=O)Nc3ccccc32)[nH]1,3.0,0.0,0.0,0.5,Low,1,0,0,1,0,1,oxidative_stress,pathway,0.5,oxidative_stress,"Compound annotation contains keyword 'True' (or related pathway term), suggesting relevance to MSD node oxidative_stress.",8.1,6.3,14.0,Stem cell growth factor receptor inhibitor; Vascular endothelial growth factor receptor inhibitor,INHIBITOR,0.0,0.0,0.0,0.0,0.0,0.5,0.0
CHEMBL276832,HYDRALAZINE,NNc1nncc2ccccc12,4.0,0.0,1.0,0.5,Low,1,0,0,1,0,1,oxidative_stress,pathway,0.5,oxidative_stress,"Compound annotation contains keyword 'True' (or related pathway term), suggesting relevance to MSD node oxidative_stress.",6.38,5.775,8.0,,,0.0,0.0,0.0,0.0,0.0,0.5,0.0
CHEMBL277474,ANTIPYRINE,Cc1cc(=O)n(-c2ccccc2)n1C,3.0,0.0,1.0,0.5,Low,1,0,0,1,0,1,oxidative_stress,pathway,0.5,oxidative_stress,"Compound annotation contains keyword 'True' (or related pathway term), suggesting relevance to MSD node oxidative_stress.",9.0,9.0,1.0,Cyclooxygenase-1 inhibitor,INHIBITOR,0.0,0.0,0.0,0.0,0.0,0.5,0.0
CHEMBL277522,FENBUFEN,O=C(O)CCC(=O)c1ccc(-c2ccccc2)cc1,2.0,0.0,1.0,0.5,Low,1,0,0,1,0,1,oxidative_stress,pathway,0.5,oxidative_stress,"Compound annotation contains keyword 'True' (or related pathway term), suggesting relevance to MSD node oxidative_stress.",5.41,5.09,3.0,,,0.0,0.0,0.0,0.0,0.0,0.5,0.0
CHEMBL277535,BIFONAZOLE,c1ccc(-c2ccc(C(c3ccccc3)n3ccnc3)cc2)cc1,3.0,0.0,1.0,0.5,Low,1,0,0,1,0,1,oxidative_stress,pathway,0.5,oxidative_stress,"Compound annotation contains keyword 'True' (or related pathway term), suggesting relevance to MSD node oxidative_stress.",7.25,5.97,12.0,Lanosterol 14-alpha demethylase inhibitor; HMG-CoA reductase inhibitor,INHIBITOR,0.0,0.0,0.0,0.0,0.0,0.5,0.0
CHEMBL278041,SB-202190,Oc1ccc(-c2nc(-c3ccc(F)cc3)c(-c3ccncc3)[nH]2)cc1,,0.0,0.0,0.5,Low,1,0,0,1,0,1,oxidative_stress,pathway,0.5,oxidative_stress,"Compound annotation contains keyword 'True' (or related pathway term), suggesting relevance to MSD node oxidative_stress.",8.3,6.145,55.0,,,0.0,0.0,0.0,0.0,0.0,0.5,0.0
CHEMBL278398,PHENINDAMINE,CN1CCC2=C(C1)C(c1ccccc1)c1ccccc12,2.0,0.0,1.0,0.5,Low,1,0,0,1,0,1,oxidative_stress,pathway,0.5,oxidative_stress,"Compound annotation contains keyword 'True' (or related pathway term), suggesting relevance to MSD node oxidative_stress.",8.8,6.11,5.0,Histamine H1 receptor antagonist,ANTAGONIST,0.0,0.0,0.0,0.0,0.0,0.5,0.0
CHEMBL278819,MINAPRINE,Cc1cc(-c2ccccc2)nnc1NCCN1CCOCC1,4.0,1.0,1.0,0.5,Low,1,0,0,1,0,1,oxidative_stress,pathway,0.5,oxidative_stress,"Compound annotation contains keyword 'True' (or related pathway term), suggesting relevance to MSD node oxidative_stress.",5.86,5.06,7.0,Acetylcholinesterase inhibitor; Dopamine D1 and D2 receptor agonist; Monoamine oxidase A inhibitor; Muscarinic acetylcholine receptor M1 agonist; Serotonin 2 (5-HT2) receptor antagonist,INHIBITOR; AGONIST; ANTAGONIST,0.0,0.0,0.0,0.0,0.0,0.5,0.0
CHEMBL279390,LAZABEMIDE,NCCNC(=O)c1ccc(Cl)cn1,2.0,0.0,0.0,0.5,Low,1,0,0,1,0,1,oxidative_stress,pathway,0.5,oxidative_stress,"Compound annotation contains keyword 'True' (or related pathway term), suggesting relevance to MSD node oxidative_stress.",8.41,7.04,2.0,,,0.0,0.0,0.0,0.0,0.0,0.5,0.0
CHEMBL279785,MARIMASTAT,CNC(=O)[C@@H](NC(=O)[C@H](CC(C)C)[C@H](O)C(=O)NO)C(C)(C)C,3.0,0.0,0.0,0.5,Low,1,0,0,1,0,1,oxidative_stress,pathway,0.5,oxidative_stress,"Compound annotation contains keyword 'True' (or related pathway term), suggesting relevance to MSD node oxidative_stress.",9.4,8.375,20.0,Matrix metalloproteinase 9 inhibitor; Matrix metalloproteinase-1 inhibitor; Matrix metalloproteinase 12 inhibitor; Matrix metalloproteinase-2 inhibitor; Matrix metalloproteinase 3 inhibitor; Matrix metalloproteinase 7 inhibitor,INHIBITOR,0.0,0.0,0.0,0.0,0.0,0.5,0.0
CHEMBL28,APIGENIN,O=c1cc(-c2ccc(O)cc2)oc2cc(O)cc(O)c12,,0.0,0.0,0.5,Low,1,0,0,1,0,1,oxidative_stress,pathway,0.5,oxidative_stress,"Compound annotation contains keyword 'True' (or related pathway term), suggesting relevance to MSD node oxidative_stress.",7.92,5.77,48.0,,,0.0,0.0,0.0,0.0,0.0,0.5,0.0
CHEMBL282093,SC-236,NS(=O)(=O)c1ccc(-n2nc(C(F)(F)F)cc2-c2ccc(Cl)cc2)cc1,,0.0,0.0,0.5,Low,1,0,0,1,0,1,oxidative_stress,pathway,0.5,oxidative_stress,"Compound annotation contains keyword 'True' (or related pathway term), suggesting relevance to MSD node oxidative_stress.",9.35,8.0,2.0,,,0.0,0.0,0.0,0.0,0.0,0.5,0.0
CHEMBL284616,CHLOROGENIC ACID,O=C(/C=C/c1ccc(O)c(O)c1)O[C@@H]1C[C@](O)(C(=O)O)C[C@@H](O)[C@H]1O,2.0,0.0,0.0,0.5,Low,1,0,0,1,0,1,oxidative_stress,pathway,0.5,oxidative_stress,"Compound annotation contains keyword 'True' (or related pathway term), suggesting relevance to MSD node oxidative_stress.",7.0,6.02,4.0,,,0.0,0.0,0.0,0.0,0.0,0.5,0.0
CHEMBL285063,PD-168393,C=CC(=O)Nc1ccc2ncnc(Nc3cccc(Br)c3)c2c1,,0.0,0.0,0.5,Low,1,0,0,1,0,1,oxidative_stress,pathway,0.5,oxidative_stress,"Compound annotation contains keyword 'True' (or related pathway term), suggesting relevance to MSD node oxidative_stress.",10.1,7.685,10.0,,,0.0,0.0,0.0,0.0,0.0,0.5,0.0
CHEMBL28626,MORIN,O=c1c(O)c(-c2ccc(O)cc2O)oc2cc(O)cc(O)c12,,0.0,0.0,0.5,Low,1,0,0,1,0,1,oxidative_stress,pathway,0.5,oxidative_stress,"Compound annotation contains keyword 'True' (or related pathway term), suggesting relevance to MSD node oxidative_stress.",5.88,5.29,23.0,,,0.0,0.0,0.0,0.0,0.0,0.5,0.0
CHEMBL28636,DERACOXIB,COc1ccc(-c2cc(C(F)F)nn2-c2ccc(S(N)(=O)=O)cc2)cc1F,2.0,0.0,0.0,0.5,Low,1,0,0,1,0,1,oxidative_stress,pathway,0.5,oxidative_stress,"Compound annotation contains keyword 'True' (or related pathway term), suggesting relevance to MSD node oxidative_stress.",7.3,7.3,2.0,,,0.0,0.0,0.0,0.0,0.0,0.5,0.0
CHEMBL289277,EMODIN,Cc1cc(O)c2c(c1)C(=O)c1cc(O)cc(O)c1C2=O,,0.0,0.0,0.5,Low,1,0,0,1,0,1,oxidative_stress,pathway,0.5,oxidative_stress,"Compound annotation contains keyword 'True' (or related pathway term), suggesting relevance to MSD node oxidative_stress.",6.62,5.715,13.0,,,0.0,0.0,0.0,0.0,0.0,0.5,0.0
CHEMBL290106,BITHIONOL,Oc1c(Cl)cc(Cl)cc1Sc1cc(Cl)cc(Cl)c1O,4.0,1.0,0.0,0.5,Low,1,0,0,1,0,1,oxidative_stress,pathway,0.5,oxidative_stress,"Compound annotation contains keyword 'True' (or related pathway term), suggesting relevance to MSD node oxidative_stress.",7.21,5.62,35.0,Unknown,,0.0,0.0,0.0,0.0,0.0,0.5,0.0
CHEMBL29197,PD-153035,COc1cc2ncnc(Nc3cccc(Br)c3)c2cc1OC,,0.0,0.0,0.5,Low,1,0,0,1,0,1,oxidative_stress,pathway,0.5,oxidative_stress,"Compound annotation contains keyword 'True' (or related pathway term), suggesting relevance to MSD node oxidative_stress.",10.6,6.7,15.0,,,0.0,0.0,0.0,0.0,0.0,0.5,0.0
CHEMBL294199,CAPSAICIN,COc1cc(CNC(=O)CCCC/C=C/C(C)C)ccc1O,4.0,0.0,1.0,0.5,Low,1,0,0,1,0,1,oxidative_stress,pathway,0.5,oxidative_stress,"Compound annotation contains keyword 'True' (or related pathway term), suggesting relevance to MSD node oxidative_stress.",8.6,6.44,8.0,Vanilloid receptor opener,OPENER,0.0,0.0,0.0,0.0,0.0,0.5,0.0
CHEMBL296407,tyrphostin-AG-99,N#C/C(=C\c1ccc(O)c(O)c1)C(N)=O,,0.0,0.0,0.5,Low,1,0,0,1,0,1,oxidative_stress,pathway,0.5,oxidative_stress,"Compound annotation contains keyword 'True' (or related pathway term), suggesting relevance to MSD node oxidative_stress.",5.46,5.19,3.0,,,0.0,0.0,0.0,0.0,0.0,0.5,0.0
CHEMBL296586,KENPAULLONE,O=C1Cc2c([nH]c3ccc(Br)cc23)-c2ccccc2N1,,0.0,0.0,0.5,Low,1,0,0,1,0,1,oxidative_stress,pathway,0.5,oxidative_stress,"Compound annotation contains keyword 'True' (or related pathway term), suggesting relevance to MSD node oxidative_stress.",8.4,6.4,43.0,,,0.0,0.0,0.0,0.0,0.0,0.5,0.0
CHEMBL300138,ENZASTAURIN,Cn1cc(C2=C(c3cn(C4CCN(Cc5ccccn5)CC4)c4ccccc34)C(=O)NC2=O)c2ccccc21,3.0,0.0,0.0,0.5,Low,1,0,0,1,0,1,oxidative_stress,pathway,0.5,oxidative_stress,"Compound annotation contains keyword 'True' (or related pathway term), suggesting relevance to MSD node oxidative_stress.",8.22,6.0,78.0,Protein kinase C beta inhibitor,INHIBITOR,0.0,0.0,0.0,0.0,0.0,0.5,0.0
CHEMBL300982,LICOFELONE,CC1(C)Cc2c(-c3ccccc3)c(-c3ccc(Cl)cc3)c(CC(=O)O)n2C1,2.0,0.0,0.0,0.5,Low,1,0,0,1,0,1,oxidative_stress,pathway,0.5,oxidative_stress,"Compound annotation contains keyword 'True' (or related pathway term), suggesting relevance to MSD node oxidative_stress.",7.0,6.43,9.0,,,0.0,0.0,0.0,0.0,0.0,0.5,0.0
CHEMBL302795,TENOXICAM,CN1C(C(=O)Nc2ccccn2)=C(O)c2sccc2S1(=O)=O,2.0,0.0,1.0,0.5,Low,1,0,0,1,0,1,oxidative_stress,pathway,0.5,oxidative_stress,"Compound annotation contains keyword 'True' (or related pathway term), suggesting relevance to MSD node oxidative_stress.",5.94,5.77,2.0,,,0.0,0.0,0.0,0.0,0.0,0.5,0.0
CHEMBL3039525,GOLVATINIB,CN1CCN(C2CCN(C(=O)Nc3cc(Oc4ccc(NC(=O)C5(C(=O)Nc6ccc(F)cc6)CC5)c(F)c4)ccn3)CC2)CC1,2.0,0.0,0.0,0.5,Low,1,0,0,1,0,1,oxidative_stress,pathway,0.5,oxidative_stress,"Compound annotation contains keyword 'True' (or related pathway term), suggesting relevance to MSD node oxidative_stress.",8.4,6.54,38.0,Hepatocyte growth factor receptor inhibitor; Vascular endothelial growth factor receptor 2 inhibitor,INHIBITOR,0.0,0.0,0.0,0.0,0.0,0.5,0.0
CHEMBL305660,EBASTINE,CC(C)(C)c1ccc(C(=O)CCCN2CCC(OC(c3ccccc3)c3ccccc3)CC2)cc1,4.0,0.0,0.0,0.5,Low,1,0,0,1,0,1,oxidative_stress,pathway,0.5,oxidative_stress,"Compound annotation contains keyword 'True' (or related pathway term), suggesting relevance to MSD node oxidative_stress.",8.48,6.19,41.0,Histamine H1 receptor inverse agonist,INVERSE AGONIST,0.0,0.0,0.0,0.0,0.0,0.5,0.0
CHEMBL305906,CETYLPYRIDINIUM,CCCCCCCCCCCCCCCC[n+]1ccccc1,3.0,0.0,1.0,0.5,Low,1,0,0,1,0,1,oxidative_stress,pathway,0.5,oxidative_stress,"Compound annotation contains keyword 'True' (or related pathway term), suggesting relevance to MSD node oxidative_stress.",6.26,5.48,17.0,Unknown,,0.0,0.0,0.0,0.0,0.0,0.5,0.0
CHEMBL306380,PP-1,Cc1ccc(-c2nn(C(C)(C)C)c3ncnc(N)c23)cc1,,0.0,0.0,0.5,Low,1,0,0,1,0,1,oxidative_stress,pathway,0.5,oxidative_stress,"Compound annotation contains keyword 'True' (or related pathway term), suggesting relevance to MSD node oxidative_stress.",8.5,6.4,61.0,,,0.0,0.0,0.0,0.0,0.0,0.5,0.0
CHEMBL306946,TRYPTANTHRIN,O=C1c2ccccc2-n2c1nc1ccccc1c2=O,,0.0,0.0,0.5,Low,1,0,0,1,0,1,oxidative_stress,pathway,0.5,oxidative_stress,"Compound annotation contains keyword 'True' (or related pathway term), suggesting relevance to MSD node oxidative_stress.",7.27,5.725,10.0,,,0.0,0.0,0.0,0.0,0.0,0.5,0.0
CHEMBL307261,ARTENIMOL,C[C@H]1[C@@H](O)O[C@@H]2O[C@@]3(C)CC[C@H]4[C@H](C)CC[C@@H]1[C@@]24OO3,3.0,0.0,1.0,0.5,Low,1,0,0,1,0,1,oxidative_stress,pathway,0.5,oxidative_stress,"Compound annotation contains keyword 'True' (or related pathway term), suggesting relevance to MSD node oxidative_stress.",5.02,5.02,1.0,Ferriprotoporphyrin IX binding agent,BINDING AGENT,0.0,0.0,0.0,0.0,0.0,0.5,0.0
CHEMBL3092807,UNC2250,CCCCNc1ncc(-c2ccc(CN3CCOCC3)cn2)c(N[C@H]2CC[C@H](O)CC2)n1,,0.0,0.0,0.5,Low,1,0,0,1,0,1,oxidative_stress,pathway,0.5,oxidative_stress,"Compound annotation contains keyword 'True' (or related pathway term), suggesting relevance to MSD node oxidative_stress.",8.77,7.505,3.0,,,0.0,0.0,0.0,0.0,0.0,0.5,0.0
CHEMBL3094448,TC-S-7004,COc1ncc2cc(C(=O)Nc3cc(C(=O)NCc4cccc(Cl)c4)ccc3Cl)c(=O)[nH]c2n1,,0.0,0.0,0.5,Low,1,0,0,1,0,1,oxidative_stress,pathway,0.5,oxidative_stress,"Compound annotation contains keyword 'True' (or related pathway term), suggesting relevance to MSD node oxidative_stress.",7.66,7.415,2.0,,,0.0,0.0,0.0,0.0,0.0,0.5,0.0
CHEMBL310555,OXYQUINOLINE,Oc1cccc2cccnc12,-1.0,0.0,0.0,0.5,Low,1,0,0,1,0,1,oxidative_stress,pathway,0.5,oxidative_stress,"Compound annotation contains keyword 'True' (or related pathway term), suggesting relevance to MSD node oxidative_stress.",6.8,5.595000000000001,5.0,,,0.0,0.0,0.0,0.0,0.0,0.5,0.0
CHEMBL310671,SACCHARIN,O=C1NS(=O)(=O)c2ccccc21,3.0,0.0,0.0,0.5,Low,1,0,0,1,0,1,oxidative_stress,pathway,0.5,oxidative_stress,"Compound annotation contains keyword 'True' (or related pathway term), suggesting relevance to MSD node oxidative_stress.",8.0,5.22,20.0,,,0.0,0.0,0.0,0.0,0.0,0.5,0.0
CHEMBL311498,CIANIDANOL,Oc1cc(O)c2c(c1)O[C@H](c1ccc(O)c(O)c1)[C@@H](O)C2,4.0,1.0,0.0,0.5,Low,1,0,0,1,0,1,oxidative_stress,pathway,0.5,oxidative_stress,"Compound annotation contains keyword 'True' (or related pathway term), suggesting relevance to MSD node oxidative_stress.",6.22,5.785,4.0,Unknown,,0.0,0.0,0.0,0.0,0.0,0.5,0.0
CHEMBL3115681,NARAZACICLIB,CN1CCN(c2ccc(Nc3ncc4cc(C#N)c(=O)n(C5CCCC5)c4n3)cc2)CC1,2.0,0.0,0.0,0.5,Low,1,0,0,1,0,1,oxidative_stress,pathway,0.5,oxidative_stress,"Compound annotation contains keyword 'True' (or related pathway term), suggesting relevance to MSD node oxidative_stress.",8.42,7.58,17.0,,,0.0,0.0,0.0,0.0,0.0,0.5,0.0
CHEMBL3128043,PF-03758309,Cc1nc(Nc2n[nH]c3c2CN(C(=O)N[C@H](CN(C)C)c2ccccc2)C3(C)C)c2sccc2n1,1.0,0.0,0.0,0.5,Low,1,0,0,1,0,1,oxidative_stress,pathway,0.5,oxidative_stress,"Compound annotation contains keyword 'True' (or related pathway term), suggesting relevance to MSD node oxidative_stress.",9.0,7.0,94.0,Serine/threonine-protein kinase PAK 4 inhibitor,INHIBITOR,0.0,0.0,0.0,0.0,0.0,0.5,0.0
CHEMBL313417,SKF-86002,Fc1ccc(-c2nc3n(c2-c2ccncc2)CCS3)cc1,,0.0,0.0,0.5,Low,1,0,0,1,0,1,oxidative_stress,pathway,0.5,oxidative_stress,"Compound annotation contains keyword 'True' (or related pathway term), suggesting relevance to MSD node oxidative_stress.",6.96,5.955,3.0,,,0.0,0.0,0.0,0.0,0.0,0.5,0.0
CHEMBL313833,tranylcypromine,NC1CC1c1ccccc1,,0.0,0.0,0.5,Low,1,0,0,1,0,1,oxidative_stress,pathway,0.5,oxidative_stress,"Compound annotation contains keyword 'True' (or related pathway term), suggesting relevance to MSD node oxidative_stress.",6.06,5.43,5.0,,,0.0,0.0,0.0,0.0,0.0,0.5,0.0
CHEMBL316040,TEPOXALIN,COc1ccc(-n2nc(CCC(=O)N(C)O)cc2-c2ccc(Cl)cc2)cc1,2.0,0.0,0.0,0.5,Low,1,0,0,1,0,1,oxidative_stress,pathway,0.5,oxidative_stress,"Compound annotation contains keyword 'True' (or related pathway term), suggesting relevance to MSD node oxidative_stress.",7.16,5.77,4.0,Cyclooxygenase-1 inhibitor; Cyclooxygenase-2 inhibitor; Arachidonate 5-lipoxygenase inhibitor,INHIBITOR,0.0,0.0,0.0,0.0,0.0,0.5,0.0
CHEMBL3182343,PIVAMPICILLIN,CC(C)(C)C(=O)OCOC(=O)[C@@H]1N2C(=O)[C@@H](NC(=O)[C@H](N)c3ccccc3)[C@H]2SC1(C)C,2.0,0.0,1.0,0.5,Low,1,0,0,1,0,1,oxidative_stress,pathway,0.5,oxidative_stress,"Compound annotation contains keyword 'True' (or related pathway term), suggesting relevance to MSD node oxidative_stress.",5.3,5.215,2.0,Bacterial penicillin-binding protein inhibitor,INHIBITOR,0.0,0.0,0.0,0.0,0.0,0.5,0.0
CHEMBL3185434,ID-8,COc1ccc(-n2c(C)c([N+](=O)[O-])c3ccc(O)cc32)cc1,,0.0,0.0,0.5,Low,1,0,0,1,0,1,oxidative_stress,pathway,0.5,oxidative_stress,"Compound annotation contains keyword 'True' (or related pathway term), suggesting relevance to MSD node oxidative_stress.",5.95,5.5,5.0,,,0.0,0.0,0.0,0.0,0.0,0.5,0.0
CHEMBL319136,CP-91149,CN(C)C(=O)[C@H](O)[C@H](Cc1ccccc1)NC(=O)c1cc2cc(Cl)ccc2[nH]1,,0.0,0.0,0.5,Low,1,0,0,1,0,1,oxidative_stress,pathway,0.5,oxidative_stress,"Compound annotation contains keyword 'True' (or related pathway term), suggesting relevance to MSD node oxidative_stress.",7.09,6.96,2.0,,,0.0,0.0,0.0,0.0,0.0,0.5,0.0
CHEMBL319244,CAFFEIC ACID PHENETHYL ESTER,O=C(/C=C/c1ccc(O)c(O)c1)OCCc1ccccc1,,0.0,0.0,0.5,Low,1,0,0,1,0,1,oxidative_stress,pathway,0.5,oxidative_stress,"Compound annotation contains keyword 'True' (or related pathway term), suggesting relevance to MSD node oxidative_stress.",7.34,5.645,20.0,,,0.0,0.0,0.0,0.0,0.0,0.5,0.0
CHEMBL31965,CANERTINIB,C=CC(=O)Nc1cc2c(Nc3ccc(F)c(Cl)c3)ncnc2cc1OCCCN1CCOCC1,3.0,0.0,0.0,0.5,Low,1,0,0,1,0,1,oxidative_stress,pathway,0.5,oxidative_stress,"Compound annotation contains keyword 'True' (or related pathway term), suggesting relevance to MSD node oxidative_stress.",10.4,5.96,108.0,,,0.0,0.0,0.0,0.0,0.0,0.5,0.0
CHEMBL322970,SB-415286,O=C1NC(=O)C(c2ccccc2[N+](=O)[O-])=C1Nc1ccc(O)c(Cl)c1,,0.0,0.0,0.5,Low,1,0,0,1,0,1,oxidative_stress,pathway,0.5,oxidative_stress,"Compound annotation contains keyword 'True' (or related pathway term), suggesting relevance to MSD node oxidative_stress.",7.62,7.07,6.0,,,0.0,0.0,0.0,0.0,0.0,0.5,0.0
CHEMBL32350,PIRLINDOLE,Cc1ccc2c(c1)c1c3n2CCNC3CCC1,2.0,0.0,0.0,0.5,Low,1,0,0,1,0,1,oxidative_stress,pathway,0.5,oxidative_stress,"Compound annotation contains keyword 'True' (or related pathway term), suggesting relevance to MSD node oxidative_stress.",6.67,5.3,5.0,,,0.0,0.0,0.0,0.0,0.0,0.5,0.0
CHEMBL3237719,AMG-925,C[C@H]1CC[C@H](n2c3cnccc3c3cnc(Nc4ccc5c(n4)CCN(C(=O)CO)C5)nc32)CC1,,0.0,0.0,0.5,Low,1,0,0,1,0,1,oxidative_stress,pathway,0.5,oxidative_stress,"Compound annotation contains keyword 'True' (or related pathway term), suggesting relevance to MSD node oxidative_stress.",9.0,8.52,4.0,,,0.0,0.0,0.0,0.0,0.0,0.5,0.0
CHEMBL324842,ROSMARINIC ACID,O=C(/C=C/c1ccc(O)c(O)c1)O[C@H](Cc1ccc(O)c(O)c1)C(=O)O,,0.0,0.0,0.5,Low,1,0,0,1,0,1,oxidative_stress,pathway,0.5,oxidative_stress,"Compound annotation contains keyword 'True' (or related pathway term), suggesting relevance to MSD node oxidative_stress.",7.57,5.42,11.0,,,0.0,0.0,0.0,0.0,0.0,0.5,0.0
CHEMBL328190,LASOFOXIFENE,Oc1ccc2c(c1)CC[C@H](c1ccccc1)[C@@H]2c1ccc(OCCN2CCCC2)cc1,4.0,0.0,1.0,0.5,Low,1,0,0,1,0,1,oxidative_stress,pathway,0.5,oxidative_stress,"Compound annotation contains keyword 'True' (or related pathway term), suggesting relevance to MSD node oxidative_stress.",8.89,5.8,23.0,Estrogen receptor modulator,MODULATOR,0.0,0.0,0.0,0.0,0.0,0.5,0.0
CHEMBL3286797,PF-04418948,COc1ccc2cc(OCC3(C(=O)O)CN(C(=O)c4ccc(F)cc4)C3)ccc2c1,1.0,0.0,0.0,0.5,Low,1,0,0,1,0,1,oxidative_stress,pathway,0.5,oxidative_stress,"Compound annotation contains keyword 'True' (or related pathway term), suggesting relevance to MSD node oxidative_stress.",8.74,6.28,5.0,,,0.0,0.0,0.0,0.0,0.0,0.5,0.0
CHEMBL3301610,ABEMACICLIB,CCN1CCN(Cc2ccc(Nc3ncc(F)c(-c4cc(F)c5nc(C)n(C(C)C)c5c4)n3)nc2)CC1,4.0,0.0,1.0,0.5,Low,1,0,0,1,0,1,oxidative_stress,pathway,0.5,oxidative_stress,"Compound annotation contains keyword 'True' (or related pathway term), suggesting relevance to MSD node oxidative_stress.",9.59,7.24,73.0,Cyclin-dependent kinase 4 inhibitor; Cyclin-dependent kinase 6 inhibitor,INHIBITOR,0.0,0.0,0.0,0.0,0.0,0.5,0.0
CHEMBL3301625,SPEBRUTINIB,C=CC(=O)Nc1cccc(Nc2nc(Nc3ccc(OCCOC)cc3)ncc2F)c1,2.0,0.0,0.0,0.5,Low,1,0,0,1,0,1,oxidative_stress,pathway,0.5,oxidative_stress,"Compound annotation contains keyword 'True' (or related pathway term), suggesting relevance to MSD node oxidative_stress.",9.3,7.67,10.0,,,0.0,0.0,0.0,0.0,0.0,0.5,0.0
CHEMBL3326006,UNC2025,CCCCNc1ncc2c(-c3ccc(CN4CCN(C)CC4)cc3)cn([C@H]3CC[C@H](O)CC3)c2n1,,0.0,0.0,0.5,Low,1,0,0,1,0,1,oxidative_stress,pathway,0.5,oxidative_stress,"Compound annotation contains keyword 'True' (or related pathway term), suggesting relevance to MSD node oxidative_stress.",9.46,8.235,11.0,,,0.0,0.0,0.0,0.0,0.0,0.5,0.0
CHEMBL333826,DEQUALINIUM,Cc1cc(N)c2ccccc2[n+]1CCCCCCCCCC[n+]1c(C)cc(N)c2ccccc21,4.0,1.0,1.0,0.5,Low,1,0,0,1,0,1,oxidative_stress,pathway,0.5,oxidative_stress,"Compound annotation contains keyword 'True' (or related pathway term), suggesting relevance to MSD node oxidative_stress.",7.58,5.83,21.0,Unknown,,0.0,0.0,0.0,0.0,0.0,0.5,0.0
CHEMBL3348923,TOVORAFENIB,C[C@@H](NC(=O)c1ncnc(N)c1Cl)c1ncc(C(=O)Nc2cc(C(F)(F)F)c(Cl)cn2)s1,4.0,0.0,1.0,0.5,Low,1,0,0,1,0,1,oxidative_stress,pathway,0.5,oxidative_stress,"Compound annotation contains keyword 'True' (or related pathway term), suggesting relevance to MSD node oxidative_stress.",7.2,6.2,24.0,RAF serine/threonine protein kinase inhibitor,INHIBITOR,0.0,0.0,0.0,0.0,0.0,0.5,0.0
CHEMBL3353410,OSIMERTINIB,C=CC(=O)Nc1cc(Nc2nccc(-c3cn(C)c4ccccc34)n2)c(OC)cc1N(C)CCN(C)C,4.0,0.0,1.0,0.5,Low,1,0,0,1,0,1,oxidative_stress,pathway,0.5,oxidative_stress,"Compound annotation contains keyword 'True' (or related pathway term), suggesting relevance to MSD node oxidative_stress.",10.7,7.825,27.0,Epidermal growth factor receptor erbB1 inhibitor,INHIBITOR,0.0,0.0,0.0,0.0,0.0,0.5,0.0
CHEMBL336961,AZAKENPAULLONE,O=C1Cc2c([nH]c3ccc(Br)cc23)-c2ncccc2N1,,0.0,0.0,0.5,Low,1,0,0,1,0,1,oxidative_stress,pathway,0.5,oxidative_stress,"Compound annotation contains keyword 'True' (or related pathway term), suggesting relevance to MSD node oxidative_stress.",8.4,6.2,15.0,,,0.0,0.0,0.0,0.0,0.0,0.5,0.0
CHEMBL3397300,AP26113,COc1cc(N2CCC(N(C)C)CC2)ccc1Nc1ncc(Cl)c(Nc2ccccc2P(C)(C)=O)n1,,0.0,0.0,0.5,Low,1,0,0,1,0,1,oxidative_stress,pathway,0.5,oxidative_stress,"Compound annotation contains keyword 'True' (or related pathway term), suggesting relevance to MSD node oxidative_stress.",10.15,8.395,6.0,,,0.0,0.0,0.0,0.0,0.0,0.5,0.0
CHEMBL3421968,AZ191,COc1cc(N2CCN(C)CC2)ccc1Nc1nccc(-c2cn(C)c3cnccc23)n1,,0.0,0.0,0.5,Low,1,0,0,1,0,1,oxidative_stress,pathway,0.5,oxidative_stress,"Compound annotation contains keyword 'True' (or related pathway term), suggesting relevance to MSD node oxidative_stress.",8.59,6.955,11.0,,,0.0,0.0,0.0,0.0,0.0,0.5,0.0
CHEMBL35228,PYRONARIDINE,COc1ccc2nc3cc(Cl)ccc3c(Nc3cc(CN4CCCC4)c(O)c(CN4CCCC4)c3)c2n1,3.0,0.0,0.0,0.5,Low,1,0,0,1,0,1,oxidative_stress,pathway,0.5,oxidative_stress,"Compound annotation contains keyword 'True' (or related pathway term), suggesting relevance to MSD node oxidative_stress.",6.55,5.24,5.0,,,0.0,0.0,0.0,0.0,0.0,0.5,0.0
CHEMBL353187,U-0521,CC(C)C(=O)c1ccc(O)c(O)c1,,0.0,0.0,0.5,Low,1,0,0,1,0,1,oxidative_stress,pathway,0.5,oxidative_stress,"Compound annotation contains keyword 'True' (or related pathway term), suggesting relevance to MSD node oxidative_stress.",5.22,5.22,1.0,,,0.0,0.0,0.0,0.0,0.0,0.5,0.0
CHEMBL3544911,PREXASERTIB,COc1cccc(OCCCN)c1-c1cc(Nc2cnc(C#N)cn2)n[nH]1,2.0,0.0,0.0,0.5,Low,1,0,0,1,0,1,oxidative_stress,pathway,0.5,oxidative_stress,"Compound annotation contains keyword 'True' (or related pathway term), suggesting relevance to MSD node oxidative_stress.",9.27,7.19,8.0,Serine/threonine-protein kinase Chk1 inhibitor; Serine/threonine-protein kinase Chk2 inhibitor,INHIBITOR,0.0,0.0,0.0,0.0,0.0,0.5,0.0
CHEMBL3544932,TAK-901,CCS(=O)(=O)c1cccc(-c2cc(C(=O)NC3CCN(C)CC3)c(C)c3[nH]c4ncc(C)cc4c23)c1,1.0,0.0,0.0,0.5,Low,1,0,0,1,0,1,oxidative_stress,pathway,0.5,oxidative_stress,"Compound annotation contains keyword 'True' (or related pathway term), suggesting relevance to MSD node oxidative_stress.",10.7,6.21,77.0,Serine/threonine-protein kinase Aurora-B inhibitor,INHIBITOR,0.0,0.0,0.0,0.0,0.0,0.5,0.0
CHEMBL3545083,RGB-286638,COCCN1CCN(Cc2ccc(-c3n[nH]c4c3C(=O)c3c(NC(=O)NN5CCOCC5)cccc3-4)cc2)CC1,1.0,0.0,0.0,0.5,Low,1,0,0,1,0,1,oxidative_stress,pathway,0.5,oxidative_stress,"Compound annotation contains keyword 'True' (or related pathway term), suggesting relevance to MSD node oxidative_stress.",9.0,7.0,63.0,Cyclin-dependent kinase 1 inhibitor; Cyclin-dependent kinase 2 inhibitor; Cyclin-dependent kinase 4 inhibitor; Cyclin-dependent kinase 5 inhibitor; Cyclin-dependent kinase 7 inhibitor; Cyclin-dependent kinase 9 inhibitor,INHIBITOR,0.0,0.0,0.0,0.0,0.0,0.5,0.0
CHEMBL3545154,POZIOTINIB,C=CC(=O)N1CCC(Oc2cc3c(Nc4ccc(Cl)c(Cl)c4F)ncnc3cc2OC)CC1,3.0,0.0,0.0,0.5,Low,1,0,0,1,0,1,oxidative_stress,pathway,0.5,oxidative_stress,"Compound annotation contains keyword 'True' (or related pathway term), suggesting relevance to MSD node oxidative_stress.",10.21,8.52,12.0,Epidermal growth factor receptor inhibitor,INHIBITOR,0.0,0.0,0.0,0.0,0.0,0.5,0.0
CHEMBL3545185,SELINEXOR,O=C(/C=C\n1cnc(-c2cc(C(F)(F)F)cc(C(F)(F)F)c2)n1)NNc1cnccn1,4.0,0.0,1.0,0.5,Low,1,0,0,1,0,1,oxidative_stress,pathway,0.5,oxidative_stress,"Compound annotation contains keyword 'True' (or related pathway term), suggesting relevance to MSD node oxidative_stress.",7.92,7.26,3.0,Exportin-1 inhibitor,INHIBITOR,0.0,0.0,0.0,0.0,0.0,0.5,0.0
CHEMBL3545307,MERESTINIB,Cc1ccc(C(=O)Nc2ccc(Oc3cc4cnn(C)c4cc3-c3cn[nH]c3)c(F)c2)c(=O)n1-c1ccc(F)cc1,2.0,0.0,0.0,0.5,Low,1,0,0,1,0,1,oxidative_stress,pathway,0.5,oxidative_stress,"Compound annotation contains keyword 'True' (or related pathway term), suggesting relevance to MSD node oxidative_stress.",9.1,7.96,13.0,Hepatocyte growth factor receptor inhibitor,INHIBITOR,0.0,0.0,0.0,0.0,0.0,0.5,0.0
CHEMBL3545308,ROCILETINIB,C=CC(=O)Nc1cccc(Nc2nc(Nc3ccc(N4CCN(C(C)=O)CC4)cc3OC)ncc2C(F)(F)F)c1,3.0,0.0,1.0,0.5,Low,1,0,0,1,0,1,oxidative_stress,pathway,0.5,oxidative_stress,"Compound annotation contains keyword 'True' (or related pathway term), suggesting relevance to MSD node oxidative_stress.",8.89,7.67,11.0,Epidermal growth factor receptor erbB1 inhibitor,INHIBITOR,0.0,0.0,0.0,0.0,0.0,0.5,0.0
CHEMBL354541,LOMITAPIDE,O=C(NC1CCN(CCCCC2(C(=O)NCC(F)(F)F)c3ccccc3-c3ccccc32)CC1)c1ccccc1-c1ccc(C(F)(F)F)cc1,4.0,0.0,1.0,0.5,Low,1,0,0,1,0,1,oxidative_stress,pathway,0.5,oxidative_stress,"Compound annotation contains keyword 'True' (or related pathway term), suggesting relevance to MSD node oxidative_stress.",9.3,5.79,12.0,,,0.0,0.0,0.0,0.0,0.0,0.5,0.0
CHEMBL35482,PD-98059,COc1cccc(-c2cc(=O)c3ccccc3o2)c1N,,0.0,0.0,0.5,Low,1,0,0,1,0,1,oxidative_stress,pathway,0.5,oxidative_stress,"Compound annotation contains keyword 'True' (or related pathway term), suggesting relevance to MSD node oxidative_stress.",6.7,5.475,9.0,,,0.0,0.0,0.0,0.0,0.0,0.5,0.0
CHEMBL3577124,LY-3009120,CNc1ncc2cc(-c3cc(NC(=O)NCCC(C)(C)C)c(F)cc3C)c(C)nc2n1,1.0,0.0,0.0,0.5,Low,1,0,0,1,0,1,oxidative_stress,pathway,0.5,oxidative_stress,"Compound annotation contains keyword 'True' (or related pathway term), suggesting relevance to MSD node oxidative_stress.",10.21,7.41,17.0,Serine/threonine-protein kinase B-raf inhibitor; Serine/threonine-protein kinase RAF inhibitor; Serine/threonine-protein kinase A-Raf inhibitor,INHIBITOR,0.0,0.0,0.0,0.0,0.0,0.5,0.0
CHEMBL357995,BOPINDOLOL,Cc1cc2c(OCC(CNC(C)(C)C)OC(=O)c3ccccc3)cccc2[nH]1,2.0,0.0,0.0,0.5,Low,1,0,0,1,0,1,oxidative_stress,pathway,0.5,oxidative_stress,"Compound annotation contains keyword 'True' (or related pathway term), suggesting relevance to MSD node oxidative_stress.",8.32,6.34,14.0,,,0.0,0.0,0.0,0.0,0.0,0.5,0.0
CHEMBL3600873,MK-5108,O=C(O)[C@]1(Cc2cccc(Nc3nccs3)n2)CC[C@@H](Oc2cccc(Cl)c2F)CC1,1.0,0.0,0.0,0.5,Low,1,0,0,1,0,1,oxidative_stress,pathway,0.5,oxidative_stress,"Compound annotation contains keyword 'True' (or related pathway term), suggesting relevance to MSD node oxidative_stress.",10.34,6.609999999999999,32.0,Serine/threonine-protein kinase Aurora-A inhibitor,INHIBITOR,0.0,0.0,0.0,0.0,0.0,0.5,0.0
CHEMBL361497,ARTESUNATE,C[C@H]1[C@H](OC(=O)CCC(=O)O)O[C@@H]2O[C@@]3(C)CC[C@H]4[C@H](C)CC[C@@H]1[C@@]24OO3,4.0,0.0,1.0,0.5,Low,1,0,0,1,0,1,oxidative_stress,pathway,0.5,oxidative_stress,"Compound annotation contains keyword 'True' (or related pathway term), suggesting relevance to MSD node oxidative_stress.",5.8,5.8,1.0,Unknown,,0.0,0.0,0.0,0.0,0.0,0.5,0.0
CHEMBL361812,RAMATROBAN,O=C(O)CCn1c2c(c3ccccc31)C[C@H](NS(=O)(=O)c1ccc(F)cc1)CC2,4.0,0.0,0.0,0.5,Low,1,0,0,1,0,1,oxidative_stress,pathway,0.5,oxidative_stress,"Compound annotation contains keyword 'True' (or related pathway term), suggesting relevance to MSD node oxidative_stress.",9.24,7.14,3.0,G protein-coupled receptor 44 antagonist; Thromboxane A2 receptor antagonist,ANTAGONIST,0.0,0.0,0.0,0.0,0.0,0.5,0.0
CHEMBL362223,L-655240,Cc1c(CC(C)(C)C(=O)O)n(Cc2ccc(Cl)cc2)c2ccc(F)cc12,,0.0,0.0,0.5,Low,1,0,0,1,0,1,oxidative_stress,pathway,0.5,oxidative_stress,"Compound annotation contains keyword 'True' (or related pathway term), suggesting relevance to MSD node oxidative_stress.",5.58,5.58,1.0,,,0.0,0.0,0.0,0.0,0.0,0.5,0.0
CHEMBL3623290,AZD-3759,COc1cc2ncnc(Nc3cccc(Cl)c3F)c2cc1OC(=O)N1CCN(C)C[C@H]1C,2.0,0.0,0.0,0.5,Low,1,0,0,1,0,1,oxidative_stress,pathway,0.5,oxidative_stress,"Compound annotation contains keyword 'True' (or related pathway term), suggesting relevance to MSD node oxidative_stress.",9.7,8.125,4.0,Epidermal growth factor receptor erbB1 inhibitor,INHIBITOR,0.0,0.0,0.0,0.0,0.0,0.5,0.0
CHEMBL362558,LY-2090314,O=C1NC(=O)C(c2cnc3ccccn23)=C1c1cn2c3c(cc(F)cc13)CN(C(=O)N1CCCCC1)CC2,2.0,0.0,0.0,0.5,Low,1,0,0,1,0,1,oxidative_stress,pathway,0.5,oxidative_stress,"Compound annotation contains keyword 'True' (or related pathway term), suggesting relevance to MSD node oxidative_stress.",9.15,5.9,29.0,Glycogen synthase kinase-3 beta inhibitor; Glycogen synthase kinase-3 alpha inhibitor,INHIBITOR,0.0,0.0,0.0,0.0,0.0,0.5,0.0
CHEMBL363160,PHA-680632,CCc1cccc(CC)c1NC(=O)N1Cc2[nH]nc(NC(=O)c3ccc(N4CCN(C)CC4)cc3)c2C1,,0.0,0.0,0.5,Low,1,0,0,1,0,1,oxidative_stress,pathway,0.5,oxidative_stress,"Compound annotation contains keyword 'True' (or related pathway term), suggesting relevance to MSD node oxidative_stress.",8.73,6.92,6.0,,,0.0,0.0,0.0,0.0,0.0,0.5,0.0
CHEMBL36327,EPICATECHIN GALLATE,O=C(O[C@@H]1Cc2c(O)cc(O)cc2O[C@@H]1c1ccc(O)c(O)c1)c1cc(O)c(O)c(O)c1,,0.0,0.0,0.5,Low,1,0,0,1,0,1,oxidative_stress,pathway,0.5,oxidative_stress,"Compound annotation contains keyword 'True' (or related pathway term), suggesting relevance to MSD node oxidative_stress.",7.8,6.4,18.0,,,0.0,0.0,0.0,0.0,0.0,0.5,0.0
CHEMBL363535,TANSHINONE I,Cc1coc2c1C(=O)C(=O)c1c-2ccc2c(C)cccc12,,0.0,0.0,0.5,Low,1,0,0,1,0,1,oxidative_stress,pathway,0.5,oxidative_stress,"Compound annotation contains keyword 'True' (or related pathway term), suggesting relevance to MSD node oxidative_stress.",6.16,5.625,9.0,,,0.0,0.0,0.0,0.0,0.0,0.5,0.0
CHEMBL363648,TAK-715,CCc1nc(-c2cccc(C)c2)c(-c2ccnc(NC(=O)c3ccccc3)c2)s1,2.0,0.0,0.0,0.5,Low,1,0,0,1,0,1,oxidative_stress,pathway,0.5,oxidative_stress,"Compound annotation contains keyword 'True' (or related pathway term), suggesting relevance to MSD node oxidative_stress.",8.15,6.5,25.0,MAP kinase p38 alpha inhibitor,INHIBITOR,0.0,0.0,0.0,0.0,0.0,0.5,0.0
CHEMBL364713,NOSCAPINE,COc1ccc2c(c1OC)C(=O)O[C@@H]2[C@H]1c2c(cc3c(c2OC)OCO3)CCN1C,2.0,0.0,1.0,0.5,Low,1,0,0,1,0,1,oxidative_stress,pathway,0.5,oxidative_stress,"Compound annotation contains keyword 'True' (or related pathway term), suggesting relevance to MSD node oxidative_stress.",6.9,5.9,8.0,,,0.0,0.0,0.0,0.0,0.0,0.5,0.0
CHEMBL367463,PRANOPROFEN,CC(C(=O)O)c1ccc2c(c1)Cc1cccnc1O2,2.0,0.0,0.0,0.5,Low,1,0,0,1,0,1,oxidative_stress,pathway,0.5,oxidative_stress,"Compound annotation contains keyword 'True' (or related pathway term), suggesting relevance to MSD node oxidative_stress.",6.41,6.235,3.0,,,0.0,0.0,0.0,0.0,0.0,0.5,0.0
CHEMBL3699142,BI-847325,CCNC(=O)C#Cc1ccc2c(c1)NC(=O)/C2=C(\Nc1ccc(CN(C)C)cc1)c1ccccc1,,0.0,0.0,0.5,Low,1,0,0,1,0,1,oxidative_stress,pathway,0.5,oxidative_stress,"Compound annotation contains keyword 'True' (or related pathway term), suggesting relevance to MSD node oxidative_stress.",8.52,6.23,53.0,,,0.0,0.0,0.0,0.0,0.0,0.5,0.0
CHEMBL374478,RIFAMPIN,CO[C@H]1/C=C/O[C@@]2(C)Oc3c(C)c(O)c4c(O)c(c(/C=N/N5CCN(C)CC5)c(O)c4c3C2=O)NC(=O)/C(C)=C\C=C\[C@H](C)[C@H](O)[C@@H](C)[C@@H](O)[C@@H](C)[C@H](OC(C)=O)[C@@H]1C,4.0,0.0,1.0,0.5,Low,1,0,0,1,0,1,oxidative_stress,pathway,0.5,oxidative_stress,"Compound annotation contains keyword 'True' (or related pathway term), suggesting relevance to MSD node oxidative_stress.",7.52,5.63,16.0,Bacterial DNA-directed RNA polymerase inhibitor,INHIBITOR,0.0,0.0,0.0,0.0,0.0,0.5,0.0
CHEMBL3752910,NVP-BHG712,Cc1ccc(C(=O)Nc2cccc(C(F)(F)F)c2)cc1Nc1nc(-c2cccnc2)nc2c1cnn2C,,0.0,0.0,0.5,Low,1,0,0,1,0,1,oxidative_stress,pathway,0.5,oxidative_stress,"Compound annotation contains keyword 'True' (or related pathway term), suggesting relevance to MSD node oxidative_stress.",10.07,6.36,1015.0,,,0.0,0.0,0.0,0.0,0.0,0.5,0.0
CHEMBL3786343,OLMUTINIB,C=CC(=O)Nc1cccc(Oc2nc(Nc3ccc(N4CCN(C)CC4)cc3)nc3ccsc23)c1,4.0,0.0,1.0,0.5,Low,1,0,0,1,0,1,oxidative_stress,pathway,0.5,oxidative_stress,"Compound annotation contains keyword 'True' (or related pathway term), suggesting relevance to MSD node oxidative_stress.",9.05,6.305,18.0,Epidermal growth factor receptor erbB1 inhibitor,INHIBITOR,0.0,0.0,0.0,0.0,0.0,0.5,0.0
CHEMBL379218,A-674563,Cc1n[nH]c2ccc(-c3cncc(OC[C@@H](N)Cc4ccccc4)c3)cc12,,0.0,0.0,0.5,Low,1,0,0,1,0,1,oxidative_stress,pathway,0.5,oxidative_stress,"Compound annotation contains keyword 'True' (or related pathway term), suggesting relevance to MSD node oxidative_stress.",9.29,6.19,140.0,,,0.0,0.0,0.0,0.0,0.0,0.5,0.0
CHEMBL3808844,LDC1267,CCOc1cn(-c2ccc(F)cc2C)nc1C(=O)Nc1ccc(Oc2ccnc3cc(OC)c(OC)cc23)c(F)c1,,0.0,0.0,0.5,Low,1,0,0,1,0,1,oxidative_stress,pathway,0.5,oxidative_stress,"Compound annotation contains keyword 'True' (or related pathway term), suggesting relevance to MSD node oxidative_stress.",8.32,7.44,12.0,,,0.0,0.0,0.0,0.0,0.0,0.5,0.0
CHEMBL384304,RG-547,COc1ccc(F)c(F)c1C(=O)c1cnc(NC2CCN(S(C)(=O)=O)CC2)nc1N,2.0,0.0,0.0,0.5,Low,1,0,0,1,0,1,oxidative_stress,pathway,0.5,oxidative_stress,"Compound annotation contains keyword 'True' (or related pathway term), suggesting relevance to MSD node oxidative_stress.",10.0,6.77,57.0,Cyclin-dependent kinase 1 inhibitor; Cyclin-dependent kinase 2 inhibitor; Cyclin-dependent kinase 4 inhibitor,INHIBITOR,0.0,0.0,0.0,0.0,0.0,0.5,0.0
CHEMBL3907479,FGFR INHIBITOR DEBIO 1347,Cc1nc2ccc(-n3ncc(C(=O)c4cc5ccccc5[nH]4)c3N)cc2[nH]1,2.0,0.0,0.0,0.5,Low,1,0,0,1,0,1,oxidative_stress,pathway,0.5,oxidative_stress,"Compound annotation contains keyword 'True' (or related pathway term), suggesting relevance to MSD node oxidative_stress.",8.52,7.66,12.0,Fibroblast growth factor receptor 2 inhibitor; Fibroblast growth factor receptor 3 inhibitor; Fibroblast growth factor receptor 1 inhibitor,INHIBITOR,0.0,0.0,0.0,0.0,0.0,0.5,0.0
CHEMBL391533,COROSOLIC ACID,C[C@H]1[C@H](C)CC[C@]2(C(=O)O)CC[C@]3(C)C(=CC[C@@H]4[C@@]5(C)C[C@@H](O)[C@H](O)C(C)(C)[C@@H]5CC[C@]43C)[C@H]12,,0.0,0.0,0.5,Low,1,0,0,1,0,1,oxidative_stress,pathway,0.5,oxidative_stress,"Compound annotation contains keyword 'True' (or related pathway term), suggesting relevance to MSD node oxidative_stress.",6.3,5.39,4.0,,,0.0,0.0,0.0,0.0,0.0,0.5,0.0
CHEMBL3932957,KG-5,CSc1nc(N)cc(Oc2ccc(-c3nnc(Nc4cccc(C(F)(F)F)c4)[nH]3)cc2)n1,,0.0,0.0,0.5,Low,1,0,0,1,0,1,oxidative_stress,pathway,0.5,oxidative_stress,"Compound annotation contains keyword 'True' (or related pathway term), suggesting relevance to MSD node oxidative_stress.",7.28,6.645,6.0,,,0.0,0.0,0.0,0.0,0.0,0.5,0.0
CHEMBL393525,PIK-75,Cc1ccc([N+](=O)[O-])cc1S(=O)(=O)N(C)/N=C/c1cnc2ccc(Br)cn12,,0.0,0.0,0.5,Low,1,0,0,1,0,1,oxidative_stress,pathway,0.5,oxidative_stress,"Compound annotation contains keyword 'True' (or related pathway term), suggesting relevance to MSD node oxidative_stress.",10.25,8.155000000000001,21.0,,,0.0,0.0,0.0,0.0,0.0,0.5,0.0
CHEMBL3939289,ONO-8130,Cc1csc(S(=O)(=O)N(CC(C)C)c2cc3c(cc2OCc2ccc(C(=O)O)cc2)CCC3)n1,,0.0,0.0,0.5,Low,1,0,0,1,0,1,oxidative_stress,pathway,0.5,oxidative_stress,"Compound annotation contains keyword 'True' (or related pathway term), suggesting relevance to MSD node oxidative_stress.",8.03,8.03,1.0,,,0.0,0.0,0.0,0.0,0.0,0.5,0.0
CHEMBL3941724,KRCA-0008,COc1cc(N2CCN(C(C)=O)CC2)ccc1Nc1ncc(Cl)c(Nc2ccc(N3CCN(C(C)=O)CC3)cc2OC)n1,,0.0,0.0,0.5,Low,1,0,0,1,0,1,oxidative_stress,pathway,0.5,oxidative_stress,"Compound annotation contains keyword 'True' (or related pathway term), suggesting relevance to MSD node oxidative_stress.",7.92,7.52,1.0,,,0.0,0.0,0.0,0.0,0.0,0.5,0.0
CHEMBL394527,GPi-688,O=C(N[C@@H]1Cc2ccccc2N(C[C@@H](O)CO)C1=O)c1cc2cc(Cl)sc2[nH]1,,0.0,0.0,0.5,Low,1,0,0,1,0,1,oxidative_stress,pathway,0.5,oxidative_stress,"Compound annotation contains keyword 'True' (or related pathway term), suggesting relevance to MSD node oxidative_stress.",7.4,7.4,1.0,,,0.0,0.0,0.0,0.0,0.0,0.5,0.0
CHEMBL396778,SAFINAMIDE,C[C@H](NCc1ccc(OCc2cccc(F)c2)cc1)C(N)=O,4.0,0.0,1.0,0.5,Low,1,0,0,1,0,1,oxidative_stress,pathway,0.5,oxidative_stress,"Compound annotation contains keyword 'True' (or related pathway term), suggesting relevance to MSD node oxidative_stress.",8.64,7.6,4.0,Monoamine oxidase B inhibitor,INHIBITOR,0.0,0.0,0.0,0.0,0.0,0.5,0.0
CHEMBL398440,CHLOROXYLENOL,Cc1cc(O)cc(C)c1Cl,2.0,0.0,1.0,0.5,Low,1,0,0,1,0,1,oxidative_stress,pathway,0.5,oxidative_stress,"Compound annotation contains keyword 'True' (or related pathway term), suggesting relevance to MSD node oxidative_stress.",6.1,5.74,4.0,Unknown,,0.0,0.0,0.0,0.0,0.0,0.5,0.0
CHEMBL3989908,ENASIDENIB,CC(C)(O)CNc1nc(Nc2ccnc(C(F)(F)F)c2)nc(-c2cccc(C(F)(F)F)n2)n1,4.0,0.0,1.0,0.5,Low,1,0,0,1,0,1,oxidative_stress,pathway,0.5,oxidative_stress,"Compound annotation contains keyword 'True' (or related pathway term), suggesting relevance to MSD node oxidative_stress.",8.52,6.44,8.0,,,0.0,0.0,0.0,0.0,0.0,0.5,0.0
CHEMBL3990456,PF-477736,Cn1cc(-c2[nH]c3cc(NC(=O)[C@H](N)C4CCCCC4)cc4c3c2C=NNC4=O)cn1,,0.0,0.0,0.5,Low,1,0,0,1,0,1,oxidative_stress,pathway,0.5,oxidative_stress,"Compound annotation contains keyword 'True' (or related pathway term), suggesting relevance to MSD node oxidative_stress.",9.31,7.42,12.0,,,0.0,0.0,0.0,0.0,0.0,0.5,0.0
CHEMBL399121,HESPERETIN,COc1ccc([C@@H]2CC(=O)c3c(O)cc(O)cc3O2)cc1O,0.5,0.0,0.0,0.5,Low,1,0,0,1,0,1,oxidative_stress,pathway,0.5,oxidative_stress,"Compound annotation contains keyword 'True' (or related pathway term), suggesting relevance to MSD node oxidative_stress.",8.48,5.75,14.0,,,0.0,0.0,0.0,0.0,0.0,0.5,0.0
CHEMBL3991929,Cerdulatinib Hydrochloride,CCS(=O)(=O)N1CCN(c2ccc(Nc3ncc(C(N)=O)c(NC4CC4)n3)cc2)CC1.Cl,,0.0,0.0,0.5,Low,1,0,0,1,0,1,oxidative_stress,pathway,0.5,oxidative_stress,"Compound annotation contains keyword 'True' (or related pathway term), suggesting relevance to MSD node oxidative_stress.",9.15,6.165,50.0,,,0.0,0.0,0.0,0.0,0.0,0.5,0.0
CHEMBL3991934,ACTB-1003,COCc1c(-c2ccc(NC(=O)Nc3cc(C(F)(F)F)ccc3F)c(F)c2)c2c(N)ncnn2c1CN1CCOCC1,,0.0,0.0,0.5,Low,1,0,0,1,0,1,oxidative_stress,pathway,0.5,oxidative_stress,"Compound annotation contains keyword 'True' (or related pathway term), suggesting relevance to MSD node oxidative_stress.",7.4,5.57,15.0,,,0.0,0.0,0.0,0.0,0.0,0.5,0.0
CHEMBL399530,CCT018159,CCc1cc(-c2[nH]nc(C)c2-c2ccc3c(c2)OCCO3)c(O)cc1O,,0.0,0.0,0.5,Low,1,0,0,1,0,1,oxidative_stress,pathway,0.5,oxidative_stress,"Compound annotation contains keyword 'True' (or related pathway term), suggesting relevance to MSD node oxidative_stress.",6.55,5.42,6.0,,,0.0,0.0,0.0,0.0,0.0,0.5,0.0
CHEMBL399572,remodelin,N#Cc1ccc(-c2csc(NN=C3CCCC3)n2)cc1,,0.0,0.0,0.5,Low,1,0,0,1,0,1,oxidative_stress,pathway,0.5,oxidative_stress,"Compound annotation contains keyword 'True' (or related pathway term), suggesting relevance to MSD node oxidative_stress.",6.66,6.42,2.0,,,0.0,0.0,0.0,0.0,0.0,0.5,0.0
CHEMBL400402,TG-100572,Cc1cc(-c2cc(O)ccc2Cl)cc2nnc(Nc3ccc(OCCN4CCCC4)cc3)nc12,,0.0,0.0,0.5,Low,1,0,0,1,0,1,oxidative_stress,pathway,0.5,oxidative_stress,"Compound annotation contains keyword 'True' (or related pathway term), suggesting relevance to MSD node oxidative_stress.",9.52,8.74,33.0,,,0.0,0.0,0.0,0.0,0.0,0.5,0.0
CHEMBL401930,BMS-536924,Cc1cc(N2CCOCC2)cc2[nH]c(-c3c(NC[C@@H](O)c4cccc(Cl)c4)cc[nH]c3=O)nc12,,0.0,0.0,0.5,Low,1,0,0,1,0,1,oxidative_stress,pathway,0.5,oxidative_stress,"Compound annotation contains keyword 'True' (or related pathway term), suggesting relevance to MSD node oxidative_stress.",7.46,6.96,10.0,,,0.0,0.0,0.0,0.0,0.0,0.5,0.0
CHEMBL402548,DANUSERTIB,CO[C@@H](C(=O)N1Cc2[nH]nc(NC(=O)c3ccc(N4CCN(C)CC4)cc3)c2C1)c1ccccc1,2.0,0.0,0.0,0.5,Low,1,0,0,1,0,1,oxidative_stress,pathway,0.5,oxidative_stress,"Compound annotation contains keyword 'True' (or related pathway term), suggesting relevance to MSD node oxidative_stress.",8.67,7.06,76.0,Serine/threonine-protein kinase Aurora inhibitor,INHIBITOR,0.0,0.0,0.0,0.0,0.0,0.5,0.0
CHEMBL40275,ALOE-EMODIN,O=C1c2cccc(O)c2C(=O)c2c(O)cc(CO)cc21,,0.0,0.0,0.5,Low,1,0,0,1,0,1,oxidative_stress,pathway,0.5,oxidative_stress,"Compound annotation contains keyword 'True' (or related pathway term), suggesting relevance to MSD node oxidative_stress.",5.75,5.54,3.0,,,0.0,0.0,0.0,0.0,0.0,0.5,0.0
CHEMBL403989,TG100-801,Cc1cc(-c2cc(OC(=O)c3ccccc3)ccc2Cl)cc2nnc(Nc3ccc(OCCN4CCCC4)cc3)nc12,2.0,0.0,0.0,0.5,Low,1,0,0,1,0,1,oxidative_stress,pathway,0.5,oxidative_stress,"Compound annotation contains keyword 'True' (or related pathway term), suggesting relevance to MSD node oxidative_stress.",7.19,5.99,15.0,SRC inhibitor; Ephrin type-B receptor 4 inhibitor; Fibroblast growth factor receptor 1 inhibitor; Fibroblast growth factor receptor 2 inhibitor; Platelet-derived growth factor receptor beta inhibitor; Vascular endothelial growth factor receptor 1 inhibitor; Vascular endothelial growth factor receptor 2 inhibitor,INHIBITOR,0.0,0.0,0.0,0.0,0.0,0.5,0.0
CHEMBL404108,LUMIRACOXIB,Cc1ccc(Nc2c(F)cccc2Cl)c(CC(=O)O)c1,4.0,1.0,1.0,0.5,Low,1,0,0,1,0,1,oxidative_stress,pathway,0.5,oxidative_stress,"Compound annotation contains keyword 'True' (or related pathway term), suggesting relevance to MSD node oxidative_stress.",8.15,6.93,5.0,Cyclooxygenase-2 inhibitor,INHIBITOR,0.0,0.0,0.0,0.0,0.0,0.5,0.0
CHEMBL404505,2-BFI,c1ccc2oc(C3=NCCN3)cc2c1,,0.0,0.0,0.5,Low,1,0,0,1,0,1,oxidative_stress,pathway,0.5,oxidative_stress,"Compound annotation contains keyword 'True' (or related pathway term), suggesting relevance to MSD node oxidative_stress.",8.8,5.37,5.0,,,0.0,0.0,0.0,0.0,0.0,0.5,0.0
CHEMBL404519,BEVIRIMAT,C=C(C)[C@@H]1CC[C@]2(C(=O)O)CC[C@]3(C)[C@H](CC[C@@H]4[C@@]5(C)CC[C@H](OC(=O)CC(C)(C)C(=O)O)C(C)(C)[C@@H]5CC[C@]43C)[C@@H]12,2.0,0.0,0.0,0.5,Low,1,0,0,1,0,1,oxidative_stress,pathway,0.5,oxidative_stress,"Compound annotation contains keyword 'True' (or related pathway term), suggesting relevance to MSD node oxidative_stress.",8.0,6.26,2.0,,,0.0,0.0,0.0,0.0,0.0,0.5,0.0
CHEMBL406,INDAPAMIDE,CC1Cc2ccccc2N1NC(=O)c1ccc(Cl)c(S(N)(=O)=O)c1,4.0,0.0,1.0,0.5,Low,1,0,0,1,0,1,oxidative_stress,pathway,0.5,oxidative_stress,"Compound annotation contains keyword 'True' (or related pathway term), suggesting relevance to MSD node oxidative_stress.",9.64,6.539999999999999,14.0,Thiazide-sensitive sodium-chloride cotransporter inhibitor,INHIBITOR,0.0,0.0,0.0,0.0,0.0,0.5,0.0
CHEMBL4060033,SHP099,CC1(N)CCN(c2cnc(-c3cccc(Cl)c3Cl)c(N)n2)CC1,,0.0,0.0,0.5,Low,1,0,0,1,0,1,oxidative_stress,pathway,0.5,oxidative_stress,"Compound annotation contains keyword 'True' (or related pathway term), suggesting relevance to MSD node oxidative_stress.",9.84,7.15,2.0,,,0.0,0.0,0.0,0.0,0.0,0.5,0.0
CHEMBL406375,GTP-14564,c1ccc(-c2n[nH]c3c2oc2ccccc23)cc1,,0.0,0.0,0.5,Low,1,0,0,1,0,1,oxidative_stress,pathway,0.5,oxidative_stress,"Compound annotation contains keyword 'True' (or related pathway term), suggesting relevance to MSD node oxidative_stress.",6.52,6.52,5.0,,,0.0,0.0,0.0,0.0,0.0,0.5,0.0
CHEMBL406845,PP-2,CC(C)(C)n1nc(-c2ccc(Cl)cc2)c2c(N)ncnc21,,0.0,0.0,0.5,Low,1,0,0,1,0,1,oxidative_stress,pathway,0.5,oxidative_stress,"Compound annotation contains keyword 'True' (or related pathway term), suggesting relevance to MSD node oxidative_stress.",9.1,6.2,34.0,,,0.0,0.0,0.0,0.0,0.0,0.5,0.0
CHEMBL407874,6-O-BENZYLGUANINE,Nc1nc(OCc2ccccc2)c2nc[nH]c2n1,3.0,0.0,0.0,0.5,Low,1,0,0,1,0,1,oxidative_stress,pathway,0.5,oxidative_stress,"Compound annotation contains keyword 'True' (or related pathway term), suggesting relevance to MSD node oxidative_stress.",7.41,6.255,6.0,,,0.0,0.0,0.0,0.0,0.0,0.5,0.0
CHEMBL408,TROGLITAZONE,Cc1c(C)c2c(c(C)c1O)CCC(C)(COc1ccc(CC3SC(=O)NC3=O)cc1)O2,4.0,1.0,1.0,0.5,Low,1,0,0,1,0,1,oxidative_stress,pathway,0.5,oxidative_stress,"Compound annotation contains keyword 'True' (or related pathway term), suggesting relevance to MSD node oxidative_stress.",7.28,5.68,37.0,Peroxisome proliferator-activated receptor gamma agonist,AGONIST,0.0,0.0,0.0,0.0,0.0,0.5,0.0
CHEMBL408513,BELINOSTAT,O=C(/C=C/c1cccc(S(=O)(=O)Nc2ccccc2)c1)NO,4.0,0.0,1.0,0.5,Low,1,0,0,1,0,1,oxidative_stress,pathway,0.5,oxidative_stress,"Compound annotation contains keyword 'True' (or related pathway term), suggesting relevance to MSD node oxidative_stress.",9.07,7.39,17.0,Histone deacetylase inhibitor,INHIBITOR,0.0,0.0,0.0,0.0,0.0,0.5,0.0
CHEMBL408982,TG-003,CCN1/C(=C/C(C)=O)Sc2ccc(OC)cc21,,0.0,0.0,0.5,Low,1,0,0,1,0,1,oxidative_stress,pathway,0.5,oxidative_stress,"Compound annotation contains keyword 'True' (or related pathway term), suggesting relevance to MSD node oxidative_stress.",8.13,7.355,19.0,,,0.0,0.0,0.0,0.0,0.0,0.5,0.0
CHEMBL410295,TC-S-7003,Cc1cccc(C)c1-n1c(=O)c2cnc(Nc3ccc(N4CCN(C)CC4)cc3)nc2n2c3ccccc3nc12,,0.0,0.0,0.5,Low,1,0,0,1,0,1,oxidative_stress,pathway,0.5,oxidative_stress,"Compound annotation contains keyword 'True' (or related pathway term), suggesting relevance to MSD node oxidative_stress.",8.15,6.26,13.0,,,0.0,0.0,0.0,0.0,0.0,0.5,0.0
CHEMBL414,CARZENIDE,NS(=O)(=O)c1ccc(C(=O)O)cc1,2.0,0.0,0.0,0.5,Low,1,0,0,1,0,1,oxidative_stress,pathway,0.5,oxidative_stress,"Compound annotation contains keyword 'True' (or related pathway term), suggesting relevance to MSD node oxidative_stress.",7.58,6.88,24.0,,,0.0,0.0,0.0,0.0,0.0,0.5,0.0
CHEMBL415049,BARASERTIB,CCN(CCCOc1ccc2c(Nc3cc(CC(=O)Nc4cccc(F)c4)[nH]n3)ncnc2c1)CCOP(=O)(O)O,3.0,0.0,0.0,0.5,Low,1,0,0,1,0,1,oxidative_stress,pathway,0.5,oxidative_stress,"Compound annotation contains keyword 'True' (or related pathway term), suggesting relevance to MSD node oxidative_stress.",9.45,6.8,21.0,Serine/threonine-protein kinase Aurora-B inhibitor,INHIBITOR,0.0,0.0,0.0,0.0,0.0,0.5,0.0
CHEMBL415324,TRANILAST,COc1ccc(/C=C/C(=O)Nc2ccccc2C(=O)O)cc1OC,3.0,0.0,0.0,0.5,Low,1,0,0,1,0,1,oxidative_stress,pathway,0.5,oxidative_stress,"Compound annotation contains keyword 'True' (or related pathway term), suggesting relevance to MSD node oxidative_stress.",5.13,5.13,1.0,,,0.0,0.0,0.0,0.0,0.0,0.5,0.0
CHEMBL416146,ETORICOXIB,Cc1ccc(-c2ncc(Cl)cc2-c2ccc(S(C)(=O)=O)cc2)cn1,4.0,0.0,1.0,0.5,Low,1,0,0,1,0,1,oxidative_stress,pathway,0.5,oxidative_stress,"Compound annotation contains keyword 'True' (or related pathway term), suggesting relevance to MSD node oxidative_stress.",7.16,6.25,4.0,Cyclooxygenase-2 inhibitor,INHIBITOR,0.0,0.0,0.0,0.0,0.0,0.5,0.0
CHEMBL416956,MEFLOQUINE,OC(c1cc(C(F)(F)F)nc2c(C(F)(F)F)cccc12)C1CCCCN1,4.0,0.0,1.0,0.5,Low,1,0,0,1,0,1,oxidative_stress,pathway,0.5,oxidative_stress,"Compound annotation contains keyword 'True' (or related pathway term), suggesting relevance to MSD node oxidative_stress.",7.05,5.25,14.0,,,0.0,0.0,0.0,0.0,0.0,0.5,0.0
CHEMBL419,MAFENIDE,NCc1ccc(S(N)(=O)=O)cc1,4.0,0.0,1.0,0.5,Low,1,0,0,1,0,1,oxidative_stress,pathway,0.5,oxidative_stress,"Compound annotation contains keyword 'True' (or related pathway term), suggesting relevance to MSD node oxidative_stress.",9.52,6.77,23.0,,,0.0,0.0,0.0,0.0,0.0,0.5,0.0
CHEMBL420,GUANABENZ,N=C(N)N/N=C/c1c(Cl)cccc1Cl,4.0,0.0,1.0,0.5,Low,1,0,0,1,0,1,oxidative_stress,pathway,0.5,oxidative_stress,"Compound annotation contains keyword 'True' (or related pathway term), suggesting relevance to MSD node oxidative_stress.",8.09,6.63,19.0,,,0.0,0.0,0.0,0.0,0.0,0.5,0.0
CHEMBL4203266,AZD3463,COc1cc(N2CCC(N)CC2)ccc1Nc1ncc(Cl)c(-c2c[nH]c3ccccc23)n1,,0.0,0.0,0.5,Low,1,0,0,1,0,1,oxidative_stress,pathway,0.5,oxidative_stress,"Compound annotation contains keyword 'True' (or related pathway term), suggesting relevance to MSD node oxidative_stress.",9.12,9.12,1.0,,,0.0,0.0,0.0,0.0,0.0,0.5,0.0
CHEMBL4238186,TFC-007,O=C(Nc1ccc(N2CCC(C(=O)N3CCOCC3)CC2)cc1)c1cnc(Oc2ccccc2)nc1,,0.0,0.0,0.5,Low,1,0,0,1,0,1,oxidative_stress,pathway,0.5,oxidative_stress,"Compound annotation contains keyword 'True' (or related pathway term), suggesting relevance to MSD node oxidative_stress.",9.43,6.925,1.0,,,0.0,0.0,0.0,0.0,0.0,0.5,0.0
CHEMBL4238926,"Peficitinib (ASP015K, JNJ-54781532)",NC(=O)c1cnc2[nH]ccc2c1NC1C2CC3CC1CC(O)(C3)C2,,0.0,0.0,0.5,Low,1,0,0,1,0,1,oxidative_stress,pathway,0.5,oxidative_stress,"Compound annotation contains keyword 'True' (or related pathway term), suggesting relevance to MSD node oxidative_stress.",9.37,8.405000000000001,4.0,,,0.0,0.0,0.0,0.0,0.0,0.5,0.0
CHEMBL42485,DUP-697,CS(=O)(=O)c1ccc(-c2cc(Br)sc2-c2ccc(F)cc2)cc1,,0.0,0.0,0.5,Low,1,0,0,1,0,1,oxidative_stress,pathway,0.5,oxidative_stress,"Compound annotation contains keyword 'True' (or related pathway term), suggesting relevance to MSD node oxidative_stress.",8.7,7.23,8.0,,,0.0,0.0,0.0,0.0,0.0,0.5,0.0
CHEMBL428647,PACLITAXEL,CC(=O)O[C@H]1C(=O)[C@@]2(C)[C@H]([C@H](OC(=O)c3ccccc3)[C@]3(O)C[C@H](OC(=O)[C@H](O)[C@@H](NC(=O)c4ccccc4)c4ccccc4)C(C)=C1C3(C)C)[C@]1(OC(C)=O)CO[C@@H]1C[C@@H]2O,4.0,0.0,1.0,0.5,Low,1,0,0,1,0,1,oxidative_stress,pathway,0.5,oxidative_stress,"Compound annotation contains keyword 'True' (or related pathway term), suggesting relevance to MSD node oxidative_stress.",8.11,5.64,14.0,Tubulin inhibitor,INHIBITOR,0.0,0.0,0.0,0.0,0.0,0.5,0.0
CHEMBL428690,ALVOCIDIB,CN1CC[C@H](c2c(O)cc(O)c3c(=O)cc(-c4ccccc4Cl)oc23)[C@H](O)C1,3.0,0.0,0.0,0.5,Low,1,0,0,1,0,1,oxidative_stress,pathway,0.5,oxidative_stress,"Compound annotation contains keyword 'True' (or related pathway term), suggesting relevance to MSD node oxidative_stress.",9.16,6.255,169.0,Cyclin-dependent kinase 2 inhibitor; Cyclin-dependent kinase 4 inhibitor; Cyclin-dependent kinase 6 inhibitor; Cyclin-dependent kinase 9 inhibitor; Cyclin-dependent kinase 1 inhibitor; Cyclin-dependent kinase 7 inhibitor,INHIBITOR,0.0,0.0,0.0,0.0,0.0,0.5,0.0
CHEMBL4294155,XL019,O=C(Nc1ccc(-c2ccnc(Nc3ccc(N4CCOCC4)cc3)n2)cc1)[C@@H]1CCCN1,,0.0,0.0,0.5,Low,1,0,0,1,0,1,oxidative_stress,pathway,0.5,oxidative_stress,"Compound annotation contains keyword 'True' (or related pathway term), suggesting relevance to MSD node oxidative_stress.",8.7,8.7,1.0,,,0.0,0.0,0.0,0.0,0.0,0.5,0.0
CHEMBL4297399,LY-2608204,O=C(Nc1ncc(SCCN2CCCC2)s1)[C@]1(c2ccc(S(=O)(=O)C3CC3)cc2)C[C@H]1C1CCCCC1,2.0,0.0,0.0,0.5,Low,1,0,0,1,0,1,oxidative_stress,pathway,0.5,oxidative_stress,"Compound annotation contains keyword 'True' (or related pathway term), suggesting relevance to MSD node oxidative_stress.",,,0.0,Hexokinase type IV activator,ACTIVATOR,0.0,0.0,0.0,0.0,0.0,0.5,0.0
CHEMBL4297530,SAROGLITAZAR,CCO[C@@H](Cc1ccc(OCCn2c(C)ccc2-c2ccc(SC)cc2)cc1)C(=O)O,3.0,0.0,0.0,0.5,Low,1,0,0,1,0,1,oxidative_stress,pathway,0.5,oxidative_stress,"Compound annotation contains keyword 'True' (or related pathway term), suggesting relevance to MSD node oxidative_stress.",5.07,5.045,2.0,Peroxisome proliferator-activated receptor alpha agonist; Peroxisome proliferator-activated receptor gamma agonist,AGONIST,0.0,0.0,0.0,0.0,0.0,0.5,0.0
CHEMBL43,AMSACRINE,COc1cc(NS(C)(=O)=O)ccc1Nc1c2ccccc2nc2ccccc12,4.0,0.0,1.0,0.5,Low,1,0,0,1,0,1,oxidative_stress,pathway,0.5,oxidative_stress,"Compound annotation contains keyword 'True' (or related pathway term), suggesting relevance to MSD node oxidative_stress.",6.68,5.1850000000000005,18.0,DNA topoisomerase II inhibitor,INHIBITOR,0.0,0.0,0.0,0.0,0.0,0.5,0.0
CHEMBL4303275,SAR131675,CCn1c(N)c(C(=O)NC)c(=O)c2ccc(C#C[C@@](C)(O)COC)nc21,,0.0,0.0,0.5,Low,1,0,0,1,0,1,oxidative_stress,pathway,0.5,oxidative_stress,"Compound annotation contains keyword 'True' (or related pathway term), suggesting relevance to MSD node oxidative_stress.",8.92,7.17,3.0,,,0.0,0.0,0.0,0.0,0.0,0.5,0.0
CHEMBL4303296,RN-1,CN1CCN(C(=O)CN[C@@H]2C[C@H]2c2ccc(OCc3ccccc3)cc2)CC1,,0.0,0.0,0.5,Low,1,0,0,1,0,1,oxidative_stress,pathway,0.5,oxidative_stress,"Compound annotation contains keyword 'True' (or related pathway term), suggesting relevance to MSD node oxidative_stress.",8.51,7.43,3.0,,,0.0,0.0,0.0,0.0,0.0,0.5,0.0
CHEMBL431770,ISTRADEFYLLINE,CCn1c(=O)c2c(nc(/C=C/c3ccc(OC)c(OC)c3)n2C)n(CC)c1=O,4.0,0.0,1.0,0.5,Low,1,0,0,1,0,1,oxidative_stress,pathway,0.5,oxidative_stress,"Compound annotation contains keyword 'True' (or related pathway term), suggesting relevance to MSD node oxidative_stress.",8.7,6.7,9.0,Adenosine A2a receptor antagonist,ANTAGONIST,0.0,0.0,0.0,0.0,0.0,0.5,0.0
CHEMBL43185,PIPERINE,O=C(/C=C/C=C/c1ccc2c(c1)OCO2)N1CCCCC1,2.0,0.0,0.0,0.5,Low,1,0,0,1,0,1,oxidative_stress,pathway,0.5,oxidative_stress,"Compound annotation contains keyword 'True' (or related pathway term), suggesting relevance to MSD node oxidative_stress.",6.58,6.02,8.0,,,0.0,0.0,0.0,0.0,0.0,0.5,0.0
CHEMBL43452,POMALIDOMIDE,Nc1cccc2c1C(=O)N(C1CCC(=O)NC1=O)C2=O,4.0,0.0,1.0,0.5,Low,1,0,0,1,0,1,oxidative_stress,pathway,0.5,oxidative_stress,"Compound annotation contains keyword 'True' (or related pathway term), suggesting relevance to MSD node oxidative_stress.",7.7,6.94,8.0,CRL4(CRBN) E3 ubiquitin ligase inhibitor,INHIBITOR,0.0,0.0,0.0,0.0,0.0,0.5,0.0
CHEMBL435,HYDROCHLOROTHIAZIDE,NS(=O)(=O)c1cc2c(cc1Cl)NCNS2(=O)=O,4.0,0.0,1.0,0.5,Low,1,0,0,1,0,1,oxidative_stress,pathway,0.5,oxidative_stress,"Compound annotation contains keyword 'True' (or related pathway term), suggesting relevance to MSD node oxidative_stress.",8.14,6.535,8.0,Thiazide-sensitive sodium-chloride cotransporter inhibitor,INHIBITOR,0.0,0.0,0.0,0.0,0.0,0.5,0.0
CHEMBL44,GENISTEIN,O=c1c(-c2ccc(O)cc2)coc2cc(O)cc(O)c12,2.0,0.0,0.0,0.5,Low,1,0,0,1,0,1,oxidative_stress,pathway,0.5,oxidative_stress,"Compound annotation contains keyword 'True' (or related pathway term), suggesting relevance to MSD node oxidative_stress.",9.23,6.19,33.0,,,0.0,0.0,0.0,0.0,0.0,0.5,0.0
CHEMBL442687,TIOXOLONE,O=c1oc2cc(O)ccc2s1,2.0,0.0,0.0,0.5,Low,1,0,0,1,0,1,oxidative_stress,pathway,0.5,oxidative_stress,"Compound annotation contains keyword 'True' (or related pathway term), suggesting relevance to MSD node oxidative_stress.",5.75,5.08,5.0,,,0.0,0.0,0.0,0.0,0.0,0.5,0.0
CHEMBL443605,HEXYLRESORCINOL,CCCCCCc1ccc(O)cc1O,-1.0,0.0,1.0,0.5,Low,1,0,0,1,0,1,oxidative_stress,pathway,0.5,oxidative_stress,"Compound annotation contains keyword 'True' (or related pathway term), suggesting relevance to MSD node oxidative_stress.",6.25,6.109999999999999,3.0,,,0.0,0.0,0.0,0.0,0.0,0.5,0.0
CHEMBL445,NORTRIPTYLINE,CNCCC=C1c2ccccc2CCc2ccccc21,4.0,0.0,1.0,0.5,Low,1,0,0,1,0,1,oxidative_stress,pathway,0.5,oxidative_stress,"Compound annotation contains keyword 'True' (or related pathway term), suggesting relevance to MSD node oxidative_stress.",10.4,6.59,38.0,,,0.0,0.0,0.0,0.0,0.0,0.5,0.0
CHEMBL445813,AT-7519,O=C(NC1CCNCC1)c1n[nH]cc1NC(=O)c1c(Cl)cccc1Cl,2.0,0.0,0.0,0.5,Low,1,0,0,1,0,1,oxidative_stress,pathway,0.5,oxidative_stress,"Compound annotation contains keyword 'True' (or related pathway term), suggesting relevance to MSD node oxidative_stress.",9.02,7.029999999999999,57.0,Cyclin-dependent kinase inhibitor,INHIBITOR,0.0,0.0,0.0,0.0,0.0,0.5,0.0
CHEMBL450195,RUCINOL,CCCCc1ccc(O)cc1O,,0.0,0.0,0.5,Low,1,0,0,1,0,1,oxidative_stress,pathway,0.5,oxidative_stress,"Compound annotation contains keyword 'True' (or related pathway term), suggesting relevance to MSD node oxidative_stress.",6.82,5.3,4.0,,,0.0,0.0,0.0,0.0,0.0,0.5,0.0
CHEMBL450786,PHA-665752,Cc1[nH]c(/C=C2\C(=O)Nc3ccc(S(=O)(=O)Cc4c(Cl)cccc4Cl)cc32)c(C)c1C(=O)N1CCC[C@@H]1CN1CCCC1,,0.0,0.0,0.5,Low,1,0,0,1,0,1,oxidative_stress,pathway,0.5,oxidative_stress,"Compound annotation contains keyword 'True' (or related pathway term), suggesting relevance to MSD node oxidative_stress.",9.57,5.89,155.0,,,0.0,0.0,0.0,0.0,0.0,0.5,0.0
CHEMBL45827,PD-161570,CCN(CC)CCCCNc1ncc2cc(-c3c(Cl)cccc3Cl)c(NC(=O)NC(C)(C)C)nc2n1,,0.0,0.0,0.5,Low,1,0,0,1,0,1,oxidative_stress,pathway,0.5,oxidative_stress,"Compound annotation contains keyword 'True' (or related pathway term), suggesting relevance to MSD node oxidative_stress.",8.13,6.62,6.0,,,0.0,0.0,0.0,0.0,0.0,0.5,0.0
CHEMBL458997,NVP-TAE226,CNC(=O)c1ccccc1Nc1nc(Nc2ccc(N3CCOCC3)cc2OC)ncc1Cl,,0.0,0.0,0.5,Low,1,0,0,1,0,1,oxidative_stress,pathway,0.5,oxidative_stress,"Compound annotation contains keyword 'True' (or related pathway term), suggesting relevance to MSD node oxidative_stress.",8.9,6.5,97.0,,,0.0,0.0,0.0,0.0,0.0,0.5,0.0
CHEMBL459,METHYLDOPA,C[C@](N)(Cc1ccc(O)c(O)c1)C(=O)O,4.0,0.0,1.0,0.5,Low,1,0,0,1,0,1,oxidative_stress,pathway,0.5,oxidative_stress,"Compound annotation contains keyword 'True' (or related pathway term), suggesting relevance to MSD node oxidative_stress.",5.72,5.404999999999999,6.0,Adrenergic receptor alpha-2 agonist,AGONIST,0.0,0.0,0.0,0.0,0.0,0.5,0.0
CHEMBL460472,AMG458,COc1ccc2c(Oc3ccc(NC(=O)c4c(C)n(CC(C)(C)O)n(-c5ccccc5)c4=O)nc3)ccnc2c1,,0.0,0.0,0.5,Low,1,0,0,1,0,1,oxidative_stress,pathway,0.5,oxidative_stress,"Compound annotation contains keyword 'True' (or related pathway term), suggesting relevance to MSD node oxidative_stress.",9.3,6.3,25.0,,,0.0,0.0,0.0,0.0,0.0,0.5,0.0
CHEMBL460702,BMS-777607,CCOc1ccn(-c2ccc(F)cc2)c(=O)c1C(=O)Nc1ccc(Oc2ccnc(N)c2Cl)c(F)c1,2.0,0.0,0.0,0.5,Low,1,0,0,1,0,1,oxidative_stress,pathway,0.5,oxidative_stress,"Compound annotation contains keyword 'True' (or related pathway term), suggesting relevance to MSD node oxidative_stress.",8.96,7.75,24.0,Hepatocyte growth factor receptor inhibitor,INHIBITOR,0.0,0.0,0.0,0.0,0.0,0.5,0.0
CHEMBL461522,METAMIZOLE,Cc1c(N(C)CS(=O)(=O)O)c(=O)n(-c2ccccc2)n1C,4.0,1.0,0.0,0.5,Low,1,0,0,1,0,1,oxidative_stress,pathway,0.5,oxidative_stress,"Compound annotation contains keyword 'True' (or related pathway term), suggesting relevance to MSD node oxidative_stress.",5.44,5.44,1.0,,,0.0,0.0,0.0,0.0,0.0,0.5,0.0
CHEMBL462653,ISOSTEVIOL,C[C@@]12CC[C@@H]3[C@@](CC[C@H]4[C@@]3(C)CCC[C@@]4(C)C(=O)O)(CC1=O)C2,,0.0,0.0,0.5,Low,1,0,0,1,0,1,oxidative_stress,pathway,0.5,oxidative_stress,"Compound annotation contains keyword 'True' (or related pathway term), suggesting relevance to MSD node oxidative_stress.",6.19,5.74,4.0,,,0.0,0.0,0.0,0.0,0.0,0.5,0.0
CHEMBL463763,TRIPTOLIDE,CC(C)[C@]12O[C@H]1[C@@H]1O[C@]13[C@]1(O[C@H]1C[C@H]1C4=C(CC[C@@]13C)C(=O)OC4)[C@@H]2O,3.0,0.0,0.0,0.5,Low,1,0,0,1,0,1,oxidative_stress,pathway,0.5,oxidative_stress,"Compound annotation contains keyword 'True' (or related pathway term), suggesting relevance to MSD node oxidative_stress.",8.0,7.744999999999999,3.0,,,0.0,0.0,0.0,0.0,0.0,0.5,0.0
CHEMBL464552,GSK1838705A,CNC(=O)c1c(F)cccc1Nc1nc(Nc2cc3c(cc2OC)CCN3C(=O)CN(C)C)nc2[nH]ccc12,,0.0,0.0,0.5,Low,1,0,0,1,0,1,oxidative_stress,pathway,0.5,oxidative_stress,"Compound annotation contains keyword 'True' (or related pathway term), suggesting relevance to MSD node oxidative_stress.",9.3,5.96,67.0,,,0.0,0.0,0.0,0.0,0.0,0.5,0.0
CHEMBL46469,ANTHRALIN,O=C1c2c(O)cccc2Cc2cccc(O)c21,2.0,0.0,1.0,0.5,Low,1,0,0,1,0,1,oxidative_stress,pathway,0.5,oxidative_stress,"Compound annotation contains keyword 'True' (or related pathway term), suggesting relevance to MSD node oxidative_stress.",7.0,6.32,7.0,Unknown,,0.0,0.0,0.0,0.0,0.0,0.5,0.0
CHEMBL464982,GAMOLENIC ACID,CCCCC/C=C\C/C=C\C/C=C\CCCCC(=O)O,3.0,0.0,1.0,0.5,Low,1,0,0,1,0,1,oxidative_stress,pathway,0.5,oxidative_stress,"Compound annotation contains keyword 'True' (or related pathway term), suggesting relevance to MSD node oxidative_stress.",6.57,6.12,6.0,,,0.0,0.0,0.0,0.0,0.0,0.5,0.0
CHEMBL465208,SALIDROSIDE,OC[C@H]1O[C@@H](OCCc2ccc(O)cc2)[C@H](O)[C@@H](O)[C@@H]1O,,0.0,0.0,0.5,Low,1,0,0,1,0,1,oxidative_stress,pathway,0.5,oxidative_stress,"Compound annotation contains keyword 'True' (or related pathway term), suggesting relevance to MSD node oxidative_stress.",6.09,6.065,1.0,,,0.0,0.0,0.0,0.0,0.0,0.5,0.0
CHEMBL46740,BAZEDOXIFENE,Cc1c(-c2ccc(O)cc2)n(Cc2ccc(OCCN3CCCCCC3)cc2)c2ccc(O)cc12,4.0,0.0,1.0,0.5,Low,1,0,0,1,0,1,oxidative_stress,pathway,0.5,oxidative_stress,"Compound annotation contains keyword 'True' (or related pathway term), suggesting relevance to MSD node oxidative_stress.",9.22,5.96,22.0,,,0.0,0.0,0.0,0.0,0.0,0.5,0.0
CHEMBL468,THALIDOMIDE,O=C1CCC(N2C(=O)c3ccccc3C2=O)C(=O)N1,4.0,1.0,1.0,0.5,Low,1,0,0,1,0,1,oxidative_stress,pathway,0.5,oxidative_stress,"Compound annotation contains keyword 'True' (or related pathway term), suggesting relevance to MSD node oxidative_stress.",6.69,5.555,6.0,CRL4(CRBN) E3 ubiquitin ligase inhibitor,INHIBITOR,0.0,0.0,0.0,0.0,0.0,0.5,0.0
CHEMBL469,KETOROLAC,O=C(c1ccccc1)c1ccc2n1CCC2C(=O)O,4.0,1.0,1.0,0.5,Low,1,0,0,1,0,1,oxidative_stress,pathway,0.5,oxidative_stress,"Compound annotation contains keyword 'True' (or related pathway term), suggesting relevance to MSD node oxidative_stress.",8.89,6.505,6.0,,,0.0,0.0,0.0,0.0,0.0,0.5,0.0
CHEMBL46917,CARBARIL,CNC(=O)Oc1cccc2ccccc12,4.0,1.0,1.0,0.5,Low,1,0,0,1,0,1,oxidative_stress,pathway,0.5,oxidative_stress,"Compound annotation contains keyword 'True' (or related pathway term), suggesting relevance to MSD node oxidative_stress.",7.54,6.51,6.0,,,0.0,0.0,0.0,0.0,0.0,0.5,0.0
CHEMBL472212,PF-431396,CN(c1ccccc1CNc1nc(Nc2ccc3c(c2)CC(=O)N3)ncc1C(F)(F)F)S(C)(=O)=O,,0.0,0.0,0.5,Low,1,0,0,1,0,1,oxidative_stress,pathway,0.5,oxidative_stress,"Compound annotation contains keyword 'True' (or related pathway term), suggesting relevance to MSD node oxidative_stress.",9.06,7.96,4.0,,,0.0,0.0,0.0,0.0,0.0,0.5,0.0
CHEMBL473773,WHI-P154,COc1cc2ncnc(Nc3ccc(O)c(Br)c3)c2cc1OC,,0.0,0.0,0.5,Low,1,0,0,1,0,1,oxidative_stress,pathway,0.5,oxidative_stress,"Compound annotation contains keyword 'True' (or related pathway term), suggesting relevance to MSD node oxidative_stress.",6.72,5.75,3.0,,,0.0,0.0,0.0,0.0,0.0,0.5,0.0
CHEMBL476960,VOGLIBOSE,OCC(CO)N[C@H]1C[C@](O)(CO)[C@@H](O)[C@H](O)[C@H]1O,4.0,0.0,0.0,0.5,Low,1,0,0,1,0,1,oxidative_stress,pathway,0.5,oxidative_stress,"Compound annotation contains keyword 'True' (or related pathway term), suggesting relevance to MSD node oxidative_stress.",7.16,6.43,4.0,Alpha glucosidase inhibitor,INHIBITOR,0.0,0.0,0.0,0.0,0.0,0.5,0.0
CHEMBL477197,HEMATOXYLIN,Oc1cc2c(cc1O)[C@@H]1c3ccc(O)c(O)c3OC[C@]1(O)C2,,0.0,0.0,0.5,Low,1,0,0,1,0,1,oxidative_stress,pathway,0.5,oxidative_stress,"Compound annotation contains keyword 'True' (or related pathway term), suggesting relevance to MSD node oxidative_stress.",6.66,6.02,9.0,,,0.0,0.0,0.0,0.0,0.0,0.5,0.0
CHEMBL478629,DORSOMORPHIN,c1cc(-c2cnn3cc(-c4ccc(OCCN5CCCCC5)cc4)cnc23)ccn1,,0.0,0.0,0.5,Low,1,0,0,1,0,1,oxidative_stress,pathway,0.5,oxidative_stress,"Compound annotation contains keyword 'True' (or related pathway term), suggesting relevance to MSD node oxidative_stress.",8.7,7.02,18.0,,,0.0,0.0,0.0,0.0,0.0,0.5,0.0
CHEMBL479,THIORIDAZINE,CSc1ccc2c(c1)N(CCC1CCCCN1C)c1ccccc1S2,4.0,1.0,1.0,0.5,Low,1,0,0,1,0,1,oxidative_stress,pathway,0.5,oxidative_stress,"Compound annotation contains keyword 'True' (or related pathway term), suggesting relevance to MSD node oxidative_stress.",8.9,6.72,52.0,Serotonin 2a (5-HT2a) receptor antagonist; Serotonin 2c (5-HT2c) receptor antagonist; D2-like dopamine receptor antagonist,ANTAGONIST,0.0,0.0,0.0,0.0,0.0,0.5,0.0
CHEMBL482767,SNS-314,O=C(Nc1cccc(Cl)c1)Nc1ncc(CCNc2ncnc3ccsc23)s1,1.0,0.0,0.0,0.5,Low,1,0,0,1,0,1,oxidative_stress,pathway,0.5,oxidative_stress,"Compound annotation contains keyword 'True' (or related pathway term), suggesting relevance to MSD node oxidative_stress.",8.8,6.4,45.0,Serine/threonine-protein kinase Aurora inhibitor,INHIBITOR,0.0,0.0,0.0,0.0,0.0,0.5,0.0
CHEMBL482967,CYC-116,Cc1nc(N)sc1-c1ccnc(Nc2ccc(N3CCOCC3)cc2)n1,1.0,0.0,0.0,0.5,Low,1,0,0,1,0,1,oxidative_stress,pathway,0.5,oxidative_stress,"Compound annotation contains keyword 'True' (or related pathway term), suggesting relevance to MSD node oxidative_stress.",8.6,6.3,154.0,Serine/threonine-protein kinase Aurora inhibitor; Vascular endothelial growth factor receptor 2 inhibitor,INHIBITOR,0.0,0.0,0.0,0.0,0.0,0.5,0.0
CHEMBL483158,ALISERTIB,COc1cc(Nc2ncc3c(n2)-c2ccc(Cl)cc2C(c2c(F)cccc2OC)=NC3)ccc1C(=O)O,3.0,0.0,0.0,0.5,Low,1,0,0,1,0,1,oxidative_stress,pathway,0.5,oxidative_stress,"Compound annotation contains keyword 'True' (or related pathway term), suggesting relevance to MSD node oxidative_stress.",10.4,6.5,53.0,Serine/threonine-protein kinase Aurora-A inhibitor,INHIBITOR,0.0,0.0,0.0,0.0,0.0,0.5,0.0
CHEMBL483847,GNF-2,NC(=O)c1cccc(-c2cc(Nc3ccc(OC(F)(F)F)cc3)ncn2)c1,,0.0,0.0,0.5,Low,1,0,0,1,0,1,oxidative_stress,pathway,0.5,oxidative_stress,"Compound annotation contains keyword 'True' (or related pathway term), suggesting relevance to MSD node oxidative_stress.",8.05,6.57,2.0,,,0.0,0.0,0.0,0.0,0.0,0.5,0.0
CHEMBL48802,SULFORAPHANE,C[S+]([O-])CCCCN=C=S,3.0,0.0,0.0,0.5,Low,1,0,0,1,0,1,oxidative_stress,pathway,0.5,oxidative_stress,"Compound annotation contains keyword 'True' (or related pathway term), suggesting relevance to MSD node oxidative_stress.",6.4,6.15,4.0,,,0.0,0.0,0.0,0.0,0.0,0.5,0.0
CHEMBL489079,MOFEGILINE,NC/C(=C/F)CCc1ccc(F)cc1,2.0,0.0,0.0,0.5,Low,1,0,0,1,0,1,oxidative_stress,pathway,0.5,oxidative_stress,"Compound annotation contains keyword 'True' (or related pathway term), suggesting relevance to MSD node oxidative_stress.",8.7,7.85,7.0,,,0.0,0.0,0.0,0.0,0.0,0.5,0.0
CHEMBL49120,PD-0166285,CCN(CC)CCOc1ccc(Nc2ncc3cc(-c4c(Cl)cccc4Cl)c(=O)n(C)c3n2)cc1,1.0,0.0,0.0,0.5,Low,1,0,0,1,0,1,oxidative_stress,pathway,0.5,oxidative_stress,"Compound annotation contains keyword 'True' (or related pathway term), suggesting relevance to MSD node oxidative_stress.",9.3,7.4,63.0,,,0.0,0.0,0.0,0.0,0.0,0.5,0.0
CHEMBL497,CLIOQUINOL,Oc1c(I)cc(Cl)c2cccnc12,4.0,1.0,1.0,0.5,Low,1,0,0,1,0,1,oxidative_stress,pathway,0.5,oxidative_stress,"Compound annotation contains keyword 'True' (or related pathway term), suggesting relevance to MSD node oxidative_stress.",7.5,5.535,11.0,Zinc chelating agent; Copper chelating agent; Iron chelating agent,CHELATING AGENT,0.0,0.0,0.0,0.0,0.0,0.5,0.0
CHEMBL497802,4-iodo-6-phenylpyrimidine,Ic1cc(-c2ccccc2)ncn1,,0.0,0.0,0.5,Low,1,0,0,1,0,1,oxidative_stress,pathway,0.5,oxidative_stress,"Compound annotation contains keyword 'True' (or related pathway term), suggesting relevance to MSD node oxidative_stress.",5.35,5.35,1.0,,,0.0,0.0,0.0,0.0,0.0,0.5,0.0
CHEMBL5,NALIDIXIC ACID,CCn1cc(C(=O)O)c(=O)c2ccc(C)nc21,4.0,0.0,1.0,0.5,Low,1,0,0,1,0,1,oxidative_stress,pathway,0.5,oxidative_stress,"Compound annotation contains keyword 'True' (or related pathway term), suggesting relevance to MSD node oxidative_stress.",5.14,5.14,1.0,Bacterial DNA gyrase inhibitor,INHIBITOR,0.0,0.0,0.0,0.0,0.0,0.5,0.0
CHEMBL50,QUERCETIN,O=c1c(O)c(-c2ccc(O)c(O)c2)oc2cc(O)cc(O)c12,3.0,0.0,0.0,0.5,Low,1,0,0,1,0,1,oxidative_stress,pathway,0.5,oxidative_stress,"Compound annotation contains keyword 'True' (or related pathway term), suggesting relevance to MSD node oxidative_stress.",8.0,5.55,119.0,,,0.0,0.0,0.0,0.0,0.0,0.5,0.0
CHEMBL506,PRIMAQUINE,COc1cc(NC(C)CCCN)c2ncccc2c1,4.0,0.0,1.0,0.5,Low,1,0,0,1,0,1,oxidative_stress,pathway,0.5,oxidative_stress,"Compound annotation contains keyword 'True' (or related pathway term), suggesting relevance to MSD node oxidative_stress.",8.07,5.555,10.0,,,0.0,0.0,0.0,0.0,0.0,0.5,0.0
CHEMBL506247,TANNIC ACID,O=C(OC[C@H]1O[C@@H](OC(=O)c2cc(O)c(O)c(OC(=O)c3cc(O)c(O)c(O)c3)c2)[C@H](OC(=O)c2cc(O)c(O)c(OC(=O)c3cc(O)c(O)c(O)c3)c2)[C@@H](OC(=O)c2cc(O)c(O)c(OC(=O)c3cc(O)c(O)c(O)c3)c2)[C@@H]1OC(=O)c1cc(O)c(O)c(OC(=O)c2cc(O)c(O)c(O)c2)c1)c1cc(O)c(O)c(OC(=O)c2cc(O)c(O)c(O)c2)c1,4.0,0.0,0.0,0.5,Low,1,0,0,1,0,1,oxidative_stress,pathway,0.5,oxidative_stress,"Compound annotation contains keyword 'True' (or related pathway term), suggesting relevance to MSD node oxidative_stress.",7.66,6.145,20.0,,,0.0,0.0,0.0,0.0,0.0,0.5,0.0
CHEMBL508102,CARBIMAZOLE,CCOC(=O)n1ccn(C)c1=S,3.0,0.0,1.0,0.5,Low,1,0,0,1,0,1,oxidative_stress,pathway,0.5,oxidative_stress,"Compound annotation contains keyword 'True' (or related pathway term), suggesting relevance to MSD node oxidative_stress.",,,0.0,Thyroid peroxidase inhibitor,INHIBITOR,0.0,0.0,0.0,0.0,0.0,0.5,0.0
CHEMBL509,MECLOFENAMIC ACID,Cc1ccc(Cl)c(Nc2ccccc2C(=O)O)c1Cl,4.0,0.0,1.0,0.5,Low,1,0,0,1,0,1,oxidative_stress,pathway,0.5,oxidative_stress,"Compound annotation contains keyword 'True' (or related pathway term), suggesting relevance to MSD node oxidative_stress.",7.96,6.27,15.0,,,0.0,0.0,0.0,0.0,0.0,0.5,0.0
CHEMBL509032,TAE-684,COc1cc(N2CCC(N3CCN(C)CC3)CC2)ccc1Nc1ncc(Cl)c(Nc2ccccc2S(=O)(=O)C(C)C)n1,,0.0,0.0,0.5,Low,1,0,0,1,0,1,oxidative_stress,pathway,0.5,oxidative_stress,"Compound annotation contains keyword 'True' (or related pathway term), suggesting relevance to MSD node oxidative_stress.",9.82,6.75,302.0,,,0.0,0.0,0.0,0.0,0.0,0.5,0.0
CHEMBL513909,BI-2536,CC[C@@H]1C(=O)N(C)c2cnc(Nc3ccc(C(=O)NC4CCN(C)CC4)cc3OC)nc2N1C1CCCC1,2.0,0.0,0.0,0.5,Low,1,0,0,1,0,1,oxidative_stress,pathway,0.5,oxidative_stress,"Compound annotation contains keyword 'True' (or related pathway term), suggesting relevance to MSD node oxidative_stress.",10.08,6.57,89.0,Serine/threonine-protein kinase PLK1 inhibitor,INHIBITOR,0.0,0.0,0.0,0.0,0.0,0.5,0.0
CHEMBL514409,HESPERADIN,CCS(=O)(=O)Nc1ccc2c(c1)/C(=C(/Nc1ccc(CN3CCCCC3)cc1)c1ccccc1)C(=O)N2,,0.0,0.0,0.5,Low,1,0,0,1,0,1,oxidative_stress,pathway,0.5,oxidative_stress,"Compound annotation contains keyword 'True' (or related pathway term), suggesting relevance to MSD node oxidative_stress.",8.52,7.04,19.0,,,0.0,0.0,0.0,0.0,0.0,0.5,0.0
CHEMBL514499,GW843682X,COc1cc2ncn(-c3cc(OCc4ccccc4C(F)(F)F)c(C(N)=O)s3)c2cc1OC,,0.0,0.0,0.5,Low,1,0,0,1,0,1,oxidative_stress,pathway,0.5,oxidative_stress,"Compound annotation contains keyword 'True' (or related pathway term), suggesting relevance to MSD node oxidative_stress.",8.7,6.65,42.0,,,0.0,0.0,0.0,0.0,0.0,0.5,0.0
CHEMBL514554,PF-573228,CS(=O)(=O)c1cccc(CNc2nc(Nc3ccc4c(c3)CCC(=O)N4)ncc2C(F)(F)F)c1,,0.0,0.0,0.5,Low,1,0,0,1,0,1,oxidative_stress,pathway,0.5,oxidative_stress,"Compound annotation contains keyword 'True' (or related pathway term), suggesting relevance to MSD node oxidative_stress.",8.4,7.3,5.0,,,0.0,0.0,0.0,0.0,0.0,0.5,0.0
CHEMBL521,IBUPROFEN,CC(C)Cc1ccc(C(C)C(=O)O)cc1,4.0,0.0,1.0,0.5,Low,1,0,0,1,0,1,oxidative_stress,pathway,0.5,oxidative_stress,"Compound annotation contains keyword 'True' (or related pathway term), suggesting relevance to MSD node oxidative_stress.",7.0,5.54,16.0,Cyclooxygenase inhibitor,INHIBITOR,0.0,0.0,0.0,0.0,0.0,0.5,0.0
CHEMBL525191,GDC-0879,OCCn1cc(-c2ccc3c(c2)CC/C3=N\O)c(-c2ccncc2)n1,,0.0,0.0,0.5,Low,1,0,0,1,0,1,oxidative_stress,pathway,0.5,oxidative_stress,"Compound annotation contains keyword 'True' (or related pathway term), suggesting relevance to MSD node oxidative_stress.",9.89,5.89,21.0,,,0.0,0.0,0.0,0.0,0.0,0.5,0.0
CHEMBL5305342,GAMBOGIC ACID,CC(C)=CCC[C@]1(C)C=Cc2c(O)c3c(c(CC=C(C)C)c2O1)O[C@]12C(=C[C@@H]4C[C@H]1C(C)(C)O[C@@]2(C/C=C(/C)C(=O)O)C4=O)C3=O,,0.0,0.0,0.5,Low,1,0,0,1,0,1,oxidative_stress,pathway,0.5,oxidative_stress,"Compound annotation contains keyword 'True' (or related pathway term), suggesting relevance to MSD node oxidative_stress.",6.91,6.14,12.0,,,0.0,0.0,0.0,0.0,0.0,0.5,0.0
CHEMBL532,ERYTHROMYCIN,CC[C@H]1OC(=O)[C@H](C)[C@@H](O[C@H]2C[C@@](C)(OC)[C@@H](O)[C@H](C)O2)[C@H](C)[C@@H](O[C@@H]2O[C@H](C)C[C@H](N(C)C)[C@H]2O)[C@](C)(O)C[C@@H](C)C(=O)[C@H](C)[C@@H](O)[C@]1(C)O,4.0,0.0,1.0,0.5,Low,1,0,0,1,0,1,oxidative_stress,pathway,0.5,oxidative_stress,"Compound annotation contains keyword 'True' (or related pathway term), suggesting relevance to MSD node oxidative_stress.",7.41,6.0,6.0,Bacterial 70S ribosome inhibitor,INHIBITOR,0.0,0.0,0.0,0.0,0.0,0.5,0.0
CHEMBL536151,IMD-0354,O=C(Nc1cc(C(F)(F)F)cc(C(F)(F)F)c1)c1cc(Cl)ccc1O,1.0,0.0,0.0,0.5,Low,1,0,0,1,0,1,oxidative_stress,pathway,0.5,oxidative_stress,"Compound annotation contains keyword 'True' (or related pathway term), suggesting relevance to MSD node oxidative_stress.",7.72,6.17,9.0,Inhibitor of nuclear factor kappa B kinase beta subunit inhibitor,INHIBITOR,0.0,0.0,0.0,0.0,0.0,0.5,0.0
CHEMBL537,HYDROQUINONE,Oc1ccc(O)cc1,4.0,0.0,0.0,0.5,Low,1,0,0,1,0,1,oxidative_stress,pathway,0.5,oxidative_stress,"Compound annotation contains keyword 'True' (or related pathway term), suggesting relevance to MSD node oxidative_stress.",8.91,5.17,6.0,,,0.0,0.0,0.0,0.0,0.0,0.5,0.0
CHEMBL53898,AG-555,N#C/C(=C\c1ccc(O)c(O)c1)C(=O)NCCCc1ccccc1,,0.0,0.0,0.5,Low,1,0,0,1,0,1,oxidative_stress,pathway,0.5,oxidative_stress,"Compound annotation contains keyword 'True' (or related pathway term), suggesting relevance to MSD node oxidative_stress.",6.18,6.155,5.0,,,0.0,0.0,0.0,0.0,0.0,0.5,0.0
CHEMBL539947,TYRPHOSTIN AG 879,CC(C)(C)c1cc(/C=C(\C#N)C(N)=S)cc(C(C)(C)C)c1O,,0.0,0.0,0.5,Low,1,0,0,1,0,1,oxidative_stress,pathway,0.5,oxidative_stress,"Compound annotation contains keyword 'True' (or related pathway term), suggesting relevance to MSD node oxidative_stress.",8.3,5.7,6.0,,,0.0,0.0,0.0,0.0,0.0,0.5,0.0
CHEMBL541400,BAY-61-3606,COc1ccc(-c2cc3nccn3c(Nc3ncccc3C(N)=O)n2)cc1OC.Cl.Cl,,0.0,0.0,0.5,Low,1,0,0,1,0,1,oxidative_stress,pathway,0.5,oxidative_stress,"Compound annotation contains keyword 'True' (or related pathway term), suggesting relevance to MSD node oxidative_stress.",8.0,8.0,1.0,,,0.0,0.0,0.0,0.0,0.0,0.5,0.0
CHEMBL542,AMINOBENZOIC ACID,Nc1ccc(C(=O)O)cc1,-1.0,0.0,1.0,0.5,Low,1,0,0,1,0,1,oxidative_stress,pathway,0.5,oxidative_stress,"Compound annotation contains keyword 'True' (or related pathway term), suggesting relevance to MSD node oxidative_stress.",7.45,5.42,4.0,,,0.0,0.0,0.0,0.0,0.0,0.5,0.0
CHEMBL55,PENTAMIDINE,N=C(N)c1ccc(OCCCCCOc2ccc(C(=N)N)cc2)cc1,4.0,0.0,1.0,0.5,Low,1,0,0,1,0,1,oxidative_stress,pathway,0.5,oxidative_stress,"Compound annotation contains keyword 'True' (or related pathway term), suggesting relevance to MSD node oxidative_stress.",6.66,5.775,34.0,,,0.0,0.0,0.0,0.0,0.0,0.5,0.0
CHEMBL551978,DROTAVERINE,CCOc1ccc(/C=C2\NCCc3cc(OCC)c(OCC)cc32)cc1OCC,3.0,0.0,0.0,0.5,Low,1,0,0,1,0,1,oxidative_stress,pathway,0.5,oxidative_stress,"Compound annotation contains keyword 'True' (or related pathway term), suggesting relevance to MSD node oxidative_stress.",5.77,5.52,5.0,Phosphodiesterase 4 inhibitor,INHIBITOR,0.0,0.0,0.0,0.0,0.0,0.5,0.0
CHEMBL553,ERLOTINIB,C#Cc1cccc(Nc2ncnc3cc(OCCOC)c(OCCOC)cc23)c1,4.0,0.0,1.0,0.5,Low,1,0,0,1,0,1,oxidative_stress,pathway,0.5,oxidative_stress,"Compound annotation contains keyword 'True' (or related pathway term), suggesting relevance to MSD node oxidative_stress.",10.54,6.505,120.0,,,0.0,0.0,0.0,0.0,0.0,0.5,0.0
CHEMBL554,LAPATINIB,CS(=O)(=O)CCNCc1ccc(-c2ccc3ncnc(Nc4ccc(OCc5cccc(F)c5)c(Cl)c4)c3c2)o1,4.0,0.0,1.0,0.5,Low,1,0,0,1,0,1,oxidative_stress,pathway,0.5,oxidative_stress,"Compound annotation contains keyword 'True' (or related pathway term), suggesting relevance to MSD node oxidative_stress.",10.22,7.955,18.0,,,0.0,0.0,0.0,0.0,0.0,0.5,0.0
CHEMBL55400,PROFLAVINE,Nc1ccc2cc3ccc(N)cc3nc2c1,2.0,0.0,1.0,0.5,Low,1,0,0,1,0,1,oxidative_stress,pathway,0.5,oxidative_stress,"Compound annotation contains keyword 'True' (or related pathway term), suggesting relevance to MSD node oxidative_stress.",6.44,5.575,11.0,DNA disrupting agent,DISRUPTING AGENT,0.0,0.0,0.0,0.0,0.0,0.5,0.0
CHEMBL558752,RAF-265,Cn1c(Nc2ccc(C(F)(F)F)cc2)nc2cc(Oc3ccnc(-c4ncc(C(F)(F)F)[nH]4)c3)ccc21,2.0,0.0,0.0,0.5,Low,1,0,0,1,0,1,oxidative_stress,pathway,0.5,oxidative_stress,"Compound annotation contains keyword 'True' (or related pathway term), suggesting relevance to MSD node oxidative_stress.",9.3,6.02,66.0,Serine/threonine-protein kinase B-raf inhibitor; Vascular endothelial growth factor receptor 2 inhibitor,INHIBITOR,0.0,0.0,0.0,0.0,0.0,0.5,0.0
CHEMBL5594424,R406,COc1cc(Nc2ncc(F)c(Nc3ccc4c(n3)NC(=O)C(C)(C)O4)n2)cc(OC)c1OC.O=S(=O)(O)c1ccccc1,,0.0,0.0,0.5,Low,1,0,0,1,0,1,oxidative_stress,pathway,0.5,oxidative_stress,"Compound annotation contains keyword 'True' (or related pathway term), suggesting relevance to MSD node oxidative_stress.",7.75,7.57,2.0,,,0.0,0.0,0.0,0.0,0.0,0.5,0.0
CHEMBL560993,TIMAPIPRANT,Cc1c(Cc2ccc3ccccc3n2)c2cc(F)ccc2n1CC(=O)O,3.0,0.0,0.0,0.5,Low,1,0,0,1,0,1,oxidative_stress,pathway,0.5,oxidative_stress,"Compound annotation contains keyword 'True' (or related pathway term), suggesting relevance to MSD node oxidative_stress.",8.22,7.46,3.0,G protein-coupled receptor 44 antagonist,ANTAGONIST,0.0,0.0,0.0,0.0,0.0,0.5,0.0
CHEMBL563,FLURBIPROFEN,CC(C(=O)O)c1ccc(-c2ccccc2)c(F)c1,4.0,0.0,1.0,0.5,Low,1,0,0,1,0,1,oxidative_stress,pathway,0.5,oxidative_stress,"Compound annotation contains keyword 'True' (or related pathway term), suggesting relevance to MSD node oxidative_stress.",8.52,6.3,15.0,Cyclooxygenase inhibitor,INHIBITOR,0.0,0.0,0.0,0.0,0.0,0.5,0.0
CHEMBL56367,NIMESULIDE,CS(=O)(=O)Nc1ccc([N+](=O)[O-])cc1Oc1ccccc1,4.0,1.0,1.0,0.5,Low,1,0,0,1,0,1,oxidative_stress,pathway,0.5,oxidative_stress,"Compound annotation contains keyword 'True' (or related pathway term), suggesting relevance to MSD node oxidative_stress.",7.82,5.775,8.0,,,0.0,0.0,0.0,0.0,0.0,0.5,0.0
CHEMBL564829,MILCICLIB,CNC(=O)c1nn(C)c2c1C(C)(C)Cc1cnc(Nc3ccc(N4CCN(C)CC4)cc3)nc1-2,2.0,0.0,0.0,0.5,Low,1,0,0,1,0,1,oxidative_stress,pathway,0.5,oxidative_stress,"Compound annotation contains keyword 'True' (or related pathway term), suggesting relevance to MSD node oxidative_stress.",8.52,6.05,94.0,Cyclin-dependent kinase 1 inhibitor; Cyclin-dependent kinase 2 inhibitor; Cyclin-dependent kinase 4 inhibitor; Nerve growth factor receptor Trk-A inhibitor,INHIBITOR,0.0,0.0,0.0,0.0,0.0,0.5,0.0
CHEMBL56543,AG-490,N#C/C(=C\c1ccc(O)c(O)c1)C(=O)NCc1ccccc1,,0.0,0.0,0.5,Low,1,0,0,1,0,1,oxidative_stress,pathway,0.5,oxidative_stress,"Compound annotation contains keyword 'True' (or related pathway term), suggesting relevance to MSD node oxidative_stress.",7.0,5.7,3.0,,,0.0,0.0,0.0,0.0,0.0,0.5,0.0
CHEMBL565612,SOTRASTAURIN,CN1CCN(c2nc(C3=C(c4c[nH]c5ccccc45)C(=O)NC3=O)c3ccccc3n2)CC1,2.0,0.0,0.0,0.5,Low,1,0,0,1,0,1,oxidative_stress,pathway,0.5,oxidative_stress,"Compound annotation contains keyword 'True' (or related pathway term), suggesting relevance to MSD node oxidative_stress.",9.66,6.9,68.0,Protein kinase C (PKC) inhibitor,INHIBITOR,0.0,0.0,0.0,0.0,0.0,0.5,0.0
CHEMBL566534,ARTEMETHER,CO[C@H]1O[C@@H]2O[C@@]3(C)CC[C@H]4[C@H](C)CC[C@@H]([C@H]1C)[C@@]24OO3,4.0,0.0,1.0,0.5,Low,1,0,0,1,0,1,oxidative_stress,pathway,0.5,oxidative_stress,"Compound annotation contains keyword 'True' (or related pathway term), suggesting relevance to MSD node oxidative_stress.",5.14,5.14,1.0,Ferriprotoporphyrin IX inhibitor,INHIBITOR,0.0,0.0,0.0,0.0,0.0,0.5,0.0
CHEMBL571,KETOPROFEN,CC(C(=O)O)c1cccc(C(=O)c2ccccc2)c1,4.0,0.0,1.0,0.5,Low,1,0,0,1,0,1,oxidative_stress,pathway,0.5,oxidative_stress,"Compound annotation contains keyword 'True' (or related pathway term), suggesting relevance to MSD node oxidative_stress.",8.7,6.77,8.0,Cyclooxygenase inhibitor,INHIBITOR,0.0,0.0,0.0,0.0,0.0,0.5,0.0
CHEMBL572878,TOZASERTIB,Cc1cc(Nc2cc(N3CCN(C)CC3)nc(Sc3ccc(NC(=O)C4CC4)cc3)n2)n[nH]1,2.0,0.0,0.0,0.5,Low,1,0,0,1,0,1,oxidative_stress,pathway,0.5,oxidative_stress,"Compound annotation contains keyword 'True' (or related pathway term), suggesting relevance to MSD node oxidative_stress.",9.62,6.5,218.0,Serine/threonine-protein kinase Aurora inhibitor,INHIBITOR,0.0,0.0,0.0,0.0,0.0,0.5,0.0
CHEMBL573107,BI-D1870,CC(C)CCN1c2nc(Nc3cc(F)c(O)c(F)c3)ncc2N(C)C(=O)C1C,,0.0,0.0,0.5,Low,1,0,0,1,0,1,oxidative_stress,pathway,0.5,oxidative_stress,"Compound annotation contains keyword 'True' (or related pathway term), suggesting relevance to MSD node oxidative_stress.",8.52,7.65,10.0,,,0.0,0.0,0.0,0.0,0.0,0.5,0.0
CHEMBL574,P-TOLUENESULFONAMIDE,Cc1ccc(S(N)(=O)=O)cc1,3.0,0.0,0.0,0.5,Low,1,0,0,1,0,1,oxidative_stress,pathway,0.5,oxidative_stress,"Compound annotation contains keyword 'True' (or related pathway term), suggesting relevance to MSD node oxidative_stress.",9.89,6.5,21.0,,,0.0,0.0,0.0,0.0,0.0,0.5,0.0
CHEMBL577294,2-HYDROXYPROPYL-BETA-CYCLODEXTRIN,CC(O)COC[C@H]1O[C@@H]2O[C@H]3[C@H](O)[C@@H](O)[C@@H](O[C@H]4[C@H](O)[C@@H](O)[C@@H](O[C@H]5[C@H](O)[C@@H](O)[C@@H](O[C@H]6[C@H](O)[C@@H](O)[C@@H](O[C@H]7[C@H](O)[C@@H](O)[C@@H](O[C@H]8[C@H](O)[C@@H](O)[C@@H](O[C@H]1[C@H](O)[C@H]2O)O[C@@H]8COCC(C)O)O[C@@H]7COCC(C)O)O[C@@H]6COCC(C)O)O[C@@H]5COCC(C)O)O[C@@H]4COCC(C)O)O[C@@H]3COCC(C)O,3.0,0.0,0.0,0.5,Low,1,0,0,1,0,1,oxidative_stress,pathway,0.5,oxidative_stress,"Compound annotation contains keyword 'True' (or related pathway term), suggesting relevance to MSD node oxidative_stress.",7.4,5.885,7.0,Cholesterol sequestering agent,SEQUESTERING AGENT,0.0,0.0,0.0,0.0,0.0,0.5,0.0
CHEMBL58,MITOXANTRONE,O=C1c2c(O)ccc(O)c2C(=O)c2c(NCCNCCO)ccc(NCCNCCO)c21,4.0,0.0,1.0,0.5,Low,1,0,0,1,0,1,oxidative_stress,pathway,0.5,oxidative_stress,"Compound annotation contains keyword 'True' (or related pathway term), suggesting relevance to MSD node oxidative_stress.",8.82,5.89,29.0,,,0.0,0.0,0.0,0.0,0.0,0.5,0.0
CHEMBL584,NELFINAVIR,Cc1c(O)cccc1C(=O)N[C@@H](CSc1ccccc1)[C@H](O)CN1C[C@H]2CCCC[C@H]2C[C@H]1C(=O)NC(C)(C)C,4.0,0.0,1.0,0.5,Low,1,0,0,1,0,1,oxidative_stress,pathway,0.5,oxidative_stress,"Compound annotation contains keyword 'True' (or related pathway term), suggesting relevance to MSD node oxidative_stress.",11.0,7.5,12.0,,,0.0,0.0,0.0,0.0,0.0,0.5,0.0
CHEMBL585,TRIAMTERENE,Nc1nc(N)c2nc(-c3ccccc3)c(N)nc2n1,4.0,0.0,1.0,0.5,Low,1,0,0,1,0,1,oxidative_stress,pathway,0.5,oxidative_stress,"Compound annotation contains keyword 'True' (or related pathway term), suggesting relevance to MSD node oxidative_stress.",5.47,5.32,6.0,"Amiloride-sensitive sodium channel, ENaC blocker",BLOCKER,0.0,0.0,0.0,0.0,0.0,0.5,0.0
CHEMBL589092,FENTIAZAC,O=C(O)Cc1sc(-c2ccccc2)nc1-c1ccc(Cl)cc1,2.0,0.0,0.0,0.5,Low,1,0,0,1,0,1,oxidative_stress,pathway,0.5,oxidative_stress,"Compound annotation contains keyword 'True' (or related pathway term), suggesting relevance to MSD node oxidative_stress.",6.26,6.26,1.0,,,0.0,0.0,0.0,0.0,0.0,0.5,0.0
CHEMBL59,DOPAMINE,NCCc1ccc(O)c(O)c1,4.0,0.0,1.0,0.5,Low,1,0,0,1,0,1,oxidative_stress,pathway,0.5,oxidative_stress,"Compound annotation contains keyword 'True' (or related pathway term), suggesting relevance to MSD node oxidative_stress.",9.96,7.0,26.0,,,0.0,0.0,0.0,0.0,0.0,0.5,0.0
CHEMBL590,MENADIONE,CC1=CC(=O)c2ccccc2C1=O,4.0,0.0,0.0,0.5,Low,1,0,0,1,0,1,oxidative_stress,pathway,0.5,oxidative_stress,"Compound annotation contains keyword 'True' (or related pathway term), suggesting relevance to MSD node oxidative_stress.",6.8,5.535,10.0,,,0.0,0.0,0.0,0.0,0.0,0.5,0.0
CHEMBL595,PIOGLITAZONE,CCc1ccc(CCOc2ccc(CC3SC(=O)NC3=O)cc2)nc1,4.0,0.0,1.0,0.5,Low,1,0,0,1,0,1,oxidative_stress,pathway,0.5,oxidative_stress,"Compound annotation contains keyword 'True' (or related pathway term), suggesting relevance to MSD node oxidative_stress.",7.21,6.225,15.0,,,0.0,0.0,0.0,0.0,0.0,0.5,0.0
CHEMBL596674,ZM-39923,CC(C)N(CCC(=O)c1ccc2ccccc2c1)Cc1ccccc1,,0.0,0.0,0.5,Low,1,0,0,1,0,1,oxidative_stress,pathway,0.5,oxidative_stress,"Compound annotation contains keyword 'True' (or related pathway term), suggesting relevance to MSD node oxidative_stress.",7.1,5.65,7.0,,,0.0,0.0,0.0,0.0,0.0,0.5,0.0
CHEMBL597997,MK-2894,Cc1sc(C)c(C(=O)NC2(c3ccc(C(=O)O)cc3)CC2)c1Cc1ccc(C(F)(F)F)cc1,,0.0,0.0,0.5,Low,1,0,0,1,0,1,oxidative_stress,pathway,0.5,oxidative_stress,"Compound annotation contains keyword 'True' (or related pathway term), suggesting relevance to MSD node oxidative_stress.",9.3,8.6,5.0,,,0.0,0.0,0.0,0.0,0.0,0.5,0.0
CHEMBL6,INDOMETHACIN,COc1ccc2c(c1)c(CC(=O)O)c(C)n2C(=O)c1ccc(Cl)cc1,4.0,0.0,1.0,0.5,Low,1,0,0,1,0,1,oxidative_stress,pathway,0.5,oxidative_stress,"Compound annotation contains keyword 'True' (or related pathway term), suggesting relevance to MSD node oxidative_stress.",9.85,6.59,27.0,Cyclooxygenase inhibitor,INHIBITOR,0.0,0.0,0.0,0.0,0.0,0.5,0.0
CHEMBL600,ACETYLCYSTEINE,CC(=O)N[C@@H](CS)C(=O)O,4.0,0.0,1.0,0.5,Low,1,0,0,1,0,1,oxidative_stress,pathway,0.5,oxidative_stress,"Compound annotation contains keyword 'True' (or related pathway term), suggesting relevance to MSD node oxidative_stress.",6.05,5.835,2.0,Glutathione precursor; Mycolytic,,0.0,0.0,0.0,0.0,0.0,0.5,0.0
CHEMBL603,ZAFIRLUKAST,COc1cc(C(=O)NS(=O)(=O)c2ccccc2C)ccc1Cc1cn(C)c2ccc(NC(=O)OC3CCCC3)cc12,4.0,0.0,1.0,0.5,Low,1,0,0,1,0,1,oxidative_stress,pathway,0.5,oxidative_stress,"Compound annotation contains keyword 'True' (or related pathway term), suggesting relevance to MSD node oxidative_stress.",9.59,5.7,28.0,Cysteinyl leukotriene receptor 1 antagonist,ANTAGONIST,0.0,0.0,0.0,0.0,0.0,0.5,0.0
CHEMBL607707,PELITINIB,CCOc1cc2ncc(C#N)c(Nc3ccc(F)c(Cl)c3)c2cc1NC(=O)/C=C/CN(C)C,2.0,0.0,0.0,0.5,Low,1,0,0,1,0,1,oxidative_stress,pathway,0.5,oxidative_stress,"Compound annotation contains keyword 'True' (or related pathway term), suggesting relevance to MSD node oxidative_stress.",9.64,5.925,109.0,Epidermal growth factor receptor erbB1 inhibitor,INHIBITOR,0.0,0.0,0.0,0.0,0.0,0.5,0.0
CHEMBL622,ETODOLAC,CCc1cccc2c3c([nH]c12)C(CC)(CC(=O)O)OCC3,4.0,0.0,1.0,0.5,Low,1,0,0,1,0,1,oxidative_stress,pathway,0.5,oxidative_stress,"Compound annotation contains keyword 'True' (or related pathway term), suggesting relevance to MSD node oxidative_stress.",8.03,5.975,2.0,Cyclooxygenase-2 inhibitor,INHIBITOR,0.0,0.0,0.0,0.0,0.0,0.5,0.0
CHEMBL6246,ELLAGIC ACID,O=c1oc2c(O)c(O)cc3c(=O)oc4c(O)c(O)cc1c4c23,2.0,0.0,0.0,0.5,Low,1,0,0,1,0,1,oxidative_stress,pathway,0.5,oxidative_stress,"Compound annotation contains keyword 'True' (or related pathway term), suggesting relevance to MSD node oxidative_stress.",7.7,5.720000000000001,62.0,,,0.0,0.0,0.0,0.0,0.0,0.5,0.0
CHEMBL629,AMITRIPTYLINE,CN(C)CCC=C1c2ccccc2CCc2ccccc21,4.0,0.0,1.0,0.5,Low,1,0,0,1,0,1,oxidative_stress,pathway,0.5,oxidative_stress,"Compound annotation contains keyword 'True' (or related pathway term), suggesting relevance to MSD node oxidative_stress.",10.7,6.635,46.0,,,0.0,0.0,0.0,0.0,0.0,0.5,0.0
CHEMBL63,ROLIPRAM,COc1ccc(C2CNC(=O)C2)cc1OC1CCCC1,2.0,0.0,0.0,0.5,Low,1,0,0,1,0,1,oxidative_stress,pathway,0.5,oxidative_stress,"Compound annotation contains keyword 'True' (or related pathway term), suggesting relevance to MSD node oxidative_stress.",8.4,6.27,8.0,Phosphodiesterase 4 inhibitor,INHIBITOR,0.0,0.0,0.0,0.0,0.0,0.5,0.0
CHEMBL63323,NIFLUMIC ACID,O=C(O)c1cccnc1Nc1cccc(C(F)(F)F)c1,2.0,0.0,0.0,0.5,Low,1,0,0,1,0,1,oxidative_stress,pathway,0.5,oxidative_stress,"Compound annotation contains keyword 'True' (or related pathway term), suggesting relevance to MSD node oxidative_stress.",6.58,5.95,7.0,,,0.0,0.0,0.0,0.0,0.0,0.5,0.0
CHEMBL6466,COUMARIN,O=c1ccc2ccccc2o1,4.0,1.0,1.0,0.5,Low,1,0,0,1,0,1,oxidative_stress,pathway,0.5,oxidative_stress,"Compound annotation contains keyword 'True' (or related pathway term), suggesting relevance to MSD node oxidative_stress.",7.32,5.335,14.0,Unknown,,0.0,0.0,0.0,0.0,0.0,0.5,0.0
CHEMBL66,(+)-TAXIFOLIN,O=C1c2c(O)cc(O)cc2O[C@H](c2ccc(O)c(O)c2)[C@H]1O,,0.0,0.0,0.5,Low,1,0,0,1,0,1,oxidative_stress,pathway,0.5,oxidative_stress,"Compound annotation contains keyword 'True' (or related pathway term), suggesting relevance to MSD node oxidative_stress.",7.5,5.94,7.0,,,0.0,0.0,0.0,0.0,0.0,0.5,0.0
CHEMBL66654,MPEP,Cc1cccc(C#Cc2ccccc2)n1,,0.0,0.0,0.5,Low,1,0,0,1,0,1,oxidative_stress,pathway,0.5,oxidative_stress,"Compound annotation contains keyword 'True' (or related pathway term), suggesting relevance to MSD node oxidative_stress.",9.7,7.73,6.0,,,0.0,0.0,0.0,0.0,0.0,0.5,0.0
CHEMBL66879,COUMARIC ACID,O=C(O)/C=C/c1ccc(O)cc1,,0.0,0.0,0.5,Low,1,0,0,1,0,1,oxidative_stress,pathway,0.5,oxidative_stress,"Compound annotation contains keyword 'True' (or related pathway term), suggesting relevance to MSD node oxidative_stress.",6.85,5.195,15.0,,,0.0,0.0,0.0,0.0,0.0,0.5,0.0
CHEMBL669,CYCLOBENZAPRINE,CN(C)CCC=C1c2ccccc2C=Cc2ccccc21,4.0,0.0,1.0,0.5,Low,1,0,0,1,0,1,oxidative_stress,pathway,0.5,oxidative_stress,"Compound annotation contains keyword 'True' (or related pathway term), suggesting relevance to MSD node oxidative_stress.",8.15,6.06,19.0,,,0.0,0.0,0.0,0.0,0.0,0.5,0.0
CHEMBL6705,2-aminobenzenesulfonamide,Nc1ccccc1S(N)(=O)=O,,0.0,0.0,0.5,Low,1,0,0,1,0,1,oxidative_stress,pathway,0.5,oxidative_stress,"Compound annotation contains keyword 'True' (or related pathway term), suggesting relevance to MSD node oxidative_stress.",9.07,6.53,23.0,,,0.0,0.0,0.0,0.0,0.0,0.5,0.0
CHEMBL673,PARGYLINE,C#CCN(C)Cc1ccccc1,4.0,0.0,1.0,0.5,Low,1,0,0,1,0,1,oxidative_stress,pathway,0.5,oxidative_stress,"Compound annotation contains keyword 'True' (or related pathway term), suggesting relevance to MSD node oxidative_stress.",8.09,6.7,5.0,,,0.0,0.0,0.0,0.0,0.0,0.5,0.0
CHEMBL679,EPINEPHRINE,CNC[C@H](O)c1ccc(O)c(O)c1,4.0,0.0,1.0,0.5,Low,1,0,0,1,0,1,oxidative_stress,pathway,0.5,oxidative_stress,"Compound annotation contains keyword 'True' (or related pathway term), suggesting relevance to MSD node oxidative_stress.",8.59,6.21,21.0,Adrenergic receptor agonist,AGONIST,0.0,0.0,0.0,0.0,0.0,0.5,0.0
CHEMBL682,AMODIAQUINE,CCN(CC)Cc1cc(Nc2ccnc3cc(Cl)ccc23)ccc1O,4.0,0.0,1.0,0.5,Low,1,0,0,1,0,1,oxidative_stress,pathway,0.5,oxidative_stress,"Compound annotation contains keyword 'True' (or related pathway term), suggesting relevance to MSD node oxidative_stress.",6.19,5.27,8.0,,,0.0,0.0,0.0,0.0,0.0,0.5,0.0
CHEMBL685,MEBENDAZOLE,COC(=O)Nc1nc2cc(C(=O)c3ccccc3)ccc2[nH]1,4.0,0.0,1.0,0.5,Low,1,0,0,1,0,1,oxidative_stress,pathway,0.5,oxidative_stress,"Compound annotation contains keyword 'True' (or related pathway term), suggesting relevance to MSD node oxidative_stress.",6.17,5.37,4.0,Tubulin inhibitor,INHIBITOR,0.0,0.0,0.0,0.0,0.0,0.5,0.0
CHEMBL686,MEFENAMIC ACID,Cc1cccc(Nc2ccccc2C(=O)O)c1C,4.0,0.0,1.0,0.5,Low,1,0,0,1,0,1,oxidative_stress,pathway,0.5,oxidative_stress,"Compound annotation contains keyword 'True' (or related pathway term), suggesting relevance to MSD node oxidative_stress.",10.3,6.09,12.0,Cyclooxygenase inhibitor,INHIBITOR,0.0,0.0,0.0,0.0,0.0,0.5,0.0
CHEMBL691,ETHINYL ESTRADIOL,C#C[C@]1(O)CC[C@H]2[C@@H]3CCc4cc(O)ccc4[C@H]3CC[C@@]21C,4.0,0.0,1.0,0.5,Low,1,0,0,1,0,1,oxidative_stress,pathway,0.5,oxidative_stress,"Compound annotation contains keyword 'True' (or related pathway term), suggesting relevance to MSD node oxidative_stress.",9.89,6.18,18.0,Estrogen receptor alpha agonist,AGONIST,0.0,0.0,0.0,0.0,0.0,0.5,0.0
CHEMBL698,TETRACAINE,CCCCNc1ccc(C(=O)OCCN(C)C)cc1,4.0,0.0,1.0,0.5,Low,1,0,0,1,0,1,oxidative_stress,pathway,0.5,oxidative_stress,"Compound annotation contains keyword 'True' (or related pathway term), suggesting relevance to MSD node oxidative_stress.",9.22,6.01,18.0,Sodium channel alpha subunit blocker,BLOCKER,0.0,0.0,0.0,0.0,0.0,0.5,0.0
CHEMBL69863,PICEATANNOL,Oc1cc(O)cc(/C=C/c2ccc(O)c(O)c2)c1,,0.0,0.0,0.5,Low,1,0,0,1,0,1,oxidative_stress,pathway,0.5,oxidative_stress,"Compound annotation contains keyword 'True' (or related pathway term), suggesting relevance to MSD node oxidative_stress.",6.62,5.57,13.0,,,0.0,0.0,0.0,0.0,0.0,0.5,0.0
CHEMBL69998,FIROCOXIB,CC1(C)OC(=O)C(OCC2CC2)=C1c1ccc(S(C)(=O)=O)cc1,2.0,0.0,0.0,0.5,Low,1,0,0,1,0,1,oxidative_stress,pathway,0.5,oxidative_stress,"Compound annotation contains keyword 'True' (or related pathway term), suggesting relevance to MSD node oxidative_stress.",6.85,6.85,1.0,Cyclooxygenase-2 inhibitor,INHIBITOR,0.0,0.0,0.0,0.0,0.0,0.5,0.0
CHEMBL7002,CIGLITAZONE,CC1(COc2ccc(CC3SC(=O)NC3=O)cc2)CCCCC1,2.0,0.0,0.0,0.5,Low,1,0,0,1,0,1,oxidative_stress,pathway,0.5,oxidative_stress,"Compound annotation contains keyword 'True' (or related pathway term), suggesting relevance to MSD node oxidative_stress.",7.07,5.515,19.0,,,0.0,0.0,0.0,0.0,0.0,0.5,0.0
CHEMBL704,MESALAMINE,Nc1ccc(O)c(C(=O)O)c1,4.0,0.0,1.0,0.5,Low,1,0,0,1,0,1,oxidative_stress,pathway,0.5,oxidative_stress,"Compound annotation contains keyword 'True' (or related pathway term), suggesting relevance to MSD node oxidative_stress.",6.31,5.12,6.0,Arachidonate 5-lipoxygenase inhibitor; Peroxisome proliferator-activated receptor gamma agonist; Cyclooxygenase inhibitor,INHIBITOR; AGONIST,0.0,0.0,0.0,0.0,0.0,0.5,0.0
CHEMBL708,ZIPRASIDONE,O=C1Cc2cc(CCN3CCN(c4nsc5ccccc45)CC3)c(Cl)cc2N1,4.0,0.0,1.0,0.5,Low,1,0,0,1,0,1,oxidative_stress,pathway,0.5,oxidative_stress,"Compound annotation contains keyword 'True' (or related pathway term), suggesting relevance to MSD node oxidative_stress.",10.1,7.75,34.0,,,0.0,0.0,0.0,0.0,0.0,0.5,0.0
CHEMBL70972,SERATRODAST,CC1=C(C)C(=O)C(C(CCCCCC(=O)O)c2ccccc2)=C(C)C1=O,4.0,0.0,0.0,0.5,Low,1,0,0,1,0,1,oxidative_stress,pathway,0.5,oxidative_stress,"Compound annotation contains keyword 'True' (or related pathway term), suggesting relevance to MSD node oxidative_stress.",8.13,5.915,3.0,Thromboxane A2 receptor antagonist,ANTAGONIST,0.0,0.0,0.0,0.0,0.0,0.5,0.0
CHEMBL715,OLANZAPINE,Cc1cc2c(s1)Nc1ccccc1N=C2N1CCN(C)CC1,4.0,0.0,1.0,0.5,Low,1,0,0,1,0,1,oxidative_stress,pathway,0.5,oxidative_stress,"Compound annotation contains keyword 'True' (or related pathway term), suggesting relevance to MSD node oxidative_stress.",10.06,7.41,49.0,Serotonin 2a (5-HT2a) receptor antagonist; Serotonin 2c (5-HT2c) receptor antagonist; D2-like dopamine receptor antagonist,ANTAGONIST,0.0,0.0,0.0,0.0,0.0,0.5,0.0
CHEMBL726,FLUPHENAZINE,OCCN1CCN(CCCN2c3ccccc3Sc3ccc(C(F)(F)F)cc32)CC1,4.0,0.0,1.0,0.5,Low,1,0,0,1,0,1,oxidative_stress,pathway,0.5,oxidative_stress,"Compound annotation contains keyword 'True' (or related pathway term), suggesting relevance to MSD node oxidative_stress.",9.7,6.59,45.0,,,0.0,0.0,0.0,0.0,0.0,0.5,0.0
CHEMBL727,THIOGUANINE,Nc1nc2[nH]cnc2c(=S)[nH]1,4.0,0.0,1.0,0.5,Low,1,0,0,1,0,1,oxidative_stress,pathway,0.5,oxidative_stress,"Compound annotation contains keyword 'True' (or related pathway term), suggesting relevance to MSD node oxidative_stress.",7.0,6.045,4.0,Inosine-5'-monophosphate dehydrogenase (IMPDH) inhibitor; DNA inhibitor,INHIBITOR,0.0,0.0,0.0,0.0,0.0,0.5,0.0
CHEMBL728,PROCHLORPERAZINE,CN1CCN(CCCN2c3ccccc3Sc3ccc(Cl)cc32)CC1,4.0,0.0,1.0,0.5,Low,1,0,0,1,0,1,oxidative_stress,pathway,0.5,oxidative_stress,"Compound annotation contains keyword 'True' (or related pathway term), suggesting relevance to MSD node oxidative_stress.",8.7,6.4,41.0,Dopamine D2 receptor antagonist,ANTAGONIST,0.0,0.0,0.0,0.0,0.0,0.5,0.0
CHEMBL7301,FENRETINIDE,CC1=C(/C=C/C(C)=C/C=C/C(C)=C/C(=O)Nc2ccc(O)cc2)C(C)(C)CCC1,3.0,0.0,0.0,0.5,Low,1,0,0,1,0,1,oxidative_stress,pathway,0.5,oxidative_stress,"Compound annotation contains keyword 'True' (or related pathway term), suggesting relevance to MSD node oxidative_stress.",7.0,5.62,4.0,,,0.0,0.0,0.0,0.0,0.0,0.5,0.0
CHEMBL74632,MOXALACTAM,CO[C@@]1(NC(=O)C(C(=O)O)c2ccc(O)cc2)C(=O)N2C(C(=O)O)=C(CSc3nnnn3C)CO[C@@H]21,4.0,0.0,1.0,0.5,Low,1,0,0,1,0,1,oxidative_stress,pathway,0.5,oxidative_stress,"Compound annotation contains keyword 'True' (or related pathway term), suggesting relevance to MSD node oxidative_stress.",5.03,5.03,1.0,,,0.0,0.0,0.0,0.0,0.0,0.5,0.0
CHEMBL750,ZONISAMIDE,NS(=O)(=O)Cc1noc2ccccc12,4.0,0.0,1.0,0.5,Low,1,0,0,1,0,1,oxidative_stress,pathway,0.5,oxidative_stress,"Compound annotation contains keyword 'True' (or related pathway term), suggesting relevance to MSD node oxidative_stress.",9.05,7.25,29.0,Sodium channel alpha subunit blocker,BLOCKER,0.0,0.0,0.0,0.0,0.0,0.5,0.0
CHEMBL752,ADENOSINE PHOSPHATE,Nc1ncnc2c1ncn2[C@@H]1O[C@H](COP(=O)(O)O)[C@@H](O)[C@H]1O,4.0,1.0,0.0,0.5,Low,1,0,0,1,0,1,oxidative_stress,pathway,0.5,oxidative_stress,"Compound annotation contains keyword 'True' (or related pathway term), suggesting relevance to MSD node oxidative_stress.",9.64,5.82,11.0,Unknown,,0.0,0.0,0.0,0.0,0.0,0.5,0.0
CHEMBL75880,PERHEXILINE,C1CCC(C(CC2CCCCN2)C2CCCCC2)CC1,4.0,1.0,1.0,0.5,Low,1,0,0,1,0,1,oxidative_stress,pathway,0.5,oxidative_stress,"Compound annotation contains keyword 'True' (or related pathway term), suggesting relevance to MSD node oxidative_stress.",6.3,5.455,15.0,,,0.0,0.0,0.0,0.0,0.0,0.5,0.0
CHEMBL762,OXYMETAZOLINE,Cc1cc(C(C)(C)C)c(O)c(C)c1CC1=NCCN1,4.0,0.0,1.0,0.5,Low,1,0,0,1,0,1,oxidative_stress,pathway,0.5,oxidative_stress,"Compound annotation contains keyword 'True' (or related pathway term), suggesting relevance to MSD node oxidative_stress.",9.54,6.695,27.0,,,0.0,0.0,0.0,0.0,0.0,0.5,0.0
CHEMBL76370,TEGASEROD,CCCCCNC(=N)N/N=C/c1c[nH]c2ccc(OC)cc12,4.0,1.0,1.0,0.5,Low,1,0,0,1,0,1,oxidative_stress,pathway,0.5,oxidative_stress,"Compound annotation contains keyword 'True' (or related pathway term), suggesting relevance to MSD node oxidative_stress.",9.0,6.08,33.0,,,0.0,0.0,0.0,0.0,0.0,0.5,0.0
CHEMBL76904,TYRPHOSTIN 23,N#CC(C#N)=Cc1ccc(O)c(O)c1,,0.0,0.0,0.5,Low,1,0,0,1,0,1,oxidative_stress,pathway,0.5,oxidative_stress,"Compound annotation contains keyword 'True' (or related pathway term), suggesting relevance to MSD node oxidative_stress.",6.79,5.38,7.0,,,0.0,0.0,0.0,0.0,0.0,0.5,0.0
CHEMBL787,MONTELUKAST,CC(C)(O)c1ccccc1CC[C@@H](SCC1(CC(=O)O)CC1)c1cccc(/C=C/c2ccc3ccc(Cl)cc3n2)c1,4.0,0.0,1.0,0.5,Low,1,0,0,1,0,1,oxidative_stress,pathway,0.5,oxidative_stress,"Compound annotation contains keyword 'True' (or related pathway term), suggesting relevance to MSD node oxidative_stress.",9.3,5.6,26.0,,,0.0,0.0,0.0,0.0,0.0,0.5,0.0
CHEMBL790,CHLORHEXIDINE,N=C(NCCCCCCNC(=N)NC(=N)Nc1ccc(Cl)cc1)NC(=N)Nc1ccc(Cl)cc1,4.0,1.0,1.0,0.5,Low,1,0,0,1,0,1,oxidative_stress,pathway,0.5,oxidative_stress,"Compound annotation contains keyword 'True' (or related pathway term), suggesting relevance to MSD node oxidative_stress.",9.23,5.665,47.0,,,0.0,0.0,0.0,0.0,0.0,0.5,0.0
CHEMBL7917,TYRPHOSTIN AG-1478,COc1cc2ncnc(Nc3cccc(Cl)c3)c2cc1OC,,0.0,0.0,0.5,Low,1,0,0,1,0,1,oxidative_stress,pathway,0.5,oxidative_stress,"Compound annotation contains keyword 'True' (or related pathway term), suggesting relevance to MSD node oxidative_stress.",9.51,6.265000000000001,9.0,,,0.0,0.0,0.0,0.0,0.0,0.5,0.0
CHEMBL81,RALOXIFENE,O=C(c1ccc(OCCN2CCCCC2)cc1)c1c(-c2ccc(O)cc2)sc2cc(O)ccc12,4.0,0.0,1.0,0.5,Low,1,0,0,1,0,1,oxidative_stress,pathway,0.5,oxidative_stress,"Compound annotation contains keyword 'True' (or related pathway term), suggesting relevance to MSD node oxidative_stress.",10.52,6.58,47.0,Estrogen receptor modulator,MODULATOR,0.0,0.0,0.0,0.0,0.0,0.5,0.0
CHEMBL81099,BW-616U,CNC(=O)c1ccc2c(c1)S(=O)(=O)c1ccccc1C2=O,,0.0,0.0,0.5,Low,1,0,0,1,0,1,oxidative_stress,pathway,0.5,oxidative_stress,"Compound annotation contains keyword 'True' (or related pathway term), suggesting relevance to MSD node oxidative_stress.",7.22,7.22,1.0,,,0.0,0.0,0.0,0.0,0.0,0.5,0.0
CHEMBL8260,BAICALEIN,O=c1cc(-c2ccccc2)oc2cc(O)c(O)c(O)c12,2.0,0.0,0.0,0.5,Low,1,0,0,1,0,1,oxidative_stress,pathway,0.5,oxidative_stress,"Compound annotation contains keyword 'True' (or related pathway term), suggesting relevance to MSD node oxidative_stress.",7.82,5.859999999999999,18.0,,,0.0,0.0,0.0,0.0,0.0,0.5,0.0
CHEMBL83,TAMOXIFEN,CC/C(=C(\c1ccccc1)c1ccc(OCCN(C)C)cc1)c1ccccc1,4.0,0.0,1.0,0.5,Low,1,0,0,1,0,1,oxidative_stress,pathway,0.5,oxidative_stress,"Compound annotation contains keyword 'True' (or related pathway term), suggesting relevance to MSD node oxidative_stress.",9.29,5.83,54.0,,,0.0,0.0,0.0,0.0,0.0,0.5,0.0
CHEMBL846,CALCITRIOL,C=C1/C(=C\C=C2/CCC[C@]3(C)[C@@H]([C@H](C)CCCC(C)(C)O)CC[C@@H]23)C[C@@H](O)C[C@@H]1O,4.0,0.0,1.0,0.5,Low,1,0,0,1,0,1,oxidative_stress,pathway,0.5,oxidative_stress,"Compound annotation contains keyword 'True' (or related pathway term), suggesting relevance to MSD node oxidative_stress.",10.97,9.05,14.0,Vitamin D receptor agonist,AGONIST,0.0,0.0,0.0,0.0,0.0,0.5,0.0
CHEMBL85139,RUTAECARPINE,O=c1c2ccccc2nc2n1CCc1c-2[nH]c2ccccc12,,0.0,0.0,0.5,Low,1,0,0,1,0,1,oxidative_stress,pathway,0.5,oxidative_stress,"Compound annotation contains keyword 'True' (or related pathway term), suggesting relevance to MSD node oxidative_stress.",7.26,6.025,8.0,,,0.0,0.0,0.0,0.0,0.0,0.5,0.0
CHEMBL862,GUANFACINE,N=C(N)NC(=O)Cc1c(Cl)cccc1Cl,4.0,0.0,1.0,0.5,Low,1,0,0,1,0,1,oxidative_stress,pathway,0.5,oxidative_stress,"Compound annotation contains keyword 'True' (or related pathway term), suggesting relevance to MSD node oxidative_stress.",8.03,6.050000000000001,14.0,,,0.0,0.0,0.0,0.0,0.0,0.5,0.0
CHEMBL863,CYSTEINE,N[C@@H](CS)C(=O)O,4.0,0.0,0.0,0.5,Low,1,0,0,1,0,1,oxidative_stress,pathway,0.5,oxidative_stress,"Compound annotation contains keyword 'True' (or related pathway term), suggesting relevance to MSD node oxidative_stress.",5.33,5.33,1.0,,,0.0,0.0,0.0,0.0,0.0,0.5,0.0
CHEMBL86304,MOCLOBEMIDE,O=C(NCCN1CCOCC1)c1ccc(Cl)cc1,4.0,0.0,1.0,0.5,Low,1,0,0,1,0,1,oxidative_stress,pathway,0.5,oxidative_stress,"Compound annotation contains keyword 'True' (or related pathway term), suggesting relevance to MSD node oxidative_stress.",9.3,5.76,6.0,Monoamine oxidase A inhibitor,INHIBITOR,0.0,0.0,0.0,0.0,0.0,0.5,0.0
CHEMBL865,VALDECOXIB,Cc1onc(-c2ccccc2)c1-c1ccc(S(N)(=O)=O)cc1,4.0,1.0,1.0,0.5,Low,1,0,0,1,0,1,oxidative_stress,pathway,0.5,oxidative_stress,"Compound annotation contains keyword 'True' (or related pathway term), suggesting relevance to MSD node oxidative_stress.",8.3,7.37,32.0,Cyclooxygenase-2 inhibitor,INHIBITOR,0.0,0.0,0.0,0.0,0.0,0.5,0.0
CHEMBL86754,IODOQUINOL,Oc1c(I)cc(I)c2cccnc12,2.0,0.0,0.0,0.5,Low,1,0,0,1,0,1,oxidative_stress,pathway,0.5,oxidative_stress,"Compound annotation contains keyword 'True' (or related pathway term), suggesting relevance to MSD node oxidative_stress.",6.53,5.76,17.0,,,0.0,0.0,0.0,0.0,0.0,0.5,0.0
CHEMBL87708,LOFEPRAMINE,CN(CCCN1c2ccccc2CCc2ccccc21)CC(=O)c1ccc(Cl)cc1,2.0,0.0,1.0,0.5,Low,1,0,0,1,0,1,oxidative_stress,pathway,0.5,oxidative_stress,"Compound annotation contains keyword 'True' (or related pathway term), suggesting relevance to MSD node oxidative_stress.",7.66,5.49,16.0,,,0.0,0.0,0.0,0.0,0.0,0.5,0.0
CHEMBL887,RASAGILINE,C#CCN[C@@H]1CCc2ccccc21,4.0,0.0,1.0,0.5,Low,1,0,0,1,0,1,oxidative_stress,pathway,0.5,oxidative_stress,"Compound annotation contains keyword 'True' (or related pathway term), suggesting relevance to MSD node oxidative_stress.",9.0,7.08,8.0,,,0.0,0.0,0.0,0.0,0.0,0.5,0.0
CHEMBL902,FAMOTIDINE,NC(N)=Nc1nc(CSCC/C(N)=N/S(N)(=O)=O)cs1,4.0,0.0,1.0,0.5,Low,1,0,0,1,0,1,oxidative_stress,pathway,0.5,oxidative_stress,"Compound annotation contains keyword 'True' (or related pathway term), suggesting relevance to MSD node oxidative_stress.",8.52,6.9,15.0,Histamine H2 receptor antagonist,ANTAGONIST,0.0,0.0,0.0,0.0,0.0,0.5,0.0
CHEMBL908,CHLORPROTHIXENE,CN(C)CC/C=C1/c2ccccc2Sc2ccc(Cl)cc21,4.0,0.0,1.0,0.5,Low,1,0,0,1,0,1,oxidative_stress,pathway,0.5,oxidative_stress,"Compound annotation contains keyword 'True' (or related pathway term), suggesting relevance to MSD node oxidative_stress.",9.0,7.09,21.0,Dopamine D2 receptor antagonist; Dopamine D3 receptor antagonist; Serotonin 2a (5-HT2a) receptor antagonist; Serotonin 2c (5-HT2c) receptor antagonist,ANTAGONIST,0.0,0.0,0.0,0.0,0.0,0.5,0.0
CHEMBL91,MICONAZOLE,Clc1ccc(COC(Cn2ccnc2)c2ccc(Cl)cc2Cl)c(Cl)c1,4.0,0.0,1.0,0.5,Low,1,0,0,1,0,1,oxidative_stress,pathway,0.5,oxidative_stress,"Compound annotation contains keyword 'True' (or related pathway term), suggesting relevance to MSD node oxidative_stress.",7.8,5.52,61.0,Cytochrome P450 51 inhibitor,INHIBITOR,0.0,0.0,0.0,0.0,0.0,0.5,0.0
CHEMBL92401,IPRONIAZID,CC(C)NNC(=O)c1ccncc1,2.0,0.0,1.0,0.5,Low,1,0,0,1,0,1,oxidative_stress,pathway,0.5,oxidative_stress,"Compound annotation contains keyword 'True' (or related pathway term), suggesting relevance to MSD node oxidative_stress.",6.35,5.18,5.0,Monoamine oxidase inhibitor,INHIBITOR,0.0,0.0,0.0,0.0,0.0,0.5,0.0
CHEMBL926,DOBUTAMINE,CC(CCc1ccc(O)cc1)NCCc1ccc(O)c(O)c1,4.0,0.0,1.0,0.5,Low,1,0,0,1,0,1,oxidative_stress,pathway,0.5,oxidative_stress,"Compound annotation contains keyword 'True' (or related pathway term), suggesting relevance to MSD node oxidative_stress.",8.27,5.77,37.0,,,0.0,0.0,0.0,0.0,0.0,0.5,0.0
CHEMBL93,ZILEUTON,CC(c1cc2ccccc2s1)N(O)C(N)=O,4.0,0.0,1.0,0.5,Low,1,0,0,1,0,1,oxidative_stress,pathway,0.5,oxidative_stress,"Compound annotation contains keyword 'True' (or related pathway term), suggesting relevance to MSD node oxidative_stress.",6.85,6.09,10.0,Arachidonate 5-lipoxygenase inhibitor,INHIBITOR,0.0,0.0,0.0,0.0,0.0,0.5,0.0
CHEMBL93645,ACECLOFENAC,O=C(O)COC(=O)Cc1ccccc1Nc1c(Cl)cccc1Cl,2.0,0.0,1.0,0.5,Low,1,0,0,1,0,1,oxidative_stress,pathway,0.5,oxidative_stress,"Compound annotation contains keyword 'True' (or related pathway term), suggesting relevance to MSD node oxidative_stress.",5.92,5.8,5.0,Cyclooxygenase-2 inhibitor,INHIBITOR,0.0,0.0,0.0,0.0,0.0,0.5,0.0
CHEMBL939,GEFITINIB,COc1cc2ncnc(Nc3ccc(F)c(Cl)c3)c2cc1OCCCN1CCOCC1,4.0,0.0,1.0,0.5,Low,1,0,0,1,0,1,oxidative_stress,pathway,0.5,oxidative_stress,"Compound annotation contains keyword 'True' (or related pathway term), suggesting relevance to MSD node oxidative_stress.",10.0,6.46,94.0,Epidermal growth factor receptor erbB1 inhibitor,INHIBITOR,0.0,0.0,0.0,0.0,0.0,0.5,0.0
CHEMBL941,IMATINIB,Cc1ccc(NC(=O)c2ccc(CN3CCN(C)CC3)cc2)cc1Nc1nccc(-c2cccnc2)n1,4.0,0.0,1.0,0.5,Low,1,0,0,1,0,1,oxidative_stress,pathway,0.5,oxidative_stress,"Compound annotation contains keyword 'True' (or related pathway term), suggesting relevance to MSD node oxidative_stress.",10.22,6.5,72.0,,,0.0,0.0,0.0,0.0,0.0,0.5,0.0
CHEMBL945,AMILORIDE,N=C(N)NC(=O)c1nc(Cl)c(N)nc1N,4.0,0.0,1.0,0.5,Low,1,0,0,1,0,1,oxidative_stress,pathway,0.5,oxidative_stress,"Compound annotation contains keyword 'True' (or related pathway term), suggesting relevance to MSD node oxidative_stress.",6.11,5.525,15.0,,,0.0,0.0,0.0,0.0,0.0,0.5,0.0
CHEMBL9514,NOCODAZOLE,COC(=O)Nc1nc2cc(C(=O)c3cccs3)ccc2[nH]1,2.0,0.0,0.0,0.5,Low,1,0,0,1,0,1,oxidative_stress,pathway,0.5,oxidative_stress,"Compound annotation contains keyword 'True' (or related pathway term), suggesting relevance to MSD node oxidative_stress.",6.19,5.345,5.0,,,0.0,0.0,0.0,0.0,0.0,0.5,0.0
CHEMBL953,ENTACAPONE,CCN(CC)C(=O)/C(C#N)=C/c1cc(O)c(O)c([N+](=O)[O-])c1,4.0,0.0,1.0,0.5,Low,1,0,0,1,0,1,oxidative_stress,pathway,0.5,oxidative_stress,"Compound annotation contains keyword 'True' (or related pathway term), suggesting relevance to MSD node oxidative_stress.",8.52,6.525,4.0,Catechol O-methyltransferase inhibitor,INHIBITOR,0.0,0.0,0.0,0.0,0.0,0.5,0.0
CHEMBL956,SUPROFEN,CC(C(=O)O)c1ccc(C(=O)c2cccs2)cc1,4.0,1.0,1.0,0.5,Low,1,0,0,1,0,1,oxidative_stress,pathway,0.5,oxidative_stress,"Compound annotation contains keyword 'True' (or related pathway term), suggesting relevance to MSD node oxidative_stress.",6.55,6.25,3.0,Cyclooxygenase inhibitor,INHIBITOR,0.0,0.0,0.0,0.0,0.0,0.5,0.0
CHEMBL972,SELEGILINE,C#CCN(C)[C@H](C)Cc1ccccc1,4.0,0.0,1.0,0.5,Low,1,0,0,1,0,1,oxidative_stress,pathway,0.5,oxidative_stress,"Compound annotation contains keyword 'True' (or related pathway term), suggesting relevance to MSD node oxidative_stress.",10.77,7.355,11.0,Monoamine oxidase B inhibitor,INHIBITOR,0.0,0.0,0.0,0.0,0.0,0.5,0.0
CHEMBL973,TERIFLUNOMIDE,C/C(O)=C(\C#N)C(=O)Nc1ccc(C(F)(F)F)cc1,4.0,0.0,1.0,0.5,Low,1,0,0,1,0,1,oxidative_stress,pathway,0.5,oxidative_stress,"Compound annotation contains keyword 'True' (or related pathway term), suggesting relevance to MSD node oxidative_stress.",8.05,6.54,7.0,Dihydroorotate dehydrogenase inhibitor,INHIBITOR,0.0,0.0,0.0,0.0,0.0,0.5,0.0
CHEMBL97771,SRC-kinase-inhibitor-I,COc1cc2ncnc(Nc3ccc(Oc4ccccc4)cc3)c2cc1OC,,0.0,0.0,0.5,Low,1,0,0,1,0,1,oxidative_stress,pathway,0.5,oxidative_stress,"Compound annotation contains keyword 'True' (or related pathway term), suggesting relevance to MSD node oxidative_stress.",7.58,6.75,3.0,,,0.0,0.0,0.0,0.0,0.0,0.5,0.0
