chembl_id,compound_name,primary_target,msd_node_matched,match_type,rationale_draft,supporting_evidence
CHEMBL336961,AZAKENPAULLONE,True,oxidative_stress,pathway,"Compound annotation contains keyword 'True' (or related pathway term), suggesting relevance to MSD node oxidative_stress.",source: specs_annotated_unified.csv; ChEMBL:https://www.ebi.ac.uk/chembl/compound_report_card/CHEMBL336961
CHEMBL264406,nan,True,oxidative_stress,pathway,"Compound annotation contains keyword 'True' (or related pathway term), suggesting relevance to MSD node oxidative_stress.",source: specs_annotated_unified.csv; ChEMBL:https://www.ebi.ac.uk/chembl/compound_report_card/CHEMBL264406
CHEMBL404505,nan,True,oxidative_stress,pathway,"Compound annotation contains keyword 'True' (or related pathway term), suggesting relevance to MSD node oxidative_stress.",source: specs_annotated_unified.csv; ChEMBL:https://www.ebi.ac.uk/chembl/compound_report_card/CHEMBL404505
CHEMBL6705,nan,True,oxidative_stress,pathway,"Compound annotation contains keyword 'True' (or related pathway term), suggesting relevance to MSD node oxidative_stress.",source: specs_annotated_unified.csv; ChEMBL:https://www.ebi.ac.uk/chembl/compound_report_card/CHEMBL6705
CHEMBL177820,TETRABROMOBENZOTRIAZOLE,True,oxidative_stress,pathway,"Compound annotation contains keyword 'True' (or related pathway term), suggesting relevance to MSD node oxidative_stress.",source: specs_annotated_unified.csv; ChEMBL:https://www.ebi.ac.uk/chembl/compound_report_card/CHEMBL177820
CHEMBL497802,nan,True,oxidative_stress,pathway,"Compound annotation contains keyword 'True' (or related pathway term), suggesting relevance to MSD node oxidative_stress.",source: specs_annotated_unified.csv; ChEMBL:https://www.ebi.ac.uk/chembl/compound_report_card/CHEMBL497802
CHEMBL272357,nan,True,ER_proteostasis,pathway,"Compound annotation contains keyword 'True' (or related pathway term), suggesting relevance to MSD node ER_proteostasis.",source: specs_annotated_unified.csv; ChEMBL:https://www.ebi.ac.uk/chembl/compound_report_card/CHEMBL272357
CHEMBL16217,nan,True,oxidative_stress,pathway,"Compound annotation contains keyword 'True' (or related pathway term), suggesting relevance to MSD node oxidative_stress.",source: specs_annotated_unified.csv; ChEMBL:https://www.ebi.ac.uk/chembl/compound_report_card/CHEMBL16217
CHEMBL1982660,nan,True,oxidative_stress,pathway,"Compound annotation contains keyword 'True' (or related pathway term), suggesting relevance to MSD node oxidative_stress.",source: specs_annotated_unified.csv; ChEMBL:https://www.ebi.ac.uk/chembl/compound_report_card/CHEMBL1982660
CHEMBL379218,nan,True,oxidative_stress,pathway,"Compound annotation contains keyword 'True' (or related pathway term), suggesting relevance to MSD node oxidative_stress.",source: specs_annotated_unified.csv; ChEMBL:https://www.ebi.ac.uk/chembl/compound_report_card/CHEMBL379218
CHEMBL2206278,nan,True,oxidative_stress,pathway,"Compound annotation contains keyword 'True' (or related pathway term), suggesting relevance to MSD node oxidative_stress.",source: specs_annotated_unified.csv; ChEMBL:https://www.ebi.ac.uk/chembl/compound_report_card/CHEMBL2206278
CHEMBL3991934,nan,True,oxidative_stress,pathway,"Compound annotation contains keyword 'True' (or related pathway term), suggesting relevance to MSD node oxidative_stress.",source: specs_annotated_unified.csv; ChEMBL:https://www.ebi.ac.uk/chembl/compound_report_card/CHEMBL3991934
CHEMBL587723,AEE-788,True,oxidative_stress,moa,"Compound annotation contains keyword 'True' (or related pathway term), suggesting relevance to MSD node oxidative_stress.",source: specs_annotated_unified.csv; ChEMBL:https://www.ebi.ac.uk/chembl/compound_report_card/CHEMBL587723
CHEMBL56543,nan,True,oxidative_stress,pathway,"Compound annotation contains keyword 'True' (or related pathway term), suggesting relevance to MSD node oxidative_stress.",source: specs_annotated_unified.csv; ChEMBL:https://www.ebi.ac.uk/chembl/compound_report_card/CHEMBL56543
CHEMBL53898,nan,True,oxidative_stress,pathway,"Compound annotation contains keyword 'True' (or related pathway term), suggesting relevance to MSD node oxidative_stress.",source: specs_annotated_unified.csv; ChEMBL:https://www.ebi.ac.uk/chembl/compound_report_card/CHEMBL53898
CHEMBL1317823,nan,True,oxidative_stress,pathway,"Compound annotation contains keyword 'True' (or related pathway term), suggesting relevance to MSD node oxidative_stress.",source: specs_annotated_unified.csv; ChEMBL:https://www.ebi.ac.uk/chembl/compound_report_card/CHEMBL1317823
CHEMBL247070,nan,True,oxidative_stress,pathway,"Compound annotation contains keyword 'True' (or related pathway term), suggesting relevance to MSD node oxidative_stress.",source: specs_annotated_unified.csv; ChEMBL:https://www.ebi.ac.uk/chembl/compound_report_card/CHEMBL247070
CHEMBL2087742,nan,True,oxidative_stress,pathway,"Compound annotation contains keyword 'True' (or related pathway term), suggesting relevance to MSD node oxidative_stress.",source: specs_annotated_unified.csv; ChEMBL:https://www.ebi.ac.uk/chembl/compound_report_card/CHEMBL2087742
CHEMBL3237719,nan,True,oxidative_stress,pathway,"Compound annotation contains keyword 'True' (or related pathway term), suggesting relevance to MSD node oxidative_stress.",source: specs_annotated_unified.csv; ChEMBL:https://www.ebi.ac.uk/chembl/compound_report_card/CHEMBL3237719
CHEMBL460472,nan,True,oxidative_stress,pathway,"Compound annotation contains keyword 'True' (or related pathway term), suggesting relevance to MSD node oxidative_stress.",source: specs_annotated_unified.csv; ChEMBL:https://www.ebi.ac.uk/chembl/compound_report_card/CHEMBL460472
CHEMBL2140408,AMG-900,True,oxidative_stress,pathway,"Compound annotation contains keyword 'True' (or related pathway term), suggesting relevance to MSD node oxidative_stress.",source: specs_annotated_unified.csv; ChEMBL:https://www.ebi.ac.uk/chembl/compound_report_card/CHEMBL2140408
CHEMBL3397300,nan,True,oxidative_stress,pathway,"Compound annotation contains keyword 'True' (or related pathway term), suggesting relevance to MSD node oxidative_stress.",source: specs_annotated_unified.csv; ChEMBL:https://www.ebi.ac.uk/chembl/compound_report_card/CHEMBL3397300
CHEMBL4297188,MIRANSERTIB,True,trehalose_AKT_TFEB,moa,"Compound annotation contains keyword 'True' (or related pathway term), suggesting relevance to MSD node trehalose_AKT_TFEB.",source: specs_annotated_unified.csv; ChEMBL:https://www.ebi.ac.uk/chembl/compound_report_card/CHEMBL4297188
CHEMBL2103842,VARLITINIB,True,oxidative_stress,moa,"Compound annotation contains keyword 'True' (or related pathway term), suggesting relevance to MSD node oxidative_stress.",source: specs_annotated_unified.csv; ChEMBL:https://www.ebi.ac.uk/chembl/compound_report_card/CHEMBL2103842
CHEMBL307261,ARTENIMOL,True,oxidative_stress,pathway,"Compound annotation contains keyword 'True' (or related pathway term), suggesting relevance to MSD node oxidative_stress.",source: specs_annotated_unified.csv; ChEMBL:https://www.ebi.ac.uk/chembl/compound_report_card/CHEMBL307261
CHEMBL196,ASCORBIC ACID,True,oxidative_stress,pathway,"Compound annotation contains keyword 'True' (or related pathway term), suggesting relevance to MSD node oxidative_stress.",source: specs_annotated_unified.csv; ChEMBL:https://www.ebi.ac.uk/chembl/compound_report_card/CHEMBL196
CHEMBL3545360,ASP-3026,True,oxidative_stress,moa,"Compound annotation contains keyword 'True' (or related pathway term), suggesting relevance to MSD node oxidative_stress.",source: specs_annotated_unified.csv; ChEMBL:https://www.ebi.ac.uk/chembl/compound_report_card/CHEMBL3545360
CHEMBL1947204,ALLITINIB,True,oxidative_stress,moa,"Compound annotation contains keyword 'True' (or related pathway term), suggesting relevance to MSD node oxidative_stress.",source: specs_annotated_unified.csv; ChEMBL:https://www.ebi.ac.uk/chembl/compound_report_card/CHEMBL1947204
CHEMBL445813,AT-7519,True,oxidative_stress,pathway,"Compound annotation contains keyword 'True' (or related pathway term), suggesting relevance to MSD node oxidative_stress.",source: specs_annotated_unified.csv; ChEMBL:https://www.ebi.ac.uk/chembl/compound_report_card/CHEMBL445813
CHEMBL495727,AT-9283,True,oxidative_stress,moa,"Compound annotation contains keyword 'True' (or related pathway term), suggesting relevance to MSD node oxidative_stress.",source: specs_annotated_unified.csv; ChEMBL:https://www.ebi.ac.uk/chembl/compound_report_card/CHEMBL495727
CHEMBL3301625,SPEBRUTINIB,True,oxidative_stress,pathway,"Compound annotation contains keyword 'True' (or related pathway term), suggesting relevance to MSD node oxidative_stress.",source: specs_annotated_unified.csv; ChEMBL:https://www.ebi.ac.uk/chembl/compound_report_card/CHEMBL3301625
CHEMBL2144069,nan,True,oxidative_stress,pathway,"Compound annotation contains keyword 'True' (or related pathway term), suggesting relevance to MSD node oxidative_stress.",source: specs_annotated_unified.csv; ChEMBL:https://www.ebi.ac.uk/chembl/compound_report_card/CHEMBL2144069
CHEMBL3421968,nan,True,oxidative_stress,pathway,"Compound annotation contains keyword 'True' (or related pathway term), suggesting relevance to MSD node oxidative_stress.",source: specs_annotated_unified.csv; ChEMBL:https://www.ebi.ac.uk/chembl/compound_report_card/CHEMBL3421968
CHEMBL2325697,nan,MTOR,mTORC1,target,"Compound annotated with target MTOR, which links to MSD node mTORC1.",source: specs_annotated_unified.csv; ChEMBL:https://www.ebi.ac.uk/chembl/compound_report_card/CHEMBL2325697
CHEMBL1774055,nan,True,oxidative_stress,pathway,"Compound annotation contains keyword 'True' (or related pathway term), suggesting relevance to MSD node oxidative_stress.",source: specs_annotated_unified.csv; ChEMBL:https://www.ebi.ac.uk/chembl/compound_report_card/CHEMBL1774055
CHEMBL1969664,AZD-1080,True,oxidative_stress,pathway,"Compound annotation contains keyword 'True' (or related pathway term), suggesting relevance to MSD node oxidative_stress.",source: specs_annotated_unified.csv; ChEMBL:https://www.ebi.ac.uk/chembl/compound_report_card/CHEMBL1969664
CHEMBL1231124,AZD-1480,True,oxidative_stress,moa,"Compound annotation contains keyword 'True' (or related pathway term), suggesting relevance to MSD node oxidative_stress.",source: specs_annotated_unified.csv; ChEMBL:https://www.ebi.ac.uk/chembl/compound_report_card/CHEMBL1231124
CHEMBL1914489,AZD1981,True,oxidative_stress,pathway,"Compound annotation contains keyword 'True' (or related pathway term), suggesting relevance to MSD node oxidative_stress.",source: specs_annotated_unified.csv; ChEMBL:https://www.ebi.ac.uk/chembl/compound_report_card/CHEMBL1914489
CHEMBL2336325,VISTUSERTIB,MTOR,mTORC1,moa,"Compound annotation contains keyword 'MTOR' (or related pathway term), suggesting relevance to MSD node mTORC1.",source: specs_annotated_unified.csv; ChEMBL:https://www.ebi.ac.uk/chembl/compound_report_card/CHEMBL2336325
CHEMBL4203266,nan,True,oxidative_stress,pathway,"Compound annotation contains keyword 'True' (or related pathway term), suggesting relevance to MSD node oxidative_stress.",source: specs_annotated_unified.csv; ChEMBL:https://www.ebi.ac.uk/chembl/compound_report_card/CHEMBL4203266
CHEMBL3623290,AZD-3759,True,oxidative_stress,pathway,"Compound annotation contains keyword 'True' (or related pathway term), suggesting relevance to MSD node oxidative_stress.",source: specs_annotated_unified.csv; ChEMBL:https://www.ebi.ac.uk/chembl/compound_report_card/CHEMBL3623290
CHEMBL2325741,CAPIVASERTIB,True,trehalose_AKT_TFEB,moa,"Compound annotation contains keyword 'True' (or related pathway term), suggesting relevance to MSD node trehalose_AKT_TFEB.",source: specs_annotated_unified.csv; ChEMBL:https://www.ebi.ac.uk/chembl/compound_report_card/CHEMBL2325741
CHEMBL2325741,CAPIVASERTIB,True,oxidative_stress,pathway,"Compound annotation contains keyword 'True' (or related pathway term), suggesting relevance to MSD node oxidative_stress.",source: specs_annotated_unified.csv; ChEMBL:https://www.ebi.ac.uk/chembl/compound_report_card/CHEMBL2325741
CHEMBL2165191,AZD-6482,MTOR,mTORC1,target,"Compound annotated with target MTOR, which links to MSD node mTORC1.",source: specs_annotated_unified.csv; ChEMBL:https://www.ebi.ac.uk/chembl/compound_report_card/CHEMBL2165191
CHEMBL2041933,AZD-7762,True,oxidative_stress,pathway,"Compound annotation contains keyword 'True' (or related pathway term), suggesting relevance to MSD node oxidative_stress.",source: specs_annotated_unified.csv; ChEMBL:https://www.ebi.ac.uk/chembl/compound_report_card/CHEMBL2041933
CHEMBL1801204,AZD-8055,MTOR,mTORC1,moa,"Compound annotation contains keyword 'MTOR' (or related pathway term), suggesting relevance to MSD node mTORC1.",source: specs_annotated_unified.csv; ChEMBL:https://www.ebi.ac.uk/chembl/compound_report_card/CHEMBL1801204
CHEMBL2408045,SAPITINIB,True,oxidative_stress,moa,"Compound annotation contains keyword 'True' (or related pathway term), suggesting relevance to MSD node oxidative_stress.",source: specs_annotated_unified.csv; ChEMBL:https://www.ebi.ac.uk/chembl/compound_report_card/CHEMBL2408045
CHEMBL426161,AZM-475271,True,oxidative_stress,moa,"Compound annotation contains keyword 'True' (or related pathway term), suggesting relevance to MSD node oxidative_stress.",source: specs_annotated_unified.csv; ChEMBL:https://www.ebi.ac.uk/chembl/compound_report_card/CHEMBL426161
CHEMBL541400,nan,True,oxidative_stress,pathway,"Compound annotation contains keyword 'True' (or related pathway term), suggesting relevance to MSD node oxidative_stress.",source: specs_annotated_unified.csv; ChEMBL:https://www.ebi.ac.uk/chembl/compound_report_card/CHEMBL541400
CHEMBL3545096,BGT-226,MTOR,mTORC1,moa,"Compound annotation contains keyword 'MTOR' (or related pathway term), suggesting relevance to MSD node mTORC1.",source: specs_annotated_unified.csv; ChEMBL:https://www.ebi.ac.uk/chembl/compound_report_card/CHEMBL3545096
CHEMBL513909,BI-2536,True,oxidative_stress,pathway,"Compound annotation contains keyword 'True' (or related pathway term), suggesting relevance to MSD node oxidative_stress.",source: specs_annotated_unified.csv; ChEMBL:https://www.ebi.ac.uk/chembl/compound_report_card/CHEMBL513909
CHEMBL3699142,nan,True,oxidative_stress,pathway,"Compound annotation contains keyword 'True' (or related pathway term), suggesting relevance to MSD node oxidative_stress.",source: specs_annotated_unified.csv; ChEMBL:https://www.ebi.ac.uk/chembl/compound_report_card/CHEMBL3699142
CHEMBL573107,nan,True,oxidative_stress,pathway,"Compound annotation contains keyword 'True' (or related pathway term), suggesting relevance to MSD node oxidative_stress.",source: specs_annotated_unified.csv; ChEMBL:https://www.ebi.ac.uk/chembl/compound_report_card/CHEMBL573107
CHEMBL1358485,nan,True,oxidative_stress,pathway,"Compound annotation contains keyword 'True' (or related pathway term), suggesting relevance to MSD node oxidative_stress.",source: specs_annotated_unified.csv; ChEMBL:https://www.ebi.ac.uk/chembl/compound_report_card/CHEMBL1358485
CHEMBL258940,FALNIDAMOL,True,oxidative_stress,pathway,"Compound annotation contains keyword 'True' (or related pathway term), suggesting relevance to MSD node oxidative_stress.",source: specs_annotated_unified.csv; ChEMBL:https://www.ebi.ac.uk/chembl/compound_report_card/CHEMBL258940
CHEMBL401930,nan,True,oxidative_stress,pathway,"Compound annotation contains keyword 'True' (or related pathway term), suggesting relevance to MSD node oxidative_stress.",source: specs_annotated_unified.csv; ChEMBL:https://www.ebi.ac.uk/chembl/compound_report_card/CHEMBL401930
CHEMBL1645462,AC-480,True,oxidative_stress,moa,"Compound annotation contains keyword 'True' (or related pathway term), suggesting relevance to MSD node oxidative_stress.",source: specs_annotated_unified.csv; ChEMBL:https://www.ebi.ac.uk/chembl/compound_report_card/CHEMBL1645462
CHEMBL3545396,BMS-690514,True,oxidative_stress,moa,"Compound annotation contains keyword 'True' (or related pathway term), suggesting relevance to MSD node oxidative_stress.",source: specs_annotated_unified.csv; ChEMBL:https://www.ebi.ac.uk/chembl/compound_report_card/CHEMBL3545396
CHEMBL460702,BMS-777607,True,oxidative_stress,pathway,"Compound annotation contains keyword 'True' (or related pathway term), suggesting relevance to MSD node oxidative_stress.",source: specs_annotated_unified.csv; ChEMBL:https://www.ebi.ac.uk/chembl/compound_report_card/CHEMBL460702
CHEMBL2030402,nan,True,oxidative_stress,pathway,"Compound annotation contains keyword 'True' (or related pathway term), suggesting relevance to MSD node oxidative_stress.",source: specs_annotated_unified.csv; ChEMBL:https://www.ebi.ac.uk/chembl/compound_report_card/CHEMBL2030402
CHEMBL13698,nan,True,oxidative_stress,pathway,"Compound annotation contains keyword 'True' (or related pathway term), suggesting relevance to MSD node oxidative_stress.",source: specs_annotated_unified.csv; ChEMBL:https://www.ebi.ac.uk/chembl/compound_report_card/CHEMBL13698
CHEMBL81099,nan,True,oxidative_stress,pathway,"Compound annotation contains keyword 'True' (or related pathway term), suggesting relevance to MSD node oxidative_stress.",source: specs_annotated_unified.csv; ChEMBL:https://www.ebi.ac.uk/chembl/compound_report_card/CHEMBL81099
CHEMBL1762621,BARDOXOLONE METHYL,NRF2,oxidative_stress,moa,"Compound annotation contains keyword 'NRF2' (or related pathway term), suggesting relevance to MSD node oxidative_stress.",source: specs_annotated_unified.csv; ChEMBL:https://www.ebi.ac.uk/chembl/compound_report_card/CHEMBL1762621
CHEMBL3586573,CC-115,MTOR,mTORC1,moa,"Compound annotation contains keyword 'MTOR' (or related pathway term), suggesting relevance to MSD node mTORC1.",source: specs_annotated_unified.csv; ChEMBL:https://www.ebi.ac.uk/chembl/compound_report_card/CHEMBL3586573
CHEMBL3586404,ONATASERTIB,MTOR,mTORC1,moa,"Compound annotation contains keyword 'MTOR' (or related pathway term), suggesting relevance to MSD node mTORC1.",source: specs_annotated_unified.csv; ChEMBL:https://www.ebi.ac.uk/chembl/compound_report_card/CHEMBL3586404
CHEMBL1614713,CC-401,True,oxidative_stress,pathway,"Compound annotation contains keyword 'True' (or related pathway term), suggesting relevance to MSD node oxidative_stress.",source: specs_annotated_unified.csv; ChEMBL:https://www.ebi.ac.uk/chembl/compound_report_card/CHEMBL1614713
CHEMBL1950289,TANZISERTIB,True,ER_proteostasis,pathway,"Compound annotation contains keyword 'True' (or related pathway term), suggesting relevance to MSD node ER_proteostasis.",source: specs_annotated_unified.csv; ChEMBL:https://www.ebi.ac.uk/chembl/compound_report_card/CHEMBL1950289
CHEMBL399530,nan,True,oxidative_stress,pathway,"Compound annotation contains keyword 'True' (or related pathway term), suggesting relevance to MSD node oxidative_stress.",source: specs_annotated_unified.csv; ChEMBL:https://www.ebi.ac.uk/chembl/compound_report_card/CHEMBL399530
CHEMBL1236904,nan,True,oxidative_stress,pathway,"Compound annotation contains keyword 'True' (or related pathway term), suggesting relevance to MSD node oxidative_stress.",source: specs_annotated_unified.csv; ChEMBL:https://www.ebi.ac.uk/chembl/compound_report_card/CHEMBL1236904
CHEMBL2029988,CEP-32496,True,oxidative_stress,moa,"Compound annotation contains keyword 'True' (or related pathway term), suggesting relevance to MSD node oxidative_stress.",source: specs_annotated_unified.csv; ChEMBL:https://www.ebi.ac.uk/chembl/compound_report_card/CHEMBL2029988
CHEMBL2062804,nan,True,oxidative_stress,pathway,"Compound annotation contains keyword 'True' (or related pathway term), suggesting relevance to MSD node oxidative_stress.",source: specs_annotated_unified.csv; ChEMBL:https://www.ebi.ac.uk/chembl/compound_report_card/CHEMBL2062804
CHEMBL1240885,nan,True,oxidative_stress,pathway,"Compound annotation contains keyword 'True' (or related pathway term), suggesting relevance to MSD node oxidative_stress.",source: specs_annotated_unified.csv; ChEMBL:https://www.ebi.ac.uk/chembl/compound_report_card/CHEMBL1240885
CHEMBL300389,nan,MTOR,mTORC1,target,"Compound annotated with target MTOR, which links to MSD node mTORC1.",source: specs_annotated_unified.csv; ChEMBL:https://www.ebi.ac.uk/chembl/compound_report_card/CHEMBL300389
CHEMBL300389,nan,True,oxidative_stress,pathway,"Compound annotation contains keyword 'True' (or related pathway term), suggesting relevance to MSD node oxidative_stress.",source: specs_annotated_unified.csv; ChEMBL:https://www.ebi.ac.uk/chembl/compound_report_card/CHEMBL300389
CHEMBL3907479,FGFR INHIBITOR DEBIO 1347,True,oxidative_stress,pathway,"Compound annotation contains keyword 'True' (or related pathway term), suggesting relevance to MSD node oxidative_stress.",source: specs_annotated_unified.csv; ChEMBL:https://www.ebi.ac.uk/chembl/compound_report_card/CHEMBL3907479
CHEMBL1684984,IZORLISIB,MTOR,mTORC1,target,"Compound annotated with target MTOR, which links to MSD node mTORC1.",source: specs_annotated_unified.csv; ChEMBL:https://www.ebi.ac.uk/chembl/compound_report_card/CHEMBL1684984
CHEMBL2216827,nan,True,oxidative_stress,pathway,"Compound annotation contains keyword 'True' (or related pathway term), suggesting relevance to MSD node oxidative_stress.",source: specs_annotated_unified.csv; ChEMBL:https://www.ebi.ac.uk/chembl/compound_report_card/CHEMBL2216827
CHEMBL319136,nan,True,oxidative_stress,pathway,"Compound annotation contains keyword 'True' (or related pathway term), suggesting relevance to MSD node oxidative_stress.",source: specs_annotated_unified.csv; ChEMBL:https://www.ebi.ac.uk/chembl/compound_report_card/CHEMBL319136
CHEMBL598797,CUDC-101,True,oxidative_stress,moa,"Compound annotation contains keyword 'True' (or related pathway term), suggesting relevance to MSD node oxidative_stress.",source: specs_annotated_unified.csv; ChEMBL:https://www.ebi.ac.uk/chembl/compound_report_card/CHEMBL598797
CHEMBL3622533,FIMEPINOSTAT,MTOR,mTORC1,target,"Compound annotated with target MTOR, which links to MSD node mTORC1.",source: specs_annotated_unified.csv; ChEMBL:https://www.ebi.ac.uk/chembl/compound_report_card/CHEMBL3622533
CHEMBL1256672,nan,True,oxidative_stress,pathway,"Compound annotation contains keyword 'True' (or related pathway term), suggesting relevance to MSD node oxidative_stress.",source: specs_annotated_unified.csv; ChEMBL:https://www.ebi.ac.uk/chembl/compound_report_card/CHEMBL1256672
CHEMBL1230165,SILMITASERTIB,True,oxidative_stress,pathway,"Compound annotation contains keyword 'True' (or related pathway term), suggesting relevance to MSD node oxidative_stress.",source: specs_annotated_unified.csv; ChEMBL:https://www.ebi.ac.uk/chembl/compound_report_card/CHEMBL1230165
CHEMBL136800,CX516,True,oxidative_stress,pathway,"Compound annotation contains keyword 'True' (or related pathway term), suggesting relevance to MSD node oxidative_stress.",source: specs_annotated_unified.csv; ChEMBL:https://www.ebi.ac.uk/chembl/compound_report_card/CHEMBL136800
CHEMBL482967,CYC-116,True,oxidative_stress,pathway,"Compound annotation contains keyword 'True' (or related pathway term), suggesting relevance to MSD node oxidative_stress.",source: specs_annotated_unified.csv; ChEMBL:https://www.ebi.ac.uk/chembl/compound_report_card/CHEMBL482967
CHEMBL42485,DUP-697,True,oxidative_stress,pathway,"Compound annotation contains keyword 'True' (or related pathway term), suggesting relevance to MSD node oxidative_stress.",source: specs_annotated_unified.csv; ChEMBL:https://www.ebi.ac.uk/chembl/compound_report_card/CHEMBL42485
CHEMBL192509,nan,True,autophagy_flux,pathway,"Compound annotation contains keyword 'True' (or related pathway term), suggesting relevance to MSD node autophagy_flux.",source: specs_annotated_unified.csv; ChEMBL:https://www.ebi.ac.uk/chembl/compound_report_card/CHEMBL192509
CHEMBL2170739,nan,True,oxidative_stress,pathway,"Compound annotation contains keyword 'True' (or related pathway term), suggesting relevance to MSD node oxidative_stress.",source: specs_annotated_unified.csv; ChEMBL:https://www.ebi.ac.uk/chembl/compound_report_card/CHEMBL2170739
CHEMBL1511,ESTRADIOL VALERATE,True,oxidative_stress,pathway,"Compound annotation contains keyword 'True' (or related pathway term), suggesting relevance to MSD node oxidative_stress.",source: specs_annotated_unified.csv; ChEMBL:https://www.ebi.ac.uk/chembl/compound_report_card/CHEMBL1511
CHEMBL691,ETHINYL ESTRADIOL,True,oxidative_stress,pathway,"Compound annotation contains keyword 'True' (or related pathway term), suggesting relevance to MSD node oxidative_stress.",source: specs_annotated_unified.csv; ChEMBL:https://www.ebi.ac.uk/chembl/compound_report_card/CHEMBL691
CHEMBL3334621,nan,MTOR,mTORC1,target,"Compound annotated with target MTOR, which links to MSD node mTORC1.",source: specs_annotated_unified.csv; ChEMBL:https://www.ebi.ac.uk/chembl/compound_report_card/CHEMBL3334621
CHEMBL51085,EBSELEN,True,oxidative_stress,moa,"Compound annotation contains keyword 'True' (or related pathway term), suggesting relevance to MSD node oxidative_stress.",source: specs_annotated_unified.csv; ChEMBL:https://www.ebi.ac.uk/chembl/compound_report_card/CHEMBL51085
CHEMBL51085,EBSELEN,True,lysosomal_trafficking_M6P,pathway,"Compound annotation contains keyword 'True' (or related pathway term), suggesting relevance to MSD node lysosomal_trafficking_M6P.",source: specs_annotated_unified.csv; ChEMBL:https://www.ebi.ac.uk/chembl/compound_report_card/CHEMBL51085
CHEMBL275809,FR-122047,True,oxidative_stress,pathway,"Compound annotation contains keyword 'True' (or related pathway term), suggesting relevance to MSD node oxidative_stress.",source: specs_annotated_unified.csv; ChEMBL:https://www.ebi.ac.uk/chembl/compound_report_card/CHEMBL275809
CHEMBL902,FAMOTIDINE,True,oxidative_stress,pathway,"Compound annotation contains keyword 'True' (or related pathway term), suggesting relevance to MSD node oxidative_stress.",source: specs_annotated_unified.csv; ChEMBL:https://www.ebi.ac.uk/chembl/compound_report_card/CHEMBL902
CHEMBL2177390,IPATASERTIB,True,trehalose_AKT_TFEB,moa,"Compound annotation contains keyword 'True' (or related pathway term), suggesting relevance to MSD node trehalose_AKT_TFEB.",source: specs_annotated_unified.csv; ChEMBL:https://www.ebi.ac.uk/chembl/compound_report_card/CHEMBL2177390
CHEMBL2331680,RG-7603,MTOR,mTORC1,moa,"Compound annotation contains keyword 'MTOR' (or related pathway term), suggesting relevance to MSD node mTORC1.",source: specs_annotated_unified.csv; ChEMBL:https://www.ebi.ac.uk/chembl/compound_report_card/CHEMBL2331680
CHEMBL2057915,nan,True,oxidative_stress,pathway,"Compound annotation contains keyword 'True' (or related pathway term), suggesting relevance to MSD node oxidative_stress.",source: specs_annotated_unified.csv; ChEMBL:https://www.ebi.ac.uk/chembl/compound_report_card/CHEMBL2057915
CHEMBL525191,nan,True,oxidative_stress,pathway,"Compound annotation contains keyword 'True' (or related pathway term), suggesting relevance to MSD node oxidative_stress.",source: specs_annotated_unified.csv; ChEMBL:https://www.ebi.ac.uk/chembl/compound_report_card/CHEMBL525191
CHEMBL521851,PICTILISIB,MTOR,mTORC1,target,"Compound annotated with target MTOR, which links to MSD node mTORC1.",source: specs_annotated_unified.csv; ChEMBL:https://www.ebi.ac.uk/chembl/compound_report_card/CHEMBL521851
CHEMBL521851,PICTILISIB,True,oxidative_stress,pathway,"Compound annotation contains keyword 'True' (or related pathway term), suggesting relevance to MSD node oxidative_stress.",source: specs_annotated_unified.csv; ChEMBL:https://www.ebi.ac.uk/chembl/compound_report_card/CHEMBL521851
CHEMBL1922094,APITOLISIB,MTOR,mTORC1,moa,"Compound annotation contains keyword 'MTOR' (or related pathway term), suggesting relevance to MSD node mTORC1.",source: specs_annotated_unified.csv; ChEMBL:https://www.ebi.ac.uk/chembl/compound_report_card/CHEMBL1922094
CHEMBL1922094,APITOLISIB,True,oxidative_stress,pathway,"Compound annotation contains keyword 'True' (or related pathway term), suggesting relevance to MSD node oxidative_stress.",source: specs_annotated_unified.csv; ChEMBL:https://www.ebi.ac.uk/chembl/compound_report_card/CHEMBL1922094
CHEMBL205627,nan,True,oxidative_stress,pathway,"Compound annotation contains keyword 'True' (or related pathway term), suggesting relevance to MSD node oxidative_stress.",source: specs_annotated_unified.csv; ChEMBL:https://www.ebi.ac.uk/chembl/compound_report_card/CHEMBL205627
CHEMBL483847,nan,True,oxidative_stress,pathway,"Compound annotation contains keyword 'True' (or related pathway term), suggesting relevance to MSD node oxidative_stress.",source: specs_annotated_unified.csv; ChEMBL:https://www.ebi.ac.uk/chembl/compound_report_card/CHEMBL483847
CHEMBL1257423,nan,True,oxidative_stress,pathway,"Compound annotation contains keyword 'True' (or related pathway term), suggesting relevance to MSD node oxidative_stress.",source: specs_annotated_unified.csv; ChEMBL:https://www.ebi.ac.uk/chembl/compound_report_card/CHEMBL1257423
CHEMBL2037226,nan,True,oxidative_stress,pathway,"Compound annotation contains keyword 'True' (or related pathway term), suggesting relevance to MSD node oxidative_stress.",source: specs_annotated_unified.csv; ChEMBL:https://www.ebi.ac.uk/chembl/compound_report_card/CHEMBL2037226
CHEMBL1214141,nan,True,oxidative_stress,pathway,"Compound annotation contains keyword 'True' (or related pathway term), suggesting relevance to MSD node oxidative_stress.",source: specs_annotated_unified.csv; ChEMBL:https://www.ebi.ac.uk/chembl/compound_report_card/CHEMBL1214141
CHEMBL6367,GPI-1046,True,autophagy_flux,pathway,"Compound annotation contains keyword 'True' (or related pathway term), suggesting relevance to MSD node autophagy_flux.",source: specs_annotated_unified.csv; ChEMBL:https://www.ebi.ac.uk/chembl/compound_report_card/CHEMBL6367
CHEMBL394527,nan,True,oxidative_stress,pathway,"Compound annotation contains keyword 'True' (or related pathway term), suggesting relevance to MSD node oxidative_stress.",source: specs_annotated_unified.csv; ChEMBL:https://www.ebi.ac.uk/chembl/compound_report_card/CHEMBL394527
CHEMBL3265032,ENTOSPLETINIB,True,oxidative_stress,moa,"Compound annotation contains keyword 'True' (or related pathway term), suggesting relevance to MSD node oxidative_stress.",source: specs_annotated_unified.csv; ChEMBL:https://www.ebi.ac.uk/chembl/compound_report_card/CHEMBL3265032
CHEMBL3544966,GSK-1059615,MTOR,mTORC1,target,"Compound annotated with target MTOR, which links to MSD node mTORC1.",source: specs_annotated_unified.csv; ChEMBL:https://www.ebi.ac.uk/chembl/compound_report_card/CHEMBL3544966
CHEMBL3544966,GSK-1059615,True,oxidative_stress,pathway,"Compound annotation contains keyword 'True' (or related pathway term), suggesting relevance to MSD node oxidative_stress.",source: specs_annotated_unified.csv; ChEMBL:https://www.ebi.ac.uk/chembl/compound_report_card/CHEMBL3544966
CHEMBL1090479,GSK-1070916,True,oxidative_stress,pathway,"Compound annotation contains keyword 'True' (or related pathway term), suggesting relevance to MSD node oxidative_stress.",source: specs_annotated_unified.csv; ChEMBL:https://www.ebi.ac.uk/chembl/compound_report_card/CHEMBL1090479
CHEMBL464552,nan,True,oxidative_stress,pathway,"Compound annotation contains keyword 'True' (or related pathway term), suggesting relevance to MSD node oxidative_stress.",source: specs_annotated_unified.csv; ChEMBL:https://www.ebi.ac.uk/chembl/compound_report_card/CHEMBL464552
CHEMBL2219422,AFURESERTIB,True,trehalose_AKT_TFEB,moa,"Compound annotation contains keyword 'True' (or related pathway term), suggesting relevance to MSD node trehalose_AKT_TFEB.",source: specs_annotated_unified.csv; ChEMBL:https://www.ebi.ac.uk/chembl/compound_report_card/CHEMBL2219422
CHEMBL1236962,OMIPALISIB,MTOR,mTORC1,moa,"Compound annotation contains keyword 'MTOR' (or related pathway term), suggesting relevance to MSD node mTORC1.",source: specs_annotated_unified.csv; ChEMBL:https://www.ebi.ac.uk/chembl/compound_report_card/CHEMBL1236962
CHEMBL2171124,nan,True,oxidative_stress,pathway,"Compound annotation contains keyword 'True' (or related pathway term), suggesting relevance to MSD node oxidative_stress.",source: specs_annotated_unified.csv; ChEMBL:https://www.ebi.ac.uk/chembl/compound_report_card/CHEMBL2171124
CHEMBL220241,GSK-269962A,True,oxidative_stress,pathway,"Compound annotation contains keyword 'True' (or related pathway term), suggesting relevance to MSD node oxidative_stress.",source: specs_annotated_unified.csv; ChEMBL:https://www.ebi.ac.uk/chembl/compound_report_card/CHEMBL220241
CHEMBL1908394,GSK-461364,True,oxidative_stress,pathway,"Compound annotation contains keyword 'True' (or related pathway term), suggesting relevance to MSD node oxidative_stress.",source: specs_annotated_unified.csv; ChEMBL:https://www.ebi.ac.uk/chembl/compound_report_card/CHEMBL1908394
CHEMBL494089,GSK-690693,True,trehalose_AKT_TFEB,moa,"Compound annotation contains keyword 'True' (or related pathway term), suggesting relevance to MSD node trehalose_AKT_TFEB.",source: specs_annotated_unified.csv; ChEMBL:https://www.ebi.ac.uk/chembl/compound_report_card/CHEMBL494089
CHEMBL406375,nan,True,oxidative_stress,pathway,"Compound annotation contains keyword 'True' (or related pathway term), suggesting relevance to MSD node oxidative_stress.",source: specs_annotated_unified.csv; ChEMBL:https://www.ebi.ac.uk/chembl/compound_report_card/CHEMBL406375
CHEMBL514499,GW843682X,True,oxidative_stress,pathway,"Compound annotation contains keyword 'True' (or related pathway term), suggesting relevance to MSD node oxidative_stress.",source: specs_annotated_unified.csv; ChEMBL:https://www.ebi.ac.uk/chembl/compound_report_card/CHEMBL514499
CHEMBL207881,GW9508,True,oxidative_stress,pathway,"Compound annotation contains keyword 'True' (or related pathway term), suggesting relevance to MSD node oxidative_stress.",source: specs_annotated_unified.csv; ChEMBL:https://www.ebi.ac.uk/chembl/compound_report_card/CHEMBL207881
CHEMBL2316582,OLVEREMBATINIB,True,oxidative_stress,pathway,"Compound annotation contains keyword 'True' (or related pathway term), suggesting relevance to MSD node oxidative_stress.",source: specs_annotated_unified.csv; ChEMBL:https://www.ebi.ac.uk/chembl/compound_report_card/CHEMBL2316582
CHEMBL178654,HKI-357,True,oxidative_stress,pathway,"Compound annotation contains keyword 'True' (or related pathway term), suggesting relevance to MSD node oxidative_stress.",source: specs_annotated_unified.csv; ChEMBL:https://www.ebi.ac.uk/chembl/compound_report_card/CHEMBL178654
CHEMBL1232461,MOLIBRESIB,True,autophagy_flux,pathway,"Compound annotation contains keyword 'True' (or related pathway term), suggesting relevance to MSD node autophagy_flux.",source: specs_annotated_unified.csv; ChEMBL:https://www.ebi.ac.uk/chembl/compound_report_card/CHEMBL1232461
CHEMBL1232461,MOLIBRESIB,True,ER_proteostasis,pathway,"Compound annotation contains keyword 'True' (or related pathway term), suggesting relevance to MSD node ER_proteostasis.",source: specs_annotated_unified.csv; ChEMBL:https://www.ebi.ac.uk/chembl/compound_report_card/CHEMBL1232461
CHEMBL3185434,nan,True,oxidative_stress,pathway,"Compound annotation contains keyword 'True' (or related pathway term), suggesting relevance to MSD node oxidative_stress.",source: specs_annotated_unified.csv; ChEMBL:https://www.ebi.ac.uk/chembl/compound_report_card/CHEMBL3185434
CHEMBL536151,IMD-0354,True,oxidative_stress,pathway,"Compound annotation contains keyword 'True' (or related pathway term), suggesting relevance to MSD node oxidative_stress.",source: specs_annotated_unified.csv; ChEMBL:https://www.ebi.ac.uk/chembl/compound_report_card/CHEMBL536151
CHEMBL4297392,IOWH-032,True,oxidative_stress,moa,"Compound annotation contains keyword 'True' (or related pathway term), suggesting relevance to MSD node oxidative_stress.",source: specs_annotated_unified.csv; ChEMBL:https://www.ebi.ac.uk/chembl/compound_report_card/CHEMBL4297392
CHEMBL210858,nan,True,oxidative_stress,pathway,"Compound annotation contains keyword 'True' (or related pathway term), suggesting relevance to MSD node oxidative_stress.",source: specs_annotated_unified.csv; ChEMBL:https://www.ebi.ac.uk/chembl/compound_report_card/CHEMBL210858
CHEMBL191003,JNJ-7706621,True,oxidative_stress,pathway,"Compound annotation contains keyword 'True' (or related pathway term), suggesting relevance to MSD node oxidative_stress.",source: specs_annotated_unified.csv; ChEMBL:https://www.ebi.ac.uk/chembl/compound_report_card/CHEMBL191003
CHEMBL1957266,nan,True,oxidative_stress,pathway,"Compound annotation contains keyword 'True' (or related pathway term), suggesting relevance to MSD node oxidative_stress.",source: specs_annotated_unified.csv; ChEMBL:https://www.ebi.ac.uk/chembl/compound_report_card/CHEMBL1957266
CHEMBL1230714,nan,True,oxidative_stress,pathway,"Compound annotation contains keyword 'True' (or related pathway term), suggesting relevance to MSD node oxidative_stress.",source: specs_annotated_unified.csv; ChEMBL:https://www.ebi.ac.uk/chembl/compound_report_card/CHEMBL1230714
CHEMBL2408776,nan,True,oxidative_stress,pathway,"Compound annotation contains keyword 'True' (or related pathway term), suggesting relevance to MSD node oxidative_stress.",source: specs_annotated_unified.csv; ChEMBL:https://www.ebi.ac.uk/chembl/compound_report_card/CHEMBL2408776
CHEMBL2005186,BELUMOSUDIL,True,oxidative_stress,pathway,"Compound annotation contains keyword 'True' (or related pathway term), suggesting relevance to MSD node oxidative_stress.",source: specs_annotated_unified.csv; ChEMBL:https://www.ebi.ac.uk/chembl/compound_report_card/CHEMBL2005186
CHEMBL3932957,nan,True,oxidative_stress,pathway,"Compound annotation contains keyword 'True' (or related pathway term), suggesting relevance to MSD node oxidative_stress.",source: specs_annotated_unified.csv; ChEMBL:https://www.ebi.ac.uk/chembl/compound_report_card/CHEMBL3932957
CHEMBL1236620,nan,True,oxidative_stress,pathway,"Compound annotation contains keyword 'True' (or related pathway term), suggesting relevance to MSD node oxidative_stress.",source: specs_annotated_unified.csv; ChEMBL:https://www.ebi.ac.uk/chembl/compound_report_card/CHEMBL1236620
CHEMBL1908396,nan,True,autophagy_flux,pathway,"Compound annotation contains keyword 'True' (or related pathway term), suggesting relevance to MSD node autophagy_flux.",source: specs_annotated_unified.csv; ChEMBL:https://www.ebi.ac.uk/chembl/compound_report_card/CHEMBL1908396
CHEMBL1908396,nan,True,oxidative_stress,pathway,"Compound annotation contains keyword 'True' (or related pathway term), suggesting relevance to MSD node oxidative_stress.",source: specs_annotated_unified.csv; ChEMBL:https://www.ebi.ac.uk/chembl/compound_report_card/CHEMBL1908396
CHEMBL178455,nan,True,oxidative_stress,pathway,"Compound annotation contains keyword 'True' (or related pathway term), suggesting relevance to MSD node oxidative_stress.",source: specs_annotated_unified.csv; ChEMBL:https://www.ebi.ac.uk/chembl/compound_report_card/CHEMBL178455
CHEMBL3941724,nan,True,oxidative_stress,pathway,"Compound annotation contains keyword 'True' (or related pathway term), suggesting relevance to MSD node oxidative_stress.",source: specs_annotated_unified.csv; ChEMBL:https://www.ebi.ac.uk/chembl/compound_report_card/CHEMBL3941724
CHEMBL1078983,Ku-0063794,MTOR,mTORC1,target,"Compound annotated with target MTOR, which links to MSD node mTORC1.",source: specs_annotated_unified.csv; ChEMBL:https://www.ebi.ac.uk/chembl/compound_report_card/CHEMBL1078983
CHEMBL222102,KU-55933,MTOR,mTORC1,target,"Compound annotated with target MTOR, which links to MSD node mTORC1.",source: specs_annotated_unified.csv; ChEMBL:https://www.ebi.ac.uk/chembl/compound_report_card/CHEMBL222102
CHEMBL2140173,nan,MTOR,mTORC1,target,"Compound annotated with target MTOR, which links to MSD node mTORC1.",source: specs_annotated_unified.csv; ChEMBL:https://www.ebi.ac.uk/chembl/compound_report_card/CHEMBL2140173
CHEMBL1908397,KW-2449,True,ER_proteostasis,pathway,"Compound annotation contains keyword 'True' (or related pathway term), suggesting relevance to MSD node ER_proteostasis.",source: specs_annotated_unified.csv; ChEMBL:https://www.ebi.ac.uk/chembl/compound_report_card/CHEMBL1908397
CHEMBL1908397,KW-2449,True,oxidative_stress,moa,"Compound annotation contains keyword 'True' (or related pathway term), suggesting relevance to MSD node oxidative_stress.",source: specs_annotated_unified.csv; ChEMBL:https://www.ebi.ac.uk/chembl/compound_report_card/CHEMBL1908397
CHEMBL571546,TIRBANIBULIN,True,oxidative_stress,moa,"Compound annotation contains keyword 'True' (or related pathway term), suggesting relevance to MSD node oxidative_stress.",source: specs_annotated_unified.csv; ChEMBL:https://www.ebi.ac.uk/chembl/compound_report_card/CHEMBL571546
CHEMBL362223,nan,True,oxidative_stress,pathway,"Compound annotation contains keyword 'True' (or related pathway term), suggesting relevance to MSD node oxidative_stress.",source: specs_annotated_unified.csv; ChEMBL:https://www.ebi.ac.uk/chembl/compound_report_card/CHEMBL362223
CHEMBL218071,nan,True,oxidative_stress,pathway,"Compound annotation contains keyword 'True' (or related pathway term), suggesting relevance to MSD node oxidative_stress.",source: specs_annotated_unified.csv; ChEMBL:https://www.ebi.ac.uk/chembl/compound_report_card/CHEMBL218071
CHEMBL863,CYSTEINE,True,oxidative_stress,pathway,"Compound annotation contains keyword 'True' (or related pathway term), suggesting relevance to MSD node oxidative_stress.",source: specs_annotated_unified.csv; ChEMBL:https://www.ebi.ac.uk/chembl/compound_report_card/CHEMBL863
CHEMBL245416,L-MIMOSINE,True,oxidative_stress,pathway,"Compound annotation contains keyword 'True' (or related pathway term), suggesting relevance to MSD node oxidative_stress.",source: specs_annotated_unified.csv; ChEMBL:https://www.ebi.ac.uk/chembl/compound_report_card/CHEMBL245416
CHEMBL3808844,nan,True,oxidative_stress,pathway,"Compound annotation contains keyword 'True' (or related pathway term), suggesting relevance to MSD node oxidative_stress.",source: specs_annotated_unified.csv; ChEMBL:https://www.ebi.ac.uk/chembl/compound_report_card/CHEMBL3808844
CHEMBL228043,nan,True,oxidative_stress,pathway,"Compound annotation contains keyword 'True' (or related pathway term), suggesting relevance to MSD node oxidative_stress.",source: specs_annotated_unified.csv; ChEMBL:https://www.ebi.ac.uk/chembl/compound_report_card/CHEMBL228043
CHEMBL362558,LY-2090314,True,oxidative_stress,pathway,"Compound annotation contains keyword 'True' (or related pathway term), suggesting relevance to MSD node oxidative_stress.",source: specs_annotated_unified.csv; ChEMBL:https://www.ebi.ac.uk/chembl/compound_report_card/CHEMBL362558
CHEMBL3544911,PREXASERTIB,True,oxidative_stress,pathway,"Compound annotation contains keyword 'True' (or related pathway term), suggesting relevance to MSD node oxidative_stress.",source: specs_annotated_unified.csv; ChEMBL:https://www.ebi.ac.uk/chembl/compound_report_card/CHEMBL3544911
CHEMBL4297399,LY-2608204,True,oxidative_stress,pathway,"Compound annotation contains keyword 'True' (or related pathway term), suggesting relevance to MSD node oxidative_stress.",source: specs_annotated_unified.csv; ChEMBL:https://www.ebi.ac.uk/chembl/compound_report_card/CHEMBL4297399
CHEMBL2107823,GANDOTINIB,True,oxidative_stress,moa,"Compound annotation contains keyword 'True' (or related pathway term), suggesting relevance to MSD node oxidative_stress.",source: specs_annotated_unified.csv; ChEMBL:https://www.ebi.ac.uk/chembl/compound_report_card/CHEMBL2107823
CHEMBL3545307,MERESTINIB,True,oxidative_stress,pathway,"Compound annotation contains keyword 'True' (or related pathway term), suggesting relevance to MSD node oxidative_stress.",source: specs_annotated_unified.csv; ChEMBL:https://www.ebi.ac.uk/chembl/compound_report_card/CHEMBL3545307
CHEMBL98350,LY-294002,MTOR,mTORC1,target,"Compound annotated with target MTOR, which links to MSD node mTORC1.",source: specs_annotated_unified.csv; ChEMBL:https://www.ebi.ac.uk/chembl/compound_report_card/CHEMBL98350
CHEMBL3577124,LY-3009120,True,oxidative_stress,pathway,"Compound annotation contains keyword 'True' (or related pathway term), suggesting relevance to MSD node oxidative_stress.",source: specs_annotated_unified.csv; ChEMBL:https://www.ebi.ac.uk/chembl/compound_report_card/CHEMBL3577124
CHEMBL4297181,SAMOTOLISIB,MTOR,mTORC1,moa,"Compound annotation contains keyword 'MTOR' (or related pathway term), suggesting relevance to MSD node mTORC1.",source: specs_annotated_unified.csv; ChEMBL:https://www.ebi.ac.uk/chembl/compound_report_card/CHEMBL4297181
CHEMBL261454,nan,True,oxidative_stress,pathway,"Compound annotation contains keyword 'True' (or related pathway term), suggesting relevance to MSD node oxidative_stress.",source: specs_annotated_unified.csv; ChEMBL:https://www.ebi.ac.uk/chembl/compound_report_card/CHEMBL261454
CHEMBL1976040,ADAVOSERTIB,True,oxidative_stress,pathway,"Compound annotation contains keyword 'True' (or related pathway term), suggesting relevance to MSD node oxidative_stress.",source: specs_annotated_unified.csv; ChEMBL:https://www.ebi.ac.uk/chembl/compound_report_card/CHEMBL1976040
CHEMBL1079175,MK-2206,True,trehalose_AKT_TFEB,moa,"Compound annotation contains keyword 'True' (or related pathway term), suggesting relevance to MSD node trehalose_AKT_TFEB.",source: specs_annotated_unified.csv; ChEMBL:https://www.ebi.ac.uk/chembl/compound_report_card/CHEMBL1079175
CHEMBL1822792,MK-2461,True,oxidative_stress,pathway,"Compound annotation contains keyword 'True' (or related pathway term), suggesting relevance to MSD node oxidative_stress.",source: specs_annotated_unified.csv; ChEMBL:https://www.ebi.ac.uk/chembl/compound_report_card/CHEMBL1822792
CHEMBL597997,nan,True,oxidative_stress,pathway,"Compound annotation contains keyword 'True' (or related pathway term), suggesting relevance to MSD node oxidative_stress.",source: specs_annotated_unified.csv; ChEMBL:https://www.ebi.ac.uk/chembl/compound_report_card/CHEMBL597997
CHEMBL3600873,MK-5108,True,oxidative_stress,pathway,"Compound annotation contains keyword 'True' (or related pathway term), suggesting relevance to MSD node oxidative_stress.",source: specs_annotated_unified.csv; ChEMBL:https://www.ebi.ac.uk/chembl/compound_report_card/CHEMBL3600873
CHEMBL1604618,nan,True,oxidative_stress,pathway,"Compound annotation contains keyword 'True' (or related pathway term), suggesting relevance to MSD node oxidative_stress.",source: specs_annotated_unified.csv; ChEMBL:https://www.ebi.ac.uk/chembl/compound_report_card/CHEMBL1604618
CHEMBL1310336,nan,True,oxidative_stress,pathway,"Compound annotation contains keyword 'True' (or related pathway term), suggesting relevance to MSD node oxidative_stress.",source: specs_annotated_unified.csv; ChEMBL:https://www.ebi.ac.uk/chembl/compound_report_card/CHEMBL1310336
CHEMBL1688861,nan,True,oxidative_stress,pathway,"Compound annotation contains keyword 'True' (or related pathway term), suggesting relevance to MSD node oxidative_stress.",source: specs_annotated_unified.csv; ChEMBL:https://www.ebi.ac.uk/chembl/compound_report_card/CHEMBL1688861
CHEMBL3545097,SAPANISERTIB,MTOR,mTORC1,moa,"Compound annotation contains keyword 'MTOR' (or related pathway term), suggesting relevance to MSD node mTORC1.",source: specs_annotated_unified.csv; ChEMBL:https://www.ebi.ac.uk/chembl/compound_report_card/CHEMBL3545097
CHEMBL3348923,TOVORAFENIB,True,oxidative_stress,pathway,"Compound annotation contains keyword 'True' (or related pathway term), suggesting relevance to MSD node oxidative_stress.",source: specs_annotated_unified.csv; ChEMBL:https://www.ebi.ac.uk/chembl/compound_report_card/CHEMBL3348923
CHEMBL259084,MLN-8054,True,oxidative_stress,pathway,"Compound annotation contains keyword 'True' (or related pathway term), suggesting relevance to MSD node oxidative_stress.",source: specs_annotated_unified.csv; ChEMBL:https://www.ebi.ac.uk/chembl/compound_report_card/CHEMBL259084
CHEMBL66654,nan,True,oxidative_stress,pathway,"Compound annotation contains keyword 'True' (or related pathway term), suggesting relevance to MSD node oxidative_stress.",source: specs_annotated_unified.csv; ChEMBL:https://www.ebi.ac.uk/chembl/compound_report_card/CHEMBL66654
CHEMBL1235786,nan,True,oxidative_stress,pathway,"Compound annotation contains keyword 'True' (or related pathway term), suggesting relevance to MSD node oxidative_stress.",source: specs_annotated_unified.csv; ChEMBL:https://www.ebi.ac.uk/chembl/compound_report_card/CHEMBL1235786
CHEMBL1738699,N6022,True,oxidative_stress,pathway,"Compound annotation contains keyword 'True' (or related pathway term), suggesting relevance to MSD node oxidative_stress.",source: specs_annotated_unified.csv; ChEMBL:https://www.ebi.ac.uk/chembl/compound_report_card/CHEMBL1738699
CHEMBL1738758,ONVANSERTIB,True,oxidative_stress,pathway,"Compound annotation contains keyword 'True' (or related pathway term), suggesting relevance to MSD node oxidative_stress.",source: specs_annotated_unified.csv; ChEMBL:https://www.ebi.ac.uk/chembl/compound_report_card/CHEMBL1738758
CHEMBL4303389,NS-018,True,oxidative_stress,moa,"Compound annotation contains keyword 'True' (or related pathway term), suggesting relevance to MSD node oxidative_stress.",source: specs_annotated_unified.csv; ChEMBL:https://www.ebi.ac.uk/chembl/compound_report_card/CHEMBL4303389
CHEMBL23236,BETULIN,True,oxidative_stress,pathway,"Compound annotation contains keyword 'True' (or related pathway term), suggesting relevance to MSD node oxidative_stress.",source: specs_annotated_unified.csv; ChEMBL:https://www.ebi.ac.uk/chembl/compound_report_card/CHEMBL23236
CHEMBL269881,nan,True,oxidative_stress,pathway,"Compound annotation contains keyword 'True' (or related pathway term), suggesting relevance to MSD node oxidative_stress.",source: specs_annotated_unified.csv; ChEMBL:https://www.ebi.ac.uk/chembl/compound_report_card/CHEMBL269881
CHEMBL104468,nan,MTOR,mTORC1,target,"Compound annotated with target MTOR, which links to MSD node mTORC1.",source: specs_annotated_unified.csv; ChEMBL:https://www.ebi.ac.uk/chembl/compound_report_card/CHEMBL104468
CHEMBL188678,nan,MTOR,mTORC1,target,"Compound annotated with target MTOR, which links to MSD node mTORC1.",source: specs_annotated_unified.csv; ChEMBL:https://www.ebi.ac.uk/chembl/compound_report_card/CHEMBL188678
CHEMBL1988370,nan,True,oxidative_stress,pathway,"Compound annotation contains keyword 'True' (or related pathway term), suggesting relevance to MSD node oxidative_stress.",source: specs_annotated_unified.csv; ChEMBL:https://www.ebi.ac.uk/chembl/compound_report_card/CHEMBL1988370
CHEMBL1614712,nan,True,oxidative_stress,pathway,"Compound annotation contains keyword 'True' (or related pathway term), suggesting relevance to MSD node oxidative_stress.",source: specs_annotated_unified.csv; ChEMBL:https://www.ebi.ac.uk/chembl/compound_report_card/CHEMBL1614712
CHEMBL1879463,DACTOLISIB,MTOR,mTORC1,moa,"Compound annotation contains keyword 'MTOR' (or related pathway term), suggesting relevance to MSD node mTORC1.",source: specs_annotated_unified.csv; ChEMBL:https://www.ebi.ac.uk/chembl/compound_report_card/CHEMBL1879463
CHEMBL1879463,DACTOLISIB,True,oxidative_stress,pathway,"Compound annotation contains keyword 'True' (or related pathway term), suggesting relevance to MSD node oxidative_stress.",source: specs_annotated_unified.csv; ChEMBL:https://www.ebi.ac.uk/chembl/compound_report_card/CHEMBL1879463
CHEMBL1852688,INFIGRATINIB,True,oxidative_stress,pathway,"Compound annotation contains keyword 'True' (or related pathway term), suggesting relevance to MSD node oxidative_stress.",source: specs_annotated_unified.csv; ChEMBL:https://www.ebi.ac.uk/chembl/compound_report_card/CHEMBL1852688
CHEMBL3752910,nan,True,oxidative_stress,pathway,"Compound annotation contains keyword 'True' (or related pathway term), suggesting relevance to MSD node oxidative_stress.",source: specs_annotated_unified.csv; ChEMBL:https://www.ebi.ac.uk/chembl/compound_report_card/CHEMBL3752910
CHEMBL1092926,nan,True,oxidative_stress,pathway,"Compound annotation contains keyword 'True' (or related pathway term), suggesting relevance to MSD node oxidative_stress.",source: specs_annotated_unified.csv; ChEMBL:https://www.ebi.ac.uk/chembl/compound_report_card/CHEMBL1092926
CHEMBL458997,nan,True,oxidative_stress,pathway,"Compound annotation contains keyword 'True' (or related pathway term), suggesting relevance to MSD node oxidative_stress.",source: specs_annotated_unified.csv; ChEMBL:https://www.ebi.ac.uk/chembl/compound_report_card/CHEMBL458997
CHEMBL509032,TAE-684,True,oxidative_stress,pathway,"Compound annotation contains keyword 'True' (or related pathway term), suggesting relevance to MSD node oxidative_stress.",source: specs_annotated_unified.csv; ChEMBL:https://www.ebi.ac.uk/chembl/compound_report_card/CHEMBL509032
CHEMBL407874,6-O-BENZYLGUANINE,True,oxidative_stress,pathway,"Compound annotation contains keyword 'True' (or related pathway term), suggesting relevance to MSD node oxidative_stress.",source: specs_annotated_unified.csv; ChEMBL:https://www.ebi.ac.uk/chembl/compound_report_card/CHEMBL407874
CHEMBL560993,TIMAPIPRANT,True,oxidative_stress,pathway,"Compound annotation contains keyword 'True' (or related pathway term), suggesting relevance to MSD node oxidative_stress.",source: specs_annotated_unified.csv; ChEMBL:https://www.ebi.ac.uk/chembl/compound_report_card/CHEMBL560993
CHEMBL3115681,NARAZACICLIB,True,oxidative_stress,pathway,"Compound annotation contains keyword 'True' (or related pathway term), suggesting relevance to MSD node oxidative_stress.",source: specs_annotated_unified.csv; ChEMBL:https://www.ebi.ac.uk/chembl/compound_report_card/CHEMBL3115681
CHEMBL4071161,TIRABRUTINIB,True,oxidative_stress,moa,"Compound annotation contains keyword 'True' (or related pathway term), suggesting relevance to MSD node oxidative_stress.",source: specs_annotated_unified.csv; ChEMBL:https://www.ebi.ac.uk/chembl/compound_report_card/CHEMBL4071161
CHEMBL3939289,nan,True,oxidative_stress,pathway,"Compound annotation contains keyword 'True' (or related pathway term), suggesting relevance to MSD node oxidative_stress.",source: specs_annotated_unified.csv; ChEMBL:https://www.ebi.ac.uk/chembl/compound_report_card/CHEMBL3939289
CHEMBL168276,"3,5-DINITROCATECHOL (OR-486)",True,oxidative_stress,pathway,"Compound annotation contains keyword 'True' (or related pathway term), suggesting relevance to MSD node oxidative_stress.",source: specs_annotated_unified.csv; ChEMBL:https://www.ebi.ac.uk/chembl/compound_report_card/CHEMBL168276
CHEMBL2132692,nan,MTOR,mTORC1,target,"Compound annotated with target MTOR, which links to MSD node mTORC1.",source: specs_annotated_unified.csv; ChEMBL:https://www.ebi.ac.uk/chembl/compound_report_card/CHEMBL2132692
CHEMBL1614710,OSI-930,True,oxidative_stress,pathway,"Compound annotation contains keyword 'True' (or related pathway term), suggesting relevance to MSD node oxidative_stress.",source: specs_annotated_unified.csv; ChEMBL:https://www.ebi.ac.uk/chembl/compound_report_card/CHEMBL1614710
CHEMBL3688339,nan,True,ER_proteostasis,pathway,"Compound annotation contains keyword 'True' (or related pathway term), suggesting relevance to MSD node ER_proteostasis.",source: specs_annotated_unified.csv; ChEMBL:https://www.ebi.ac.uk/chembl/compound_report_card/CHEMBL3688339
CHEMBL3688339,nan,True,oxidative_stress,pathway,"Compound annotation contains keyword 'True' (or related pathway term), suggesting relevance to MSD node oxidative_stress.",source: specs_annotated_unified.csv; ChEMBL:https://www.ebi.ac.uk/chembl/compound_report_card/CHEMBL3688339
CHEMBL1200585,OXYMETHOLONE,True,oxidative_stress,pathway,"Compound annotation contains keyword 'True' (or related pathway term), suggesting relevance to MSD node oxidative_stress.",source: specs_annotated_unified.csv; ChEMBL:https://www.ebi.ac.uk/chembl/compound_report_card/CHEMBL1200585
CHEMBL2057912,nan,True,oxidative_stress,pathway,"Compound annotation contains keyword 'True' (or related pathway term), suggesting relevance to MSD node oxidative_stress.",source: specs_annotated_unified.csv; ChEMBL:https://www.ebi.ac.uk/chembl/compound_report_card/CHEMBL2057912
CHEMBL29197,nan,True,oxidative_stress,pathway,"Compound annotation contains keyword 'True' (or related pathway term), suggesting relevance to MSD node oxidative_stress.",source: specs_annotated_unified.csv; ChEMBL:https://www.ebi.ac.uk/chembl/compound_report_card/CHEMBL29197
CHEMBL45827,nan,True,oxidative_stress,pathway,"Compound annotation contains keyword 'True' (or related pathway term), suggesting relevance to MSD node oxidative_stress.",source: specs_annotated_unified.csv; ChEMBL:https://www.ebi.ac.uk/chembl/compound_report_card/CHEMBL45827
CHEMBL49120,PD-0166285,True,oxidative_stress,pathway,"Compound annotation contains keyword 'True' (or related pathway term), suggesting relevance to MSD node oxidative_stress.",source: specs_annotated_unified.csv; ChEMBL:https://www.ebi.ac.uk/chembl/compound_report_card/CHEMBL49120
CHEMBL285063,nan,True,oxidative_stress,pathway,"Compound annotation contains keyword 'True' (or related pathway term), suggesting relevance to MSD node oxidative_stress.",source: specs_annotated_unified.csv; ChEMBL:https://www.ebi.ac.uk/chembl/compound_report_card/CHEMBL285063
CHEMBL35482,nan,True,oxidative_stress,pathway,"Compound annotation contains keyword 'True' (or related pathway term), suggesting relevance to MSD node oxidative_stress.",source: specs_annotated_unified.csv; ChEMBL:https://www.ebi.ac.uk/chembl/compound_report_card/CHEMBL35482
CHEMBL3128043,PF-03758309,True,oxidative_stress,pathway,"Compound annotation contains keyword 'True' (or related pathway term), suggesting relevance to MSD node oxidative_stress.",source: specs_annotated_unified.csv; ChEMBL:https://www.ebi.ac.uk/chembl/compound_report_card/CHEMBL3128043
CHEMBL4289017,PF-03814735,True,ER_proteostasis,pathway,"Compound annotation contains keyword 'True' (or related pathway term), suggesting relevance to MSD node ER_proteostasis.",source: specs_annotated_unified.csv; ChEMBL:https://www.ebi.ac.uk/chembl/compound_report_card/CHEMBL4289017
CHEMBL4289017,PF-03814735,True,oxidative_stress,pathway,"Compound annotation contains keyword 'True' (or related pathway term), suggesting relevance to MSD node oxidative_stress.",source: specs_annotated_unified.csv; ChEMBL:https://www.ebi.ac.uk/chembl/compound_report_card/CHEMBL4289017
CHEMBL3286797,PF-04418948,True,oxidative_stress,pathway,"Compound annotation contains keyword 'True' (or related pathway term), suggesting relevance to MSD node oxidative_stress.",source: specs_annotated_unified.csv; ChEMBL:https://www.ebi.ac.uk/chembl/compound_report_card/CHEMBL3286797
CHEMBL1234354,PF-04691502,MTOR,mTORC1,moa,"Compound annotation contains keyword 'MTOR' (or related pathway term), suggesting relevance to MSD node mTORC1.",source: specs_annotated_unified.csv; ChEMBL:https://www.ebi.ac.uk/chembl/compound_report_card/CHEMBL1234354
CHEMBL592445,GEDATOLISIB,MTOR,mTORC1,moa,"Compound annotation contains keyword 'MTOR' (or related pathway term), suggesting relevance to MSD node mTORC1.",source: specs_annotated_unified.csv; ChEMBL:https://www.ebi.ac.uk/chembl/compound_report_card/CHEMBL592445
CHEMBL3286830,LORLATINIB,True,autophagy_flux,pathway,"Compound annotation contains keyword 'True' (or related pathway term), suggesting relevance to MSD node autophagy_flux.",source: specs_annotated_unified.csv; ChEMBL:https://www.ebi.ac.uk/chembl/compound_report_card/CHEMBL3286830
CHEMBL3286830,LORLATINIB,True,oxidative_stress,moa,"Compound annotation contains keyword 'True' (or related pathway term), suggesting relevance to MSD node oxidative_stress.",source: specs_annotated_unified.csv; ChEMBL:https://www.ebi.ac.uk/chembl/compound_report_card/CHEMBL3286830
CHEMBL472212,nan,True,oxidative_stress,pathway,"Compound annotation contains keyword 'True' (or related pathway term), suggesting relevance to MSD node oxidative_stress.",source: specs_annotated_unified.csv; ChEMBL:https://www.ebi.ac.uk/chembl/compound_report_card/CHEMBL472212
CHEMBL3990456,nan,True,oxidative_stress,pathway,"Compound annotation contains keyword 'True' (or related pathway term), suggesting relevance to MSD node oxidative_stress.",source: specs_annotated_unified.csv; ChEMBL:https://www.ebi.ac.uk/chembl/compound_report_card/CHEMBL3990456
CHEMBL1084546,PF-00562271,True,oxidative_stress,pathway,"Compound annotation contains keyword 'True' (or related pathway term), suggesting relevance to MSD node oxidative_stress.",source: specs_annotated_unified.csv; ChEMBL:https://www.ebi.ac.uk/chembl/compound_report_card/CHEMBL1084546
CHEMBL514554,nan,True,oxidative_stress,pathway,"Compound annotation contains keyword 'True' (or related pathway term), suggesting relevance to MSD node oxidative_stress.",source: specs_annotated_unified.csv; ChEMBL:https://www.ebi.ac.uk/chembl/compound_report_card/CHEMBL514554
CHEMBL450786,PHA-665752,True,oxidative_stress,pathway,"Compound annotation contains keyword 'True' (or related pathway term), suggesting relevance to MSD node oxidative_stress.",source: specs_annotated_unified.csv; ChEMBL:https://www.ebi.ac.uk/chembl/compound_report_card/CHEMBL450786
CHEMBL363160,PHA-680632,True,oxidative_stress,pathway,"Compound annotation contains keyword 'True' (or related pathway term), suggesting relevance to MSD node oxidative_stress.",source: specs_annotated_unified.csv; ChEMBL:https://www.ebi.ac.uk/chembl/compound_report_card/CHEMBL363160
CHEMBL225519,nan,True,oxidative_stress,pathway,"Compound annotation contains keyword 'True' (or related pathway term), suggesting relevance to MSD node oxidative_stress.",source: specs_annotated_unified.csv; ChEMBL:https://www.ebi.ac.uk/chembl/compound_report_card/CHEMBL225519
CHEMBL564829,MILCICLIB,True,oxidative_stress,pathway,"Compound annotation contains keyword 'True' (or related pathway term), suggesting relevance to MSD node oxidative_stress.",source: specs_annotated_unified.csv; ChEMBL:https://www.ebi.ac.uk/chembl/compound_report_card/CHEMBL564829
CHEMBL573339,PI-103,MTOR,mTORC1,target,"Compound annotated with target MTOR, which links to MSD node mTORC1.",source: specs_annotated_unified.csv; ChEMBL:https://www.ebi.ac.uk/chembl/compound_report_card/CHEMBL573339
CHEMBL573339,PI-103,True,oxidative_stress,pathway,"Compound annotation contains keyword 'True' (or related pathway term), suggesting relevance to MSD node oxidative_stress.",source: specs_annotated_unified.csv; ChEMBL:https://www.ebi.ac.uk/chembl/compound_report_card/CHEMBL573339
CHEMBL4084907,BIMIRALISIB,MTOR,mTORC1,target,"Compound annotated with target MTOR, which links to MSD node mTORC1.",source: specs_annotated_unified.csv; ChEMBL:https://www.ebi.ac.uk/chembl/compound_report_card/CHEMBL4084907
CHEMBL393525,nan,True,oxidative_stress,pathway,"Compound annotation contains keyword 'True' (or related pathway term), suggesting relevance to MSD node oxidative_stress.",source: specs_annotated_unified.csv; ChEMBL:https://www.ebi.ac.uk/chembl/compound_report_card/CHEMBL393525
CHEMBL1230020,PLX-4720,True,autophagy_flux,pathway,"Compound annotation contains keyword 'True' (or related pathway term), suggesting relevance to MSD node autophagy_flux.",source: specs_annotated_unified.csv; ChEMBL:https://www.ebi.ac.uk/chembl/compound_report_card/CHEMBL1230020
CHEMBL1230020,PLX-4720,True,oxidative_stress,pathway,"Compound annotation contains keyword 'True' (or related pathway term), suggesting relevance to MSD node oxidative_stress.",source: specs_annotated_unified.csv; ChEMBL:https://www.ebi.ac.uk/chembl/compound_report_card/CHEMBL1230020
CHEMBL306380,nan,True,oxidative_stress,pathway,"Compound annotation contains keyword 'True' (or related pathway term), suggesting relevance to MSD node oxidative_stress.",source: specs_annotated_unified.csv; ChEMBL:https://www.ebi.ac.uk/chembl/compound_report_card/CHEMBL306380
CHEMBL1081312,nan,MTOR,mTORC1,target,"Compound annotated with target MTOR, which links to MSD node mTORC1.",source: specs_annotated_unified.csv; ChEMBL:https://www.ebi.ac.uk/chembl/compound_report_card/CHEMBL1081312
CHEMBL1081312,nan,True,oxidative_stress,pathway,"Compound annotation contains keyword 'True' (or related pathway term), suggesting relevance to MSD node oxidative_stress.",source: specs_annotated_unified.csv; ChEMBL:https://www.ebi.ac.uk/chembl/compound_report_card/CHEMBL1081312
CHEMBL406845,nan,True,oxidative_stress,pathway,"Compound annotation contains keyword 'True' (or related pathway term), suggesting relevance to MSD node oxidative_stress.",source: specs_annotated_unified.csv; ChEMBL:https://www.ebi.ac.uk/chembl/compound_report_card/CHEMBL406845
CHEMBL1241674,nan,True,autophagy_flux,pathway,"Compound annotation contains keyword 'True' (or related pathway term), suggesting relevance to MSD node autophagy_flux.",source: specs_annotated_unified.csv; ChEMBL:https://www.ebi.ac.uk/chembl/compound_report_card/CHEMBL1241674
CHEMBL1241674,nan,MTOR,mTORC1,target,"Compound annotated with target MTOR, which links to MSD node mTORC1.",source: specs_annotated_unified.csv; ChEMBL:https://www.ebi.ac.uk/chembl/compound_report_card/CHEMBL1241674
CHEMBL1241674,nan,True,oxidative_stress,pathway,"Compound annotation contains keyword 'True' (or related pathway term), suggesting relevance to MSD node oxidative_stress.",source: specs_annotated_unified.csv; ChEMBL:https://www.ebi.ac.uk/chembl/compound_report_card/CHEMBL1241674
CHEMBL1235103,nan,True,oxidative_stress,pathway,"Compound annotation contains keyword 'True' (or related pathway term), suggesting relevance to MSD node oxidative_stress.",source: specs_annotated_unified.csv; ChEMBL:https://www.ebi.ac.uk/chembl/compound_report_card/CHEMBL1235103
CHEMBL3991929,Cerdulatinib Hydrochloride,True,oxidative_stress,pathway,"Compound annotation contains keyword 'True' (or related pathway term), suggesting relevance to MSD node oxidative_stress.",source: specs_annotated_unified.csv; ChEMBL:https://www.ebi.ac.uk/chembl/compound_report_card/CHEMBL3991929
CHEMBL2177736,nan,True,oxidative_stress,pathway,"Compound annotation contains keyword 'True' (or related pathway term), suggesting relevance to MSD node oxidative_stress.",source: specs_annotated_unified.csv; ChEMBL:https://www.ebi.ac.uk/chembl/compound_report_card/CHEMBL2177736
CHEMBL200102,PU-H71,True,oxidative_stress,pathway,"Compound annotation contains keyword 'True' (or related pathway term), suggesting relevance to MSD node oxidative_stress.",source: specs_annotated_unified.csv; ChEMBL:https://www.ebi.ac.uk/chembl/compound_report_card/CHEMBL200102
CHEMBL4238926,nan,True,oxidative_stress,pathway,"Compound annotation contains keyword 'True' (or related pathway term), suggesting relevance to MSD node oxidative_stress.",source: specs_annotated_unified.csv; ChEMBL:https://www.ebi.ac.uk/chembl/compound_report_card/CHEMBL4238926
CHEMBL515271,R-112,True,oxidative_stress,moa,"Compound annotation contains keyword 'True' (or related pathway term), suggesting relevance to MSD node oxidative_stress.",source: specs_annotated_unified.csv; ChEMBL:https://www.ebi.ac.uk/chembl/compound_report_card/CHEMBL515271
CHEMBL5594424,nan,True,oxidative_stress,pathway,"Compound annotation contains keyword 'True' (or related pathway term), suggesting relevance to MSD node oxidative_stress.",source: specs_annotated_unified.csv; ChEMBL:https://www.ebi.ac.uk/chembl/compound_report_card/CHEMBL5594424
CHEMBL384304,RG-547,True,oxidative_stress,pathway,"Compound annotation contains keyword 'True' (or related pathway term), suggesting relevance to MSD node oxidative_stress.",source: specs_annotated_unified.csv; ChEMBL:https://www.ebi.ac.uk/chembl/compound_report_card/CHEMBL384304
CHEMBL558752,RAF-265,True,oxidative_stress,pathway,"Compound annotation contains keyword 'True' (or related pathway term), suggesting relevance to MSD node oxidative_stress.",source: specs_annotated_unified.csv; ChEMBL:https://www.ebi.ac.uk/chembl/compound_report_card/CHEMBL558752
CHEMBL1980391,RG-1530,True,oxidative_stress,moa,"Compound annotation contains keyword 'True' (or related pathway term), suggesting relevance to MSD node oxidative_stress.",source: specs_annotated_unified.csv; ChEMBL:https://www.ebi.ac.uk/chembl/compound_report_card/CHEMBL1980391
CHEMBL3545083,RGB-286638,True,oxidative_stress,pathway,"Compound annotation contains keyword 'True' (or related pathway term), suggesting relevance to MSD node oxidative_stress.",source: specs_annotated_unified.csv; ChEMBL:https://www.ebi.ac.uk/chembl/compound_report_card/CHEMBL3545083
CHEMBL4303296,nan,True,oxidative_stress,pathway,"Compound annotation contains keyword 'True' (or related pathway term), suggesting relevance to MSD node oxidative_stress.",source: specs_annotated_unified.csv; ChEMBL:https://www.ebi.ac.uk/chembl/compound_report_card/CHEMBL4303296
CHEMBL1397270,nan,True,oxidative_stress,pathway,"Compound annotation contains keyword 'True' (or related pathway term), suggesting relevance to MSD node oxidative_stress.",source: specs_annotated_unified.csv; ChEMBL:https://www.ebi.ac.uk/chembl/compound_report_card/CHEMBL1397270
CHEMBL1096435,Ro-281675,True,oxidative_stress,pathway,"Compound annotation contains keyword 'True' (or related pathway term), suggesting relevance to MSD node oxidative_stress.",source: specs_annotated_unified.csv; ChEMBL:https://www.ebi.ac.uk/chembl/compound_report_card/CHEMBL1096435
CHEMBL3545366,VOXTALISIB,MTOR,mTORC1,moa,"Compound annotation contains keyword 'MTOR' (or related pathway term), suggesting relevance to MSD node mTORC1.",source: specs_annotated_unified.csv; ChEMBL:https://www.ebi.ac.uk/chembl/compound_report_card/CHEMBL3545366
CHEMBL4303275,nan,True,oxidative_stress,pathway,"Compound annotation contains keyword 'True' (or related pathway term), suggesting relevance to MSD node oxidative_stress.",source: specs_annotated_unified.csv; ChEMBL:https://www.ebi.ac.uk/chembl/compound_report_card/CHEMBL4303275
CHEMBL278041,SB-202190,True,oxidative_stress,pathway,"Compound annotation contains keyword 'True' (or related pathway term), suggesting relevance to MSD node oxidative_stress.",source: specs_annotated_unified.csv; ChEMBL:https://www.ebi.ac.uk/chembl/compound_report_card/CHEMBL278041
CHEMBL10,SB-203580,True,autophagy_flux,pathway,"Compound annotation contains keyword 'True' (or related pathway term), suggesting relevance to MSD node autophagy_flux.",source: specs_annotated_unified.csv; ChEMBL:https://www.ebi.ac.uk/chembl/compound_report_card/CHEMBL10
CHEMBL10,SB-203580,True,oxidative_stress,pathway,"Compound annotation contains keyword 'True' (or related pathway term), suggesting relevance to MSD node oxidative_stress.",source: specs_annotated_unified.csv; ChEMBL:https://www.ebi.ac.uk/chembl/compound_report_card/CHEMBL10
CHEMBL3393066,VS-5584,MTOR,mTORC1,moa,"Compound annotation contains keyword 'MTOR' (or related pathway term), suggesting relevance to MSD node mTORC1.",source: specs_annotated_unified.csv; ChEMBL:https://www.ebi.ac.uk/chembl/compound_report_card/CHEMBL3393066
CHEMBL3393066,VS-5584,True,oxidative_stress,pathway,"Compound annotation contains keyword 'True' (or related pathway term), suggesting relevance to MSD node oxidative_stress.",source: specs_annotated_unified.csv; ChEMBL:https://www.ebi.ac.uk/chembl/compound_report_card/CHEMBL3393066
CHEMBL256835,nan,True,oxidative_stress,pathway,"Compound annotation contains keyword 'True' (or related pathway term), suggesting relevance to MSD node oxidative_stress.",source: specs_annotated_unified.csv; ChEMBL:https://www.ebi.ac.uk/chembl/compound_report_card/CHEMBL256835
CHEMBL322970,nan,True,oxidative_stress,pathway,"Compound annotation contains keyword 'True' (or related pathway term), suggesting relevance to MSD node oxidative_stress.",source: specs_annotated_unified.csv; ChEMBL:https://www.ebi.ac.uk/chembl/compound_report_card/CHEMBL322970
CHEMBL188434,nan,True,oxidative_stress,pathway,"Compound annotation contains keyword 'True' (or related pathway term), suggesting relevance to MSD node oxidative_stress.",source: specs_annotated_unified.csv; ChEMBL:https://www.ebi.ac.uk/chembl/compound_report_card/CHEMBL188434
CHEMBL282093,nan,True,oxidative_stress,pathway,"Compound annotation contains keyword 'True' (or related pathway term), suggesting relevance to MSD node oxidative_stress.",source: specs_annotated_unified.csv; ChEMBL:https://www.ebi.ac.uk/chembl/compound_report_card/CHEMBL282093
CHEMBL26915,SC-560,True,oxidative_stress,pathway,"Compound annotation contains keyword 'True' (or related pathway term), suggesting relevance to MSD node oxidative_stress.",source: specs_annotated_unified.csv; ChEMBL:https://www.ebi.ac.uk/chembl/compound_report_card/CHEMBL26915
CHEMBL2386889,SCH-900776,True,oxidative_stress,pathway,"Compound annotation contains keyword 'True' (or related pathway term), suggesting relevance to MSD node oxidative_stress.",source: specs_annotated_unified.csv; ChEMBL:https://www.ebi.ac.uk/chembl/compound_report_card/CHEMBL2386889
CHEMBL548708,nan,True,TRPML1/MCOLN1,pathway,"Compound annotation contains keyword 'True' (or related pathway term), suggesting relevance to MSD node TRPML1/MCOLN1.",source: specs_annotated_unified.csv; ChEMBL:https://www.ebi.ac.uk/chembl/compound_report_card/CHEMBL548708
CHEMBL1952329,SGI-1776,True,oxidative_stress,pathway,"Compound annotation contains keyword 'True' (or related pathway term), suggesting relevance to MSD node oxidative_stress.",source: specs_annotated_unified.csv; ChEMBL:https://www.ebi.ac.uk/chembl/compound_report_card/CHEMBL1952329
CHEMBL1236107,SGX-523,True,oxidative_stress,pathway,"Compound annotation contains keyword 'True' (or related pathway term), suggesting relevance to MSD node oxidative_stress.",source: specs_annotated_unified.csv; ChEMBL:https://www.ebi.ac.uk/chembl/compound_report_card/CHEMBL1236107
CHEMBL4060033,nan,True,oxidative_stress,pathway,"Compound annotation contains keyword 'True' (or related pathway term), suggesting relevance to MSD node oxidative_stress.",source: specs_annotated_unified.csv; ChEMBL:https://www.ebi.ac.uk/chembl/compound_report_card/CHEMBL4060033
CHEMBL313417,nan,True,oxidative_stress,pathway,"Compound annotation contains keyword 'True' (or related pathway term), suggesting relevance to MSD node oxidative_stress.",source: specs_annotated_unified.csv; ChEMBL:https://www.ebi.ac.uk/chembl/compound_report_card/CHEMBL313417
CHEMBL1430530,nan,True,TRPML1/MCOLN1,pathway,"Compound annotation contains keyword 'True' (or related pathway term), suggesting relevance to MSD node TRPML1/MCOLN1.",source: specs_annotated_unified.csv; ChEMBL:https://www.ebi.ac.uk/chembl/compound_report_card/CHEMBL1430530
CHEMBL482767,SNS-314,True,oxidative_stress,pathway,"Compound annotation contains keyword 'True' (or related pathway term), suggesting relevance to MSD node oxidative_stress.",source: specs_annotated_unified.csv; ChEMBL:https://www.ebi.ac.uk/chembl/compound_report_card/CHEMBL482767
CHEMBL2058538,nan,True,oxidative_stress,pathway,"Compound annotation contains keyword 'True' (or related pathway term), suggesting relevance to MSD node oxidative_stress.",source: specs_annotated_unified.csv; ChEMBL:https://www.ebi.ac.uk/chembl/compound_report_card/CHEMBL2058538
CHEMBL561057,SQ109,True,trehalose_AKT_TFEB,pathway,"Compound annotation contains keyword 'True' (or related pathway term), suggesting relevance to MSD node trehalose_AKT_TFEB.",source: specs_annotated_unified.csv; ChEMBL:https://www.ebi.ac.uk/chembl/compound_report_card/CHEMBL561057
CHEMBL97771,nan,True,oxidative_stress,pathway,"Compound annotation contains keyword 'True' (or related pathway term), suggesting relevance to MSD node oxidative_stress.",source: specs_annotated_unified.csv; ChEMBL:https://www.ebi.ac.uk/chembl/compound_report_card/CHEMBL97771
CHEMBL261641,nan,True,oxidative_stress,pathway,"Compound annotation contains keyword 'True' (or related pathway term), suggesting relevance to MSD node oxidative_stress.",source: specs_annotated_unified.csv; ChEMBL:https://www.ebi.ac.uk/chembl/compound_report_card/CHEMBL261641
CHEMBL258805,SU-9516,True,oxidative_stress,pathway,"Compound annotation contains keyword 'True' (or related pathway term), suggesting relevance to MSD node oxidative_stress.",source: specs_annotated_unified.csv; ChEMBL:https://www.ebi.ac.uk/chembl/compound_report_card/CHEMBL258805
CHEMBL1614725,TAK-285,True,oxidative_stress,moa,"Compound annotation contains keyword 'True' (or related pathway term), suggesting relevance to MSD node oxidative_stress.",source: specs_annotated_unified.csv; ChEMBL:https://www.ebi.ac.uk/chembl/compound_report_card/CHEMBL1614725
CHEMBL2180604,TAK-593,True,oxidative_stress,pathway,"Compound annotation contains keyword 'True' (or related pathway term), suggesting relevance to MSD node oxidative_stress.",source: specs_annotated_unified.csv; ChEMBL:https://www.ebi.ac.uk/chembl/compound_report_card/CHEMBL2180604
CHEMBL363648,TAK-715,True,oxidative_stress,pathway,"Compound annotation contains keyword 'True' (or related pathway term), suggesting relevance to MSD node oxidative_stress.",source: specs_annotated_unified.csv; ChEMBL:https://www.ebi.ac.uk/chembl/compound_report_card/CHEMBL363648
CHEMBL3544932,TAK-901,True,oxidative_stress,pathway,"Compound annotation contains keyword 'True' (or related pathway term), suggesting relevance to MSD node oxidative_stress.",source: specs_annotated_unified.csv; ChEMBL:https://www.ebi.ac.uk/chembl/compound_report_card/CHEMBL3544932
CHEMBL1642655,nan,True,oxidative_stress,pathway,"Compound annotation contains keyword 'True' (or related pathway term), suggesting relevance to MSD node oxidative_stress.",source: specs_annotated_unified.csv; ChEMBL:https://www.ebi.ac.uk/chembl/compound_report_card/CHEMBL1642655
CHEMBL410295,nan,True,oxidative_stress,pathway,"Compound annotation contains keyword 'True' (or related pathway term), suggesting relevance to MSD node oxidative_stress.",source: specs_annotated_unified.csv; ChEMBL:https://www.ebi.ac.uk/chembl/compound_report_card/CHEMBL410295
CHEMBL3094448,nan,True,oxidative_stress,pathway,"Compound annotation contains keyword 'True' (or related pathway term), suggesting relevance to MSD node oxidative_stress.",source: specs_annotated_unified.csv; ChEMBL:https://www.ebi.ac.uk/chembl/compound_report_card/CHEMBL3094448
CHEMBL1650951,nan,True,oxidative_stress,pathway,"Compound annotation contains keyword 'True' (or related pathway term), suggesting relevance to MSD node oxidative_stress.",source: specs_annotated_unified.csv; ChEMBL:https://www.ebi.ac.uk/chembl/compound_report_card/CHEMBL1650951
CHEMBL210833,nan,True,oxidative_stress,pathway,"Compound annotation contains keyword 'True' (or related pathway term), suggesting relevance to MSD node oxidative_stress.",source: specs_annotated_unified.csv; ChEMBL:https://www.ebi.ac.uk/chembl/compound_report_card/CHEMBL210833
CHEMBL4238186,nan,True,oxidative_stress,pathway,"Compound annotation contains keyword 'True' (or related pathway term), suggesting relevance to MSD node oxidative_stress.",source: specs_annotated_unified.csv; ChEMBL:https://www.ebi.ac.uk/chembl/compound_report_card/CHEMBL4238186
CHEMBL408982,nan,True,oxidative_stress,pathway,"Compound annotation contains keyword 'True' (or related pathway term), suggesting relevance to MSD node oxidative_stress.",source: specs_annotated_unified.csv; ChEMBL:https://www.ebi.ac.uk/chembl/compound_report_card/CHEMBL408982
CHEMBL1944698,ZOTIRACICLIB,True,oxidative_stress,moa,"Compound annotation contains keyword 'True' (or related pathway term), suggesting relevance to MSD node oxidative_stress.",source: specs_annotated_unified.csv; ChEMBL:https://www.ebi.ac.uk/chembl/compound_report_card/CHEMBL1944698
CHEMBL400402,nan,True,oxidative_stress,pathway,"Compound annotation contains keyword 'True' (or related pathway term), suggesting relevance to MSD node oxidative_stress.",source: specs_annotated_unified.csv; ChEMBL:https://www.ebi.ac.uk/chembl/compound_report_card/CHEMBL400402
CHEMBL403989,TG100-801,True,oxidative_stress,pathway,"Compound annotation contains keyword 'True' (or related pathway term), suggesting relevance to MSD node oxidative_stress.",source: specs_annotated_unified.csv; ChEMBL:https://www.ebi.ac.uk/chembl/compound_report_card/CHEMBL403989
CHEMBL1995703,nan,True,oxidative_stress,pathway,"Compound annotation contains keyword 'True' (or related pathway term), suggesting relevance to MSD node oxidative_stress.",source: specs_annotated_unified.csv; ChEMBL:https://www.ebi.ac.uk/chembl/compound_report_card/CHEMBL1995703
CHEMBL559525,nan,True,autophagy_flux,pathway,"Compound annotation contains keyword 'True' (or related pathway term), suggesting relevance to MSD node autophagy_flux.",source: specs_annotated_unified.csv; ChEMBL:https://www.ebi.ac.uk/chembl/compound_report_card/CHEMBL559525
CHEMBL2022968,DUBERMATINIB,True,oxidative_stress,pathway,"Compound annotation contains keyword 'True' (or related pathway term), suggesting relevance to MSD node oxidative_stress.",source: specs_annotated_unified.csv; ChEMBL:https://www.ebi.ac.uk/chembl/compound_report_card/CHEMBL2022968
CHEMBL257167,nan,True,oxidative_stress,pathway,"Compound annotation contains keyword 'True' (or related pathway term), suggesting relevance to MSD node oxidative_stress.",source: specs_annotated_unified.csv; ChEMBL:https://www.ebi.ac.uk/chembl/compound_report_card/CHEMBL257167
CHEMBL221959,TOFACITINIB,True,oxidative_stress,pathway,"Compound annotation contains keyword 'True' (or related pathway term), suggesting relevance to MSD node oxidative_stress.",source: specs_annotated_unified.csv; ChEMBL:https://www.ebi.ac.uk/chembl/compound_report_card/CHEMBL221959
CHEMBL353187,nan,True,oxidative_stress,pathway,"Compound annotation contains keyword 'True' (or related pathway term), suggesting relevance to MSD node oxidative_stress.",source: specs_annotated_unified.csv; ChEMBL:https://www.ebi.ac.uk/chembl/compound_report_card/CHEMBL353187
CHEMBL3326006,nan,True,oxidative_stress,pathway,"Compound annotation contains keyword 'True' (or related pathway term), suggesting relevance to MSD node oxidative_stress.",source: specs_annotated_unified.csv; ChEMBL:https://www.ebi.ac.uk/chembl/compound_report_card/CHEMBL3326006
CHEMBL3092807,nan,True,oxidative_stress,pathway,"Compound annotation contains keyword 'True' (or related pathway term), suggesting relevance to MSD node oxidative_stress.",source: specs_annotated_unified.csv; ChEMBL:https://www.ebi.ac.uk/chembl/compound_report_card/CHEMBL3092807
CHEMBL2436978,nan,True,oxidative_stress,pathway,"Compound annotation contains keyword 'True' (or related pathway term), suggesting relevance to MSD node oxidative_stress.",source: specs_annotated_unified.csv; ChEMBL:https://www.ebi.ac.uk/chembl/compound_report_card/CHEMBL2436978
CHEMBL3989870,BERZOSERTIB,MTOR,mTORC1,target,"Compound annotated with target MTOR, which links to MSD node mTORC1.",source: specs_annotated_unified.csv; ChEMBL:https://www.ebi.ac.uk/chembl/compound_report_card/CHEMBL3989870
CHEMBL3989870,BERZOSERTIB,True,oxidative_stress,pathway,"Compound annotation contains keyword 'True' (or related pathway term), suggesting relevance to MSD node oxidative_stress.",source: specs_annotated_unified.csv; ChEMBL:https://www.ebi.ac.uk/chembl/compound_report_card/CHEMBL3989870
CHEMBL470334,nan,True,ER_proteostasis,pathway,"Compound annotation contains keyword 'True' (or related pathway term), suggesting relevance to MSD node ER_proteostasis.",source: specs_annotated_unified.csv; ChEMBL:https://www.ebi.ac.uk/chembl/compound_report_card/CHEMBL470334
CHEMBL1090090,VX-702,True,oxidative_stress,pathway,"Compound annotation contains keyword 'True' (or related pathway term), suggesting relevance to MSD node oxidative_stress.",source: specs_annotated_unified.csv; ChEMBL:https://www.ebi.ac.uk/chembl/compound_report_card/CHEMBL1090090
CHEMBL119385,NEFLAMAPIMOD,True,oxidative_stress,pathway,"Compound annotation contains keyword 'True' (or related pathway term), suggesting relevance to MSD node oxidative_stress.",source: specs_annotated_unified.csv; ChEMBL:https://www.ebi.ac.uk/chembl/compound_report_card/CHEMBL119385
CHEMBL583194,nan,MTOR,mTORC1,target,"Compound annotated with target MTOR, which links to MSD node mTORC1.",source: specs_annotated_unified.csv; ChEMBL:https://www.ebi.ac.uk/chembl/compound_report_card/CHEMBL583194
CHEMBL213100,nan,True,oxidative_stress,pathway,"Compound annotation contains keyword 'True' (or related pathway term), suggesting relevance to MSD node oxidative_stress.",source: specs_annotated_unified.csv; ChEMBL:https://www.ebi.ac.uk/chembl/compound_report_card/CHEMBL213100
CHEMBL473773,nan,True,oxidative_stress,pathway,"Compound annotation contains keyword 'True' (or related pathway term), suggesting relevance to MSD node oxidative_stress.",source: specs_annotated_unified.csv; ChEMBL:https://www.ebi.ac.uk/chembl/compound_report_card/CHEMBL473773
CHEMBL601661,nan,MTOR,mTORC1,target,"Compound annotated with target MTOR, which links to MSD node mTORC1.",source: specs_annotated_unified.csv; ChEMBL:https://www.ebi.ac.uk/chembl/compound_report_card/CHEMBL601661
CHEMBL561708,nan,MTOR,mTORC1,target,"Compound annotated with target MTOR, which links to MSD node mTORC1.",source: specs_annotated_unified.csv; ChEMBL:https://www.ebi.ac.uk/chembl/compound_report_card/CHEMBL561708
CHEMBL561103,nan,MTOR,mTORC1,target,"Compound annotated with target MTOR, which links to MSD node mTORC1.",source: specs_annotated_unified.csv; ChEMBL:https://www.ebi.ac.uk/chembl/compound_report_card/CHEMBL561103
CHEMBL1643976,nan,True,oxidative_stress,pathway,"Compound annotation contains keyword 'True' (or related pathway term), suggesting relevance to MSD node oxidative_stress.",source: specs_annotated_unified.csv; ChEMBL:https://www.ebi.ac.uk/chembl/compound_report_card/CHEMBL1643976
CHEMBL1229592,nan,True,oxidative_stress,pathway,"Compound annotation contains keyword 'True' (or related pathway term), suggesting relevance to MSD node oxidative_stress.",source: specs_annotated_unified.csv; ChEMBL:https://www.ebi.ac.uk/chembl/compound_report_card/CHEMBL1229592
CHEMBL4294155,nan,True,oxidative_stress,pathway,"Compound annotation contains keyword 'True' (or related pathway term), suggesting relevance to MSD node oxidative_stress.",source: specs_annotated_unified.csv; ChEMBL:https://www.ebi.ac.uk/chembl/compound_report_card/CHEMBL4294155
CHEMBL3545085,XL-228,True,oxidative_stress,moa,"Compound annotation contains keyword 'True' (or related pathway term), suggesting relevance to MSD node oxidative_stress.",source: specs_annotated_unified.csv; ChEMBL:https://www.ebi.ac.uk/chembl/compound_report_card/CHEMBL3545085
CHEMBL3544983,TESEVATINIB,True,oxidative_stress,moa,"Compound annotation contains keyword 'True' (or related pathway term), suggesting relevance to MSD node oxidative_stress.",source: specs_annotated_unified.csv; ChEMBL:https://www.ebi.ac.uk/chembl/compound_report_card/CHEMBL3544983
CHEMBL1673046,nan,True,oxidative_stress,pathway,"Compound annotation contains keyword 'True' (or related pathway term), suggesting relevance to MSD node oxidative_stress.",source: specs_annotated_unified.csv; ChEMBL:https://www.ebi.ac.uk/chembl/compound_report_card/CHEMBL1673046
CHEMBL155103,nan,True,oxidative_stress,pathway,"Compound annotation contains keyword 'True' (or related pathway term), suggesting relevance to MSD node oxidative_stress.",source: specs_annotated_unified.csv; ChEMBL:https://www.ebi.ac.uk/chembl/compound_report_card/CHEMBL155103
CHEMBL1521,ZALEPLON,True,autophagy_flux,pathway,"Compound annotation contains keyword 'True' (or related pathway term), suggesting relevance to MSD node autophagy_flux.",source: specs_annotated_unified.csv; ChEMBL:https://www.ebi.ac.uk/chembl/compound_report_card/CHEMBL1521
CHEMBL186526,nan,True,oxidative_stress,pathway,"Compound annotation contains keyword 'True' (or related pathway term), suggesting relevance to MSD node oxidative_stress.",source: specs_annotated_unified.csv; ChEMBL:https://www.ebi.ac.uk/chembl/compound_report_card/CHEMBL186526
CHEMBL596674,nan,True,oxidative_stress,pathway,"Compound annotation contains keyword 'True' (or related pathway term), suggesting relevance to MSD node oxidative_stress.",source: specs_annotated_unified.csv; ChEMBL:https://www.ebi.ac.uk/chembl/compound_report_card/CHEMBL596674
CHEMBL202721,nan,True,oxidative_stress,pathway,"Compound annotation contains keyword 'True' (or related pathway term), suggesting relevance to MSD node oxidative_stress.",source: specs_annotated_unified.csv; ChEMBL:https://www.ebi.ac.uk/chembl/compound_report_card/CHEMBL202721
CHEMBL911,ZOLPIDEM,True,autophagy_flux,pathway,"Compound annotation contains keyword 'True' (or related pathway term), suggesting relevance to MSD node autophagy_flux.",source: specs_annotated_unified.csv; ChEMBL:https://www.ebi.ac.uk/chembl/compound_report_card/CHEMBL911
CHEMBL586702,ZSTK-474,MTOR,mTORC1,target,"Compound annotated with target MTOR, which links to MSD node mTORC1.",source: specs_annotated_unified.csv; ChEMBL:https://www.ebi.ac.uk/chembl/compound_report_card/CHEMBL586702
CHEMBL3301610,ABEMACICLIB,True,oxidative_stress,pathway,"Compound annotation contains keyword 'True' (or related pathway term), suggesting relevance to MSD node oxidative_stress.",source: specs_annotated_unified.csv; ChEMBL:https://www.ebi.ac.uk/chembl/compound_report_card/CHEMBL3301610
CHEMBL3707348,ACALABRUTINIB,True,oxidative_stress,moa,"Compound annotation contains keyword 'True' (or related pathway term), suggesting relevance to MSD node oxidative_stress.",source: specs_annotated_unified.csv; ChEMBL:https://www.ebi.ac.uk/chembl/compound_report_card/CHEMBL3707348
CHEMBL93645,ACECLOFENAC,True,oxidative_stress,pathway,"Compound annotation contains keyword 'True' (or related pathway term), suggesting relevance to MSD node oxidative_stress.",source: specs_annotated_unified.csv; ChEMBL:https://www.ebi.ac.uk/chembl/compound_report_card/CHEMBL93645
CHEMBL20,ACETAZOLAMIDE,True,oxidative_stress,pathway,"Compound annotation contains keyword 'True' (or related pathway term), suggesting relevance to MSD node oxidative_stress.",source: specs_annotated_unified.csv; ChEMBL:https://www.ebi.ac.uk/chembl/compound_report_card/CHEMBL20
CHEMBL600,ACETYLCYSTEINE,True,oxidative_stress,pathway,"Compound annotation contains keyword 'True' (or related pathway term), suggesting relevance to MSD node oxidative_stress.",source: specs_annotated_unified.csv; ChEMBL:https://www.ebi.ac.uk/chembl/compound_report_card/CHEMBL600
CHEMBL1131,ACITRETIN,True,oxidative_stress,pathway,"Compound annotation contains keyword 'True' (or related pathway term), suggesting relevance to MSD node oxidative_stress.",source: specs_annotated_unified.csv; ChEMBL:https://www.ebi.ac.uk/chembl/compound_report_card/CHEMBL1131
CHEMBL1224,ACRIVASTINE,True,oxidative_stress,pathway,"Compound annotation contains keyword 'True' (or related pathway term), suggesting relevance to MSD node oxidative_stress.",source: specs_annotated_unified.csv; ChEMBL:https://www.ebi.ac.uk/chembl/compound_report_card/CHEMBL1224
CHEMBL1554,DACTINOMYCIN,True,autophagy_flux,pathway,"Compound annotation contains keyword 'True' (or related pathway term), suggesting relevance to MSD node autophagy_flux.",source: specs_annotated_unified.csv; ChEMBL:https://www.ebi.ac.uk/chembl/compound_report_card/CHEMBL1554
CHEMBL1088977,ADEMETIONINE,True,oxidative_stress,pathway,"Compound annotation contains keyword 'True' (or related pathway term), suggesting relevance to MSD node oxidative_stress.",source: specs_annotated_unified.csv; ChEMBL:https://www.ebi.ac.uk/chembl/compound_report_card/CHEMBL1088977
CHEMBL752,ADENOSINE PHOSPHATE,True,oxidative_stress,pathway,"Compound annotation contains keyword 'True' (or related pathway term), suggesting relevance to MSD node oxidative_stress.",source: specs_annotated_unified.csv; ChEMBL:https://www.ebi.ac.uk/chembl/compound_report_card/CHEMBL752
CHEMBL1173655,AFATINIB,True,oxidative_stress,pathway,"Compound annotation contains keyword 'True' (or related pathway term), suggesting relevance to MSD node oxidative_stress.",source: specs_annotated_unified.csv; ChEMBL:https://www.ebi.ac.uk/chembl/compound_report_card/CHEMBL1173655
CHEMBL489,AFIMOXIFENE,True,autophagy_flux,pathway,"Compound annotation contains keyword 'True' (or related pathway term), suggesting relevance to MSD node autophagy_flux.",source: specs_annotated_unified.csv; ChEMBL:https://www.ebi.ac.uk/chembl/compound_report_card/CHEMBL489
CHEMBL1738797,ALECTINIB,True,oxidative_stress,pathway,"Compound annotation contains keyword 'True' (or related pathway term), suggesting relevance to MSD node oxidative_stress.",source: specs_annotated_unified.csv; ChEMBL:https://www.ebi.ac.uk/chembl/compound_report_card/CHEMBL1738797
CHEMBL483158,ALISERTIB,True,oxidative_stress,pathway,"Compound annotation contains keyword 'True' (or related pathway term), suggesting relevance to MSD node oxidative_stress.",source: specs_annotated_unified.csv; ChEMBL:https://www.ebi.ac.uk/chembl/compound_report_card/CHEMBL483158
CHEMBL40275,ALOE-EMODIN,True,oxidative_stress,pathway,"Compound annotation contains keyword 'True' (or related pathway term), suggesting relevance to MSD node oxidative_stress.",source: specs_annotated_unified.csv; ChEMBL:https://www.ebi.ac.uk/chembl/compound_report_card/CHEMBL40275
CHEMBL2396661,ALPELISIB,MTOR,mTORC1,target,"Compound annotated with target MTOR, which links to MSD node mTORC1.",source: specs_annotated_unified.csv; ChEMBL:https://www.ebi.ac.uk/chembl/compound_report_card/CHEMBL2396661
CHEMBL54349,ALPIDEM,True,autophagy_flux,pathway,"Compound annotation contains keyword 'True' (or related pathway term), suggesting relevance to MSD node autophagy_flux.",source: specs_annotated_unified.csv; ChEMBL:https://www.ebi.ac.uk/chembl/compound_report_card/CHEMBL54349
CHEMBL495,ALPROSTADIL,True,oxidative_stress,moa,"Compound annotation contains keyword 'True' (or related pathway term), suggesting relevance to MSD node oxidative_stress.",source: specs_annotated_unified.csv; ChEMBL:https://www.ebi.ac.uk/chembl/compound_report_card/CHEMBL495
CHEMBL3545365,ALTIRATINIB,True,oxidative_stress,moa,"Compound annotation contains keyword 'True' (or related pathway term), suggesting relevance to MSD node oxidative_stress.",source: specs_annotated_unified.csv; ChEMBL:https://www.ebi.ac.uk/chembl/compound_report_card/CHEMBL3545365
CHEMBL428690,ALVOCIDIB,True,oxidative_stress,pathway,"Compound annotation contains keyword 'True' (or related pathway term), suggesting relevance to MSD node oxidative_stress.",source: specs_annotated_unified.csv; ChEMBL:https://www.ebi.ac.uk/chembl/compound_report_card/CHEMBL428690
CHEMBL945,AMILORIDE,True,oxidative_stress,pathway,"Compound annotation contains keyword 'True' (or related pathway term), suggesting relevance to MSD node oxidative_stress.",source: specs_annotated_unified.csv; ChEMBL:https://www.ebi.ac.uk/chembl/compound_report_card/CHEMBL945
CHEMBL629,AMITRIPTYLINE,True,oxidative_stress,pathway,"Compound annotation contains keyword 'True' (or related pathway term), suggesting relevance to MSD node oxidative_stress.",source: specs_annotated_unified.csv; ChEMBL:https://www.ebi.ac.uk/chembl/compound_report_card/CHEMBL629
CHEMBL682,AMODIAQUINE,True,oxidative_stress,pathway,"Compound annotation contains keyword 'True' (or related pathway term), suggesting relevance to MSD node oxidative_stress.",source: specs_annotated_unified.csv; ChEMBL:https://www.ebi.ac.uk/chembl/compound_report_card/CHEMBL682
CHEMBL267345,AMPHOTERICIN B,True,oxidative_stress,pathway,"Compound annotation contains keyword 'True' (or related pathway term), suggesting relevance to MSD node oxidative_stress.",source: specs_annotated_unified.csv; ChEMBL:https://www.ebi.ac.uk/chembl/compound_report_card/CHEMBL267345
CHEMBL1186894,AMRUBICIN,True,oxidative_stress,pathway,"Compound annotation contains keyword 'True' (or related pathway term), suggesting relevance to MSD node oxidative_stress.",source: specs_annotated_unified.csv; ChEMBL:https://www.ebi.ac.uk/chembl/compound_report_card/CHEMBL1186894
CHEMBL43,AMSACRINE,True,oxidative_stress,pathway,"Compound annotation contains keyword 'True' (or related pathway term), suggesting relevance to MSD node oxidative_stress.",source: specs_annotated_unified.csv; ChEMBL:https://www.ebi.ac.uk/chembl/compound_report_card/CHEMBL43
CHEMBL2103851,AMUVATINIB,True,oxidative_stress,moa,"Compound annotation contains keyword 'True' (or related pathway term), suggesting relevance to MSD node oxidative_stress.",source: specs_annotated_unified.csv; ChEMBL:https://www.ebi.ac.uk/chembl/compound_report_card/CHEMBL2103851
CHEMBL178862,ANETHOLTRITHION,True,oxidative_stress,pathway,"Compound annotation contains keyword 'True' (or related pathway term), suggesting relevance to MSD node oxidative_stress.",source: specs_annotated_unified.csv; ChEMBL:https://www.ebi.ac.uk/chembl/compound_report_card/CHEMBL178862
CHEMBL46469,ANTHRALIN,True,oxidative_stress,pathway,"Compound annotation contains keyword 'True' (or related pathway term), suggesting relevance to MSD node oxidative_stress.",source: specs_annotated_unified.csv; ChEMBL:https://www.ebi.ac.uk/chembl/compound_report_card/CHEMBL46469
CHEMBL28,APIGENIN,True,oxidative_stress,pathway,"Compound annotation contains keyword 'True' (or related pathway term), suggesting relevance to MSD node oxidative_stress.",source: specs_annotated_unified.csv; ChEMBL:https://www.ebi.ac.uk/chembl/compound_report_card/CHEMBL28
CHEMBL232202,ARBUTIN,True,oxidative_stress,moa,"Compound annotation contains keyword 'True' (or related pathway term), suggesting relevance to MSD node oxidative_stress.",source: specs_annotated_unified.csv; ChEMBL:https://www.ebi.ac.uk/chembl/compound_report_card/CHEMBL232202
CHEMBL1112,ARIPIPRAZOLE,True,oxidative_stress,pathway,"Compound annotation contains keyword 'True' (or related pathway term), suggesting relevance to MSD node oxidative_stress.",source: specs_annotated_unified.csv; ChEMBL:https://www.ebi.ac.uk/chembl/compound_report_card/CHEMBL1112
CHEMBL566534,ARTEMETHER,True,oxidative_stress,pathway,"Compound annotation contains keyword 'True' (or related pathway term), suggesting relevance to MSD node oxidative_stress.",source: specs_annotated_unified.csv; ChEMBL:https://www.ebi.ac.uk/chembl/compound_report_card/CHEMBL566534
CHEMBL269671,ARTEMISININ,True,oxidative_stress,pathway,"Compound annotation contains keyword 'True' (or related pathway term), suggesting relevance to MSD node oxidative_stress.",source: specs_annotated_unified.csv; ChEMBL:https://www.ebi.ac.uk/chembl/compound_report_card/CHEMBL269671
CHEMBL361497,ARTESUNATE,True,oxidative_stress,pathway,"Compound annotation contains keyword 'True' (or related pathway term), suggesting relevance to MSD node oxidative_stress.",source: specs_annotated_unified.csv; ChEMBL:https://www.ebi.ac.uk/chembl/compound_report_card/CHEMBL361497
CHEMBL8597,ASCOMYCIN,True,autophagy_flux,pathway,"Compound annotation contains keyword 'True' (or related pathway term), suggesting relevance to MSD node autophagy_flux.",source: specs_annotated_unified.csv; ChEMBL:https://www.ebi.ac.uk/chembl/compound_report_card/CHEMBL8597
CHEMBL25,ASPIRIN,True,oxidative_stress,pathway,"Compound annotation contains keyword 'True' (or related pathway term), suggesting relevance to MSD node oxidative_stress.",source: specs_annotated_unified.csv; ChEMBL:https://www.ebi.ac.uk/chembl/compound_report_card/CHEMBL25
CHEMBL1255871,ASTAXANTHIN,True,oxidative_stress,moa,"Compound annotation contains keyword 'True' (or related pathway term), suggesting relevance to MSD node oxidative_stress.",source: specs_annotated_unified.csv; ChEMBL:https://www.ebi.ac.uk/chembl/compound_report_card/CHEMBL1255871
CHEMBL256997,ATALUREN,True,oxidative_stress,pathway,"Compound annotation contains keyword 'True' (or related pathway term), suggesting relevance to MSD node oxidative_stress.",source: specs_annotated_unified.csv; ChEMBL:https://www.ebi.ac.uk/chembl/compound_report_card/CHEMBL256997
CHEMBL1689063,AVIBACTAM,True,autophagy_flux,pathway,"Compound annotation contains keyword 'True' (or related pathway term), suggesting relevance to MSD node autophagy_flux.",source: specs_annotated_unified.csv; ChEMBL:https://www.ebi.ac.uk/chembl/compound_report_card/CHEMBL1689063
CHEMBL1289926,AXITINIB,True,oxidative_stress,pathway,"Compound annotation contains keyword 'True' (or related pathway term), suggesting relevance to MSD node oxidative_stress.",source: specs_annotated_unified.csv; ChEMBL:https://www.ebi.ac.uk/chembl/compound_report_card/CHEMBL1289926
CHEMBL1565476,APAZONE,True,oxidative_stress,pathway,"Compound annotation contains keyword 'True' (or related pathway term), suggesting relevance to MSD node oxidative_stress.",source: specs_annotated_unified.csv; ChEMBL:https://www.ebi.ac.uk/chembl/compound_report_card/CHEMBL1565476
CHEMBL1200558,BACITRACIN,True,oxidative_stress,pathway,"Compound annotation contains keyword 'True' (or related pathway term), suggesting relevance to MSD node oxidative_stress.",source: specs_annotated_unified.csv; ChEMBL:https://www.ebi.ac.uk/chembl/compound_report_card/CHEMBL1200558
CHEMBL206834,BAFETINIB,True,oxidative_stress,moa,"Compound annotation contains keyword 'True' (or related pathway term), suggesting relevance to MSD node oxidative_stress.",source: specs_annotated_unified.csv; ChEMBL:https://www.ebi.ac.uk/chembl/compound_report_card/CHEMBL206834
CHEMBL8260,BAICALEIN,True,oxidative_stress,pathway,"Compound annotation contains keyword 'True' (or related pathway term), suggesting relevance to MSD node oxidative_stress.",source: specs_annotated_unified.csv; ChEMBL:https://www.ebi.ac.uk/chembl/compound_report_card/CHEMBL8260
CHEMBL415049,BARASERTIB,True,oxidative_stress,pathway,"Compound annotation contains keyword 'True' (or related pathway term), suggesting relevance to MSD node oxidative_stress.",source: specs_annotated_unified.csv; ChEMBL:https://www.ebi.ac.uk/chembl/compound_report_card/CHEMBL415049
CHEMBL215152,DEFOSBARASERTIB,True,oxidative_stress,pathway,"Compound annotation contains keyword 'True' (or related pathway term), suggesting relevance to MSD node oxidative_stress.",source: specs_annotated_unified.csv; ChEMBL:https://www.ebi.ac.uk/chembl/compound_report_card/CHEMBL215152
CHEMBL2105759,BARICITINIB,True,oxidative_stress,moa,"Compound annotation contains keyword 'True' (or related pathway term), suggesting relevance to MSD node oxidative_stress.",source: specs_annotated_unified.csv; ChEMBL:https://www.ebi.ac.uk/chembl/compound_report_card/CHEMBL2105759
CHEMBL46740,BAZEDOXIFENE,True,oxidative_stress,pathway,"Compound annotation contains keyword 'True' (or related pathway term), suggesting relevance to MSD node oxidative_stress.",source: specs_annotated_unified.csv; ChEMBL:https://www.ebi.ac.uk/chembl/compound_report_card/CHEMBL46740
CHEMBL408513,BELINOSTAT,True,oxidative_stress,pathway,"Compound annotation contains keyword 'True' (or related pathway term), suggesting relevance to MSD node oxidative_stress.",source: specs_annotated_unified.csv; ChEMBL:https://www.ebi.ac.uk/chembl/compound_report_card/CHEMBL408513
CHEMBL1096979,BENSERAZIDE,True,oxidative_stress,pathway,"Compound annotation contains keyword 'True' (or related pathway term), suggesting relevance to MSD node oxidative_stress.",source: specs_annotated_unified.csv; ChEMBL:https://www.ebi.ac.uk/chembl/compound_report_card/CHEMBL1096979
CHEMBL24171,BERGAPTEN,True,oxidative_stress,pathway,"Compound annotation contains keyword 'True' (or related pathway term), suggesting relevance to MSD node oxidative_stress.",source: specs_annotated_unified.csv; ChEMBL:https://www.ebi.ac.uk/chembl/compound_report_card/CHEMBL24171
CHEMBL1293,BETA CAROTENE,True,oxidative_stress,pathway,"Compound annotation contains keyword 'True' (or related pathway term), suggesting relevance to MSD node oxidative_stress.",source: specs_annotated_unified.csv; ChEMBL:https://www.ebi.ac.uk/chembl/compound_report_card/CHEMBL1293
CHEMBL15192,LAPACHONE,True,oxidative_stress,pathway,"Compound annotation contains keyword 'True' (or related pathway term), suggesting relevance to MSD node oxidative_stress.",source: specs_annotated_unified.csv; ChEMBL:https://www.ebi.ac.uk/chembl/compound_report_card/CHEMBL15192
CHEMBL269277,BETULINIC ACID,True,oxidative_stress,pathway,"Compound annotation contains keyword 'True' (or related pathway term), suggesting relevance to MSD node oxidative_stress.",source: specs_annotated_unified.csv; ChEMBL:https://www.ebi.ac.uk/chembl/compound_report_card/CHEMBL269277
CHEMBL404519,BEVIRIMAT,True,oxidative_stress,pathway,"Compound annotation contains keyword 'True' (or related pathway term), suggesting relevance to MSD node oxidative_stress.",source: specs_annotated_unified.csv; ChEMBL:https://www.ebi.ac.uk/chembl/compound_report_card/CHEMBL404519
CHEMBL277535,BIFONAZOLE,True,oxidative_stress,pathway,"Compound annotation contains keyword 'True' (or related pathway term), suggesting relevance to MSD node oxidative_stress.",source: specs_annotated_unified.csv; ChEMBL:https://www.ebi.ac.uk/chembl/compound_report_card/CHEMBL277535
CHEMBL1200963,BIMATOPROST,True,oxidative_stress,moa,"Compound annotation contains keyword 'True' (or related pathway term), suggesting relevance to MSD node oxidative_stress.",source: specs_annotated_unified.csv; ChEMBL:https://www.ebi.ac.uk/chembl/compound_report_card/CHEMBL1200963
CHEMBL1101,BIPERIDEN,True,oxidative_stress,pathway,"Compound annotation contains keyword 'True' (or related pathway term), suggesting relevance to MSD node oxidative_stress.",source: specs_annotated_unified.csv; ChEMBL:https://www.ebi.ac.uk/chembl/compound_report_card/CHEMBL1101
CHEMBL418971,BISPHENOL A,True,autophagy_flux,pathway,"Compound annotation contains keyword 'True' (or related pathway term), suggesting relevance to MSD node autophagy_flux.",source: specs_annotated_unified.csv; ChEMBL:https://www.ebi.ac.uk/chembl/compound_report_card/CHEMBL418971
CHEMBL290106,BITHIONOL,True,oxidative_stress,pathway,"Compound annotation contains keyword 'True' (or related pathway term), suggesting relevance to MSD node oxidative_stress.",source: specs_annotated_unified.csv; ChEMBL:https://www.ebi.ac.uk/chembl/compound_report_card/CHEMBL290106
CHEMBL357995,BOPINDOLOL,True,oxidative_stress,pathway,"Compound annotation contains keyword 'True' (or related pathway term), suggesting relevance to MSD node oxidative_stress.",source: specs_annotated_unified.csv; ChEMBL:https://www.ebi.ac.uk/chembl/compound_report_card/CHEMBL357995
CHEMBL288441,BOSUTINIB,True,oxidative_stress,moa,"Compound annotation contains keyword 'True' (or related pathway term), suggesting relevance to MSD node oxidative_stress.",source: specs_annotated_unified.csv; ChEMBL:https://www.ebi.ac.uk/chembl/compound_report_card/CHEMBL288441
CHEMBL3545311,BRIGATINIB,True,oxidative_stress,moa,"Compound annotation contains keyword 'True' (or related pathway term), suggesting relevance to MSD node oxidative_stress.",source: specs_annotated_unified.csv; ChEMBL:https://www.ebi.ac.uk/chembl/compound_report_card/CHEMBL3545311
CHEMBL220491,BRINZOLAMIDE,True,oxidative_stress,pathway,"Compound annotation contains keyword 'True' (or related pathway term), suggesting relevance to MSD node oxidative_stress.",source: specs_annotated_unified.csv; ChEMBL:https://www.ebi.ac.uk/chembl/compound_report_card/CHEMBL220491
CHEMBL270995,BRIVANIB ALANINATE,True,oxidative_stress,pathway,"Compound annotation contains keyword 'True' (or related pathway term), suggesting relevance to MSD node oxidative_stress.",source: specs_annotated_unified.csv; ChEMBL:https://www.ebi.ac.uk/chembl/compound_report_card/CHEMBL270995
CHEMBL1077,BROMFENAC,True,oxidative_stress,pathway,"Compound annotation contains keyword 'True' (or related pathway term), suggesting relevance to MSD node oxidative_stress.",source: specs_annotated_unified.csv; ChEMBL:https://www.ebi.ac.uk/chembl/compound_report_card/CHEMBL1077
CHEMBL223448,BROXYQUINOLINE,True,oxidative_stress,pathway,"Compound annotation contains keyword 'True' (or related pathway term), suggesting relevance to MSD node oxidative_stress.",source: specs_annotated_unified.csv; ChEMBL:https://www.ebi.ac.uk/chembl/compound_report_card/CHEMBL223448
CHEMBL80830,BUCILLAMINE,True,oxidative_stress,moa,"Compound annotation contains keyword 'True' (or related pathway term), suggesting relevance to MSD node oxidative_stress.",source: specs_annotated_unified.csv; ChEMBL:https://www.ebi.ac.uk/chembl/compound_report_card/CHEMBL80830
CHEMBL2017974,BUPARLISIB,MTOR,mTORC1,target,"Compound annotated with target MTOR, which links to MSD node mTORC1.",source: specs_annotated_unified.csv; ChEMBL:https://www.ebi.ac.uk/chembl/compound_report_card/CHEMBL2017974
CHEMBL127516,BUTAMBEN,True,oxidative_stress,pathway,"Compound annotation contains keyword 'True' (or related pathway term), suggesting relevance to MSD node oxidative_stress.",source: specs_annotated_unified.csv; ChEMBL:https://www.ebi.ac.uk/chembl/compound_report_card/CHEMBL127516
CHEMBL2105717,CABOZANTINIB,True,oxidative_stress,pathway,"Compound annotation contains keyword 'True' (or related pathway term), suggesting relevance to MSD node oxidative_stress.",source: specs_annotated_unified.csv; ChEMBL:https://www.ebi.ac.uk/chembl/compound_report_card/CHEMBL2105717
CHEMBL2106561,CADRALAZINE,True,oxidative_stress,pathway,"Compound annotation contains keyword 'True' (or related pathway term), suggesting relevance to MSD node oxidative_stress.",source: specs_annotated_unified.csv; ChEMBL:https://www.ebi.ac.uk/chembl/compound_report_card/CHEMBL2106561
CHEMBL145,CAFFEIC ACID,True,oxidative_stress,pathway,"Compound annotation contains keyword 'True' (or related pathway term), suggesting relevance to MSD node oxidative_stress.",source: specs_annotated_unified.csv; ChEMBL:https://www.ebi.ac.uk/chembl/compound_report_card/CHEMBL145
CHEMBL319244,CAFFEIC ACID PHENETHYL ESTER,True,oxidative_stress,pathway,"Compound annotation contains keyword 'True' (or related pathway term), suggesting relevance to MSD node oxidative_stress.",source: specs_annotated_unified.csv; ChEMBL:https://www.ebi.ac.uk/chembl/compound_report_card/CHEMBL319244
CHEMBL1200666,CALCIPOTRIENE,True,oxidative_stress,pathway,"Compound annotation contains keyword 'True' (or related pathway term), suggesting relevance to MSD node oxidative_stress.",source: specs_annotated_unified.csv; ChEMBL:https://www.ebi.ac.uk/chembl/compound_report_card/CHEMBL1200666
CHEMBL846,CALCITRIOL,True,oxidative_stress,pathway,"Compound annotation contains keyword 'True' (or related pathway term), suggesting relevance to MSD node oxidative_stress.",source: specs_annotated_unified.csv; ChEMBL:https://www.ebi.ac.uk/chembl/compound_report_card/CHEMBL846
CHEMBL1016,CANDESARTAN,True,oxidative_stress,pathway,"Compound annotation contains keyword 'True' (or related pathway term), suggesting relevance to MSD node oxidative_stress.",source: specs_annotated_unified.csv; ChEMBL:https://www.ebi.ac.uk/chembl/compound_report_card/CHEMBL1016
CHEMBL31965,CANERTINIB,True,oxidative_stress,pathway,"Compound annotation contains keyword 'True' (or related pathway term), suggesting relevance to MSD node oxidative_stress.",source: specs_annotated_unified.csv; ChEMBL:https://www.ebi.ac.uk/chembl/compound_report_card/CHEMBL31965
CHEMBL294199,CAPSAICIN,True,oxidative_stress,pathway,"Compound annotation contains keyword 'True' (or related pathway term), suggesting relevance to MSD node oxidative_stress.",source: specs_annotated_unified.csv; ChEMBL:https://www.ebi.ac.uk/chembl/compound_report_card/CHEMBL294199
CHEMBL46917,CARBARIL,True,oxidative_stress,pathway,"Compound annotation contains keyword 'True' (or related pathway term), suggesting relevance to MSD node oxidative_stress.",source: specs_annotated_unified.csv; ChEMBL:https://www.ebi.ac.uk/chembl/compound_report_card/CHEMBL46917
CHEMBL508102,CARBIMAZOLE,True,oxidative_stress,pathway,"Compound annotation contains keyword 'True' (or related pathway term), suggesting relevance to MSD node oxidative_stress.",source: specs_annotated_unified.csv; ChEMBL:https://www.ebi.ac.uk/chembl/compound_report_card/CHEMBL508102
CHEMBL1316,CARPROFEN,True,oxidative_stress,pathway,"Compound annotation contains keyword 'True' (or related pathway term), suggesting relevance to MSD node oxidative_stress.",source: specs_annotated_unified.csv; ChEMBL:https://www.ebi.ac.uk/chembl/compound_report_card/CHEMBL1316
CHEMBL414,CARZENIDE,True,oxidative_stress,pathway,"Compound annotation contains keyword 'True' (or related pathway term), suggesting relevance to MSD node oxidative_stress.",source: specs_annotated_unified.csv; ChEMBL:https://www.ebi.ac.uk/chembl/compound_report_card/CHEMBL414
CHEMBL1630575,CASPOFUNGIN,True,oxidative_stress,pathway,"Compound annotation contains keyword 'True' (or related pathway term), suggesting relevance to MSD node oxidative_stress.",source: specs_annotated_unified.csv; ChEMBL:https://www.ebi.ac.uk/chembl/compound_report_card/CHEMBL1630575
CHEMBL118,CELECOXIB,True,oxidative_stress,pathway,"Compound annotation contains keyword 'True' (or related pathway term), suggesting relevance to MSD node oxidative_stress.",source: specs_annotated_unified.csv; ChEMBL:https://www.ebi.ac.uk/chembl/compound_report_card/CHEMBL118
CHEMBL1604,CEPHRADINE,True,oxidative_stress,pathway,"Compound annotation contains keyword 'True' (or related pathway term), suggesting relevance to MSD node oxidative_stress.",source: specs_annotated_unified.csv; ChEMBL:https://www.ebi.ac.uk/chembl/compound_report_card/CHEMBL1604
CHEMBL2403108,CERITINIB,True,oxidative_stress,moa,"Compound annotation contains keyword 'True' (or related pathway term), suggesting relevance to MSD node oxidative_stress.",source: specs_annotated_unified.csv; ChEMBL:https://www.ebi.ac.uk/chembl/compound_report_card/CHEMBL2403108
CHEMBL305906,CETYLPYRIDINIUM,True,oxidative_stress,pathway,"Compound annotation contains keyword 'True' (or related pathway term), suggesting relevance to MSD node oxidative_stress.",source: specs_annotated_unified.csv; ChEMBL:https://www.ebi.ac.uk/chembl/compound_report_card/CHEMBL305906
CHEMBL790,CHLORHEXIDINE,True,oxidative_stress,pathway,"Compound annotation contains keyword 'True' (or related pathway term), suggesting relevance to MSD node oxidative_stress.",source: specs_annotated_unified.csv; ChEMBL:https://www.ebi.ac.uk/chembl/compound_report_card/CHEMBL790
CHEMBL284616,CHLOROGENIC ACID,True,oxidative_stress,pathway,"Compound annotation contains keyword 'True' (or related pathway term), suggesting relevance to MSD node oxidative_stress.",source: specs_annotated_unified.csv; ChEMBL:https://www.ebi.ac.uk/chembl/compound_report_card/CHEMBL284616
CHEMBL76,CHLOROQUINE,MTOR,mTORC1,target,"Compound annotated with target MTOR, which links to MSD node mTORC1.",source: specs_annotated_unified.csv; ChEMBL:https://www.ebi.ac.uk/chembl/compound_report_card/CHEMBL76
CHEMBL1200761,CHLOROTRIANISENE,True,oxidative_stress,pathway,"Compound annotation contains keyword 'True' (or related pathway term), suggesting relevance to MSD node oxidative_stress.",source: specs_annotated_unified.csv; ChEMBL:https://www.ebi.ac.uk/chembl/compound_report_card/CHEMBL1200761
CHEMBL398440,CHLOROXYLENOL,True,oxidative_stress,pathway,"Compound annotation contains keyword 'True' (or related pathway term), suggesting relevance to MSD node oxidative_stress.",source: specs_annotated_unified.csv; ChEMBL:https://www.ebi.ac.uk/chembl/compound_report_card/CHEMBL398440
CHEMBL71,CHLORPROMAZINE,True,autophagy_flux,pathway,"Compound annotation contains keyword 'True' (or related pathway term), suggesting relevance to MSD node autophagy_flux.",source: specs_annotated_unified.csv; ChEMBL:https://www.ebi.ac.uk/chembl/compound_report_card/CHEMBL71
CHEMBL71,CHLORPROMAZINE,True,oxidative_stress,pathway,"Compound annotation contains keyword 'True' (or related pathway term), suggesting relevance to MSD node oxidative_stress.",source: specs_annotated_unified.csv; ChEMBL:https://www.ebi.ac.uk/chembl/compound_report_card/CHEMBL71
CHEMBL908,CHLORPROTHIXENE,True,oxidative_stress,pathway,"Compound annotation contains keyword 'True' (or related pathway term), suggesting relevance to MSD node oxidative_stress.",source: specs_annotated_unified.csv; ChEMBL:https://www.ebi.ac.uk/chembl/compound_report_card/CHEMBL908
CHEMBL311498,CIANIDANOL,True,oxidative_stress,pathway,"Compound annotation contains keyword 'True' (or related pathway term), suggesting relevance to MSD node oxidative_stress.",source: specs_annotated_unified.csv; ChEMBL:https://www.ebi.ac.uk/chembl/compound_report_card/CHEMBL311498
CHEMBL7002,CIGLITAZONE,True,oxidative_stress,pathway,"Compound annotation contains keyword 'True' (or related pathway term), suggesting relevance to MSD node oxidative_stress.",source: specs_annotated_unified.csv; ChEMBL:https://www.ebi.ac.uk/chembl/compound_report_card/CHEMBL7002
CHEMBL14638,CIPROXIFAN,True,oxidative_stress,pathway,"Compound annotation contains keyword 'True' (or related pathway term), suggesting relevance to MSD node oxidative_stress.",source: specs_annotated_unified.csv; ChEMBL:https://www.ebi.ac.uk/chembl/compound_report_card/CHEMBL14638
CHEMBL325109,CLEBOPRIDE,True,autophagy_flux,pathway,"Compound annotation contains keyword 'True' (or related pathway term), suggesting relevance to MSD node autophagy_flux.",source: specs_annotated_unified.csv; ChEMBL:https://www.ebi.ac.uk/chembl/compound_report_card/CHEMBL325109
CHEMBL497,CLIOQUINOL,True,oxidative_stress,pathway,"Compound annotation contains keyword 'True' (or related pathway term), suggesting relevance to MSD node oxidative_stress.",source: specs_annotated_unified.csv; ChEMBL:https://www.ebi.ac.uk/chembl/compound_report_card/CHEMBL497
CHEMBL1476605,CLOFOCTOL,True,oxidative_stress,pathway,"Compound annotation contains keyword 'True' (or related pathway term), suggesting relevance to MSD node oxidative_stress.",source: specs_annotated_unified.csv; ChEMBL:https://www.ebi.ac.uk/chembl/compound_report_card/CHEMBL1476605
CHEMBL12131,CLOSANTEL,True,oxidative_stress,pathway,"Compound annotation contains keyword 'True' (or related pathway term), suggesting relevance to MSD node oxidative_stress.",source: specs_annotated_unified.csv; ChEMBL:https://www.ebi.ac.uk/chembl/compound_report_card/CHEMBL12131
CHEMBL179242,nan,MTOR,mTORC1,target,"Compound annotated with target MTOR, which links to MSD node mTORC1.",source: specs_annotated_unified.csv; ChEMBL:https://www.ebi.ac.uk/chembl/compound_report_card/CHEMBL179242
CHEMBL3218576,COPANLISIB,MTOR,mTORC1,target,"Compound annotated with target MTOR, which links to MSD node mTORC1.",source: specs_annotated_unified.csv; ChEMBL:https://www.ebi.ac.uk/chembl/compound_report_card/CHEMBL3218576
CHEMBL391533,COROSOLIC ACID,True,oxidative_stress,pathway,"Compound annotation contains keyword 'True' (or related pathway term), suggesting relevance to MSD node oxidative_stress.",source: specs_annotated_unified.csv; ChEMBL:https://www.ebi.ac.uk/chembl/compound_report_card/CHEMBL391533
CHEMBL6466,COUMARIN,True,oxidative_stress,pathway,"Compound annotation contains keyword 'True' (or related pathway term), suggesting relevance to MSD node oxidative_stress.",source: specs_annotated_unified.csv; ChEMBL:https://www.ebi.ac.uk/chembl/compound_report_card/CHEMBL6466
CHEMBL2105728,CRENOLANIB,True,oxidative_stress,moa,"Compound annotation contains keyword 'True' (or related pathway term), suggesting relevance to MSD node oxidative_stress.",source: specs_annotated_unified.csv; ChEMBL:https://www.ebi.ac.uk/chembl/compound_report_card/CHEMBL2105728
CHEMBL1825141,nan,True,oxidative_stress,pathway,"Compound annotation contains keyword 'True' (or related pathway term), suggesting relevance to MSD node oxidative_stress.",source: specs_annotated_unified.csv; ChEMBL:https://www.ebi.ac.uk/chembl/compound_report_card/CHEMBL1825141
CHEMBL140,CURCUMIN,True,oxidative_stress,pathway,"Compound annotation contains keyword 'True' (or related pathway term), suggesting relevance to MSD node oxidative_stress.",source: specs_annotated_unified.csv; ChEMBL:https://www.ebi.ac.uk/chembl/compound_report_card/CHEMBL140
CHEMBL669,CYCLOBENZAPRINE,True,oxidative_stress,pathway,"Compound annotation contains keyword 'True' (or related pathway term), suggesting relevance to MSD node oxidative_stress.",source: specs_annotated_unified.csv; ChEMBL:https://www.ebi.ac.uk/chembl/compound_report_card/CHEMBL669
CHEMBL123292,CYCLOHEXIMIDE,True,autophagy_flux,pathway,"Compound annotation contains keyword 'True' (or related pathway term), suggesting relevance to MSD node autophagy_flux.",source: specs_annotated_unified.csv; ChEMBL:https://www.ebi.ac.uk/chembl/compound_report_card/CHEMBL123292
CHEMBL160,CYCLOSPORINE,True,autophagy_flux,pathway,"Compound annotation contains keyword 'True' (or related pathway term), suggesting relevance to MSD node autophagy_flux.",source: specs_annotated_unified.csv; ChEMBL:https://www.ebi.ac.uk/chembl/compound_report_card/CHEMBL160
CHEMBL1078178,MOMELOTINIB,True,oxidative_stress,moa,"Compound annotation contains keyword 'True' (or related pathway term), suggesting relevance to MSD node oxidative_stress.",source: specs_annotated_unified.csv; ChEMBL:https://www.ebi.ac.uk/chembl/compound_report_card/CHEMBL1078178
CHEMBL2028663,DABRAFENIB,True,ER_proteostasis,pathway,"Compound annotation contains keyword 'True' (or related pathway term), suggesting relevance to MSD node ER_proteostasis.",source: specs_annotated_unified.csv; ChEMBL:https://www.ebi.ac.uk/chembl/compound_report_card/CHEMBL2028663
CHEMBL2028663,DABRAFENIB,True,oxidative_stress,pathway,"Compound annotation contains keyword 'True' (or related pathway term), suggesting relevance to MSD node oxidative_stress.",source: specs_annotated_unified.csv; ChEMBL:https://www.ebi.ac.uk/chembl/compound_report_card/CHEMBL2028663
CHEMBL2110732,DACOMITINIB ANHYDROUS,True,oxidative_stress,moa,"Compound annotation contains keyword 'True' (or related pathway term), suggesting relevance to MSD node oxidative_stress.",source: specs_annotated_unified.csv; ChEMBL:https://www.ebi.ac.uk/chembl/compound_report_card/CHEMBL2110732
CHEMBL402548,DANUSERTIB,True,oxidative_stress,pathway,"Compound annotation contains keyword 'True' (or related pathway term), suggesting relevance to MSD node oxidative_stress.",source: specs_annotated_unified.csv; ChEMBL:https://www.ebi.ac.uk/chembl/compound_report_card/CHEMBL402548
CHEMBL1421,DASATINIB ANHYDROUS,True,oxidative_stress,moa,"Compound annotation contains keyword 'True' (or related pathway term), suggesting relevance to MSD node oxidative_stress.",source: specs_annotated_unified.csv; ChEMBL:https://www.ebi.ac.uk/chembl/compound_report_card/CHEMBL1421
CHEMBL178,DAUNORUBICIN,True,oxidative_stress,pathway,"Compound annotation contains keyword 'True' (or related pathway term), suggesting relevance to MSD node oxidative_stress.",source: specs_annotated_unified.csv; ChEMBL:https://www.ebi.ac.uk/chembl/compound_report_card/CHEMBL178
CHEMBL3039513,DECERNOTINIB,True,oxidative_stress,moa,"Compound annotation contains keyword 'True' (or related pathway term), suggesting relevance to MSD node oxidative_stress.",source: specs_annotated_unified.csv; ChEMBL:https://www.ebi.ac.uk/chembl/compound_report_card/CHEMBL3039513
CHEMBL3137331,DEFACTINIB,True,oxidative_stress,moa,"Compound annotation contains keyword 'True' (or related pathway term), suggesting relevance to MSD node oxidative_stress.",source: specs_annotated_unified.csv; ChEMBL:https://www.ebi.ac.uk/chembl/compound_report_card/CHEMBL3137331
CHEMBL333826,DEQUALINIUM,True,oxidative_stress,pathway,"Compound annotation contains keyword 'True' (or related pathway term), suggesting relevance to MSD node oxidative_stress.",source: specs_annotated_unified.csv; ChEMBL:https://www.ebi.ac.uk/chembl/compound_report_card/CHEMBL333826
CHEMBL28636,DERACOXIB,True,oxidative_stress,pathway,"Compound annotation contains keyword 'True' (or related pathway term), suggesting relevance to MSD node oxidative_stress.",source: specs_annotated_unified.csv; ChEMBL:https://www.ebi.ac.uk/chembl/compound_report_card/CHEMBL28636
CHEMBL1738,DEXRAZOXANE,True,oxidative_stress,pathway,"Compound annotation contains keyword 'True' (or related pathway term), suggesting relevance to MSD node oxidative_stress.",source: specs_annotated_unified.csv; ChEMBL:https://www.ebi.ac.uk/chembl/compound_report_card/CHEMBL1738
CHEMBL3137322,DIANHYDROGALACTITOL,True,oxidative_stress,moa,"Compound annotation contains keyword 'True' (or related pathway term), suggesting relevance to MSD node oxidative_stress.",source: specs_annotated_unified.csv; ChEMBL:https://www.ebi.ac.uk/chembl/compound_report_card/CHEMBL3137322
CHEMBL12,DIAZEPAM,True,autophagy_flux,pathway,"Compound annotation contains keyword 'True' (or related pathway term), suggesting relevance to MSD node autophagy_flux.",source: specs_annotated_unified.csv; ChEMBL:https://www.ebi.ac.uk/chembl/compound_report_card/CHEMBL12
CHEMBL139,DICLOFENAC,True,oxidative_stress,pathway,"Compound annotation contains keyword 'True' (or related pathway term), suggesting relevance to MSD node oxidative_stress.",source: specs_annotated_unified.csv; ChEMBL:https://www.ebi.ac.uk/chembl/compound_report_card/CHEMBL139
CHEMBL17,DICHLORPHENAMIDE,True,oxidative_stress,pathway,"Compound annotation contains keyword 'True' (or related pathway term), suggesting relevance to MSD node oxidative_stress.",source: specs_annotated_unified.csv; ChEMBL:https://www.ebi.ac.uk/chembl/compound_report_card/CHEMBL17
CHEMBL411,DIETHYLSTILBESTROL,True,autophagy_flux,pathway,"Compound annotation contains keyword 'True' (or related pathway term), suggesting relevance to MSD node autophagy_flux.",source: specs_annotated_unified.csv; ChEMBL:https://www.ebi.ac.uk/chembl/compound_report_card/CHEMBL411
CHEMBL411,DIETHYLSTILBESTROL,True,oxidative_stress,pathway,"Compound annotation contains keyword 'True' (or related pathway term), suggesting relevance to MSD node oxidative_stress.",source: specs_annotated_unified.csv; ChEMBL:https://www.ebi.ac.uk/chembl/compound_report_card/CHEMBL411
CHEMBL548,DINOPROSTONE,True,oxidative_stress,moa,"Compound annotation contains keyword 'True' (or related pathway term), suggesting relevance to MSD node oxidative_stress.",source: specs_annotated_unified.csv; ChEMBL:https://www.ebi.ac.uk/chembl/compound_report_card/CHEMBL548
CHEMBL932,DIPYRIDAMOLE,True,autophagy_flux,pathway,"Compound annotation contains keyword 'True' (or related pathway term), suggesting relevance to MSD node autophagy_flux.",source: specs_annotated_unified.csv; ChEMBL:https://www.ebi.ac.uk/chembl/compound_report_card/CHEMBL932
CHEMBL926,DOBUTAMINE,True,oxidative_stress,pathway,"Compound annotation contains keyword 'True' (or related pathway term), suggesting relevance to MSD node oxidative_stress.",source: specs_annotated_unified.csv; ChEMBL:https://www.ebi.ac.uk/chembl/compound_report_card/CHEMBL926
CHEMBL1742428,DONITRIPTAN,True,oxidative_stress,pathway,"Compound annotation contains keyword 'True' (or related pathway term), suggesting relevance to MSD node oxidative_stress.",source: specs_annotated_unified.csv; ChEMBL:https://www.ebi.ac.uk/chembl/compound_report_card/CHEMBL1742428
CHEMBL59,DOPAMINE,True,oxidative_stress,pathway,"Compound annotation contains keyword 'True' (or related pathway term), suggesting relevance to MSD node oxidative_stress.",source: specs_annotated_unified.csv; ChEMBL:https://www.ebi.ac.uk/chembl/compound_report_card/CHEMBL59
CHEMBL103667,DORAMAPIMOD,True,oxidative_stress,pathway,"Compound annotation contains keyword 'True' (or related pathway term), suggesting relevance to MSD node oxidative_stress.",source: specs_annotated_unified.csv; ChEMBL:https://www.ebi.ac.uk/chembl/compound_report_card/CHEMBL103667
CHEMBL478629,DORSOMORPHIN,True,oxidative_stress,pathway,"Compound annotation contains keyword 'True' (or related pathway term), suggesting relevance to MSD node oxidative_stress.",source: specs_annotated_unified.csv; ChEMBL:https://www.ebi.ac.uk/chembl/compound_report_card/CHEMBL478629
CHEMBL218490,DORZOLAMIDE,True,oxidative_stress,pathway,"Compound annotation contains keyword 'True' (or related pathway term), suggesting relevance to MSD node oxidative_stress.",source: specs_annotated_unified.csv; ChEMBL:https://www.ebi.ac.uk/chembl/compound_report_card/CHEMBL218490
CHEMBL551978,DROTAVERINE,True,oxidative_stress,pathway,"Compound annotation contains keyword 'True' (or related pathway term), suggesting relevance to MSD node oxidative_stress.",source: specs_annotated_unified.csv; ChEMBL:https://www.ebi.ac.uk/chembl/compound_report_card/CHEMBL551978
CHEMBL305660,EBASTINE,True,oxidative_stress,pathway,"Compound annotation contains keyword 'True' (or related pathway term), suggesting relevance to MSD node oxidative_stress.",source: specs_annotated_unified.csv; ChEMBL:https://www.ebi.ac.uk/chembl/compound_report_card/CHEMBL305660
CHEMBL2110588,ELIGLUSTAT,True,oxidative_stress,pathway,"Compound annotation contains keyword 'True' (or related pathway term), suggesting relevance to MSD node oxidative_stress.",source: specs_annotated_unified.csv; ChEMBL:https://www.ebi.ac.uk/chembl/compound_report_card/CHEMBL2110588
CHEMBL6246,ELLAGIC ACID,True,oxidative_stress,pathway,"Compound annotation contains keyword 'True' (or related pathway term), suggesting relevance to MSD node oxidative_stress.",source: specs_annotated_unified.csv; ChEMBL:https://www.ebi.ac.uk/chembl/compound_report_card/CHEMBL6246
CHEMBL221137,EMBELIN,True,oxidative_stress,pathway,"Compound annotation contains keyword 'True' (or related pathway term), suggesting relevance to MSD node oxidative_stress.",source: specs_annotated_unified.csv; ChEMBL:https://www.ebi.ac.uk/chembl/compound_report_card/CHEMBL221137
CHEMBL289277,EMODIN,True,oxidative_stress,pathway,"Compound annotation contains keyword 'True' (or related pathway term), suggesting relevance to MSD node oxidative_stress.",source: specs_annotated_unified.csv; ChEMBL:https://www.ebi.ac.uk/chembl/compound_report_card/CHEMBL289277
CHEMBL3989908,ENASIDENIB,True,oxidative_stress,pathway,"Compound annotation contains keyword 'True' (or related pathway term), suggesting relevance to MSD node oxidative_stress.",source: specs_annotated_unified.csv; ChEMBL:https://www.ebi.ac.uk/chembl/compound_report_card/CHEMBL3989908
CHEMBL230006,ENOXOLONE,True,oxidative_stress,pathway,"Compound annotation contains keyword 'True' (or related pathway term), suggesting relevance to MSD node oxidative_stress.",source: specs_annotated_unified.csv; ChEMBL:https://www.ebi.ac.uk/chembl/compound_report_card/CHEMBL230006
CHEMBL953,ENTACAPONE,True,oxidative_stress,pathway,"Compound annotation contains keyword 'True' (or related pathway term), suggesting relevance to MSD node oxidative_stress.",source: specs_annotated_unified.csv; ChEMBL:https://www.ebi.ac.uk/chembl/compound_report_card/CHEMBL953
CHEMBL1983268,ENTRECTINIB,True,oxidative_stress,moa,"Compound annotation contains keyword 'True' (or related pathway term), suggesting relevance to MSD node oxidative_stress.",source: specs_annotated_unified.csv; ChEMBL:https://www.ebi.ac.uk/chembl/compound_report_card/CHEMBL1983268
CHEMBL300138,ENZASTAURIN,True,oxidative_stress,pathway,"Compound annotation contains keyword 'True' (or related pathway term), suggesting relevance to MSD node oxidative_stress.",source: specs_annotated_unified.csv; ChEMBL:https://www.ebi.ac.uk/chembl/compound_report_card/CHEMBL300138
CHEMBL36327,EPICATECHIN GALLATE,True,oxidative_stress,pathway,"Compound annotation contains keyword 'True' (or related pathway term), suggesting relevance to MSD node oxidative_stress.",source: specs_annotated_unified.csv; ChEMBL:https://www.ebi.ac.uk/chembl/compound_report_card/CHEMBL36327
CHEMBL297453,EPIGALOCATECHIN GALLATE,MTOR,mTORC1,target,"Compound annotated with target MTOR, which links to MSD node mTORC1.",source: specs_annotated_unified.csv; ChEMBL:https://www.ebi.ac.uk/chembl/compound_report_card/CHEMBL297453
CHEMBL297453,EPIGALOCATECHIN GALLATE,True,oxidative_stress,pathway,"Compound annotation contains keyword 'True' (or related pathway term), suggesting relevance to MSD node oxidative_stress.",source: specs_annotated_unified.csv; ChEMBL:https://www.ebi.ac.uk/chembl/compound_report_card/CHEMBL297453
CHEMBL679,EPINEPHRINE,True,oxidative_stress,pathway,"Compound annotation contains keyword 'True' (or related pathway term), suggesting relevance to MSD node oxidative_stress.",source: specs_annotated_unified.csv; ChEMBL:https://www.ebi.ac.uk/chembl/compound_report_card/CHEMBL679
CHEMBL553,ERLOTINIB,True,oxidative_stress,pathway,"Compound annotation contains keyword 'True' (or related pathway term), suggesting relevance to MSD node oxidative_stress.",source: specs_annotated_unified.csv; ChEMBL:https://www.ebi.ac.uk/chembl/compound_report_card/CHEMBL553
CHEMBL532,ERYTHROMYCIN,True,oxidative_stress,pathway,"Compound annotation contains keyword 'True' (or related pathway term), suggesting relevance to MSD node oxidative_stress.",source: specs_annotated_unified.csv; ChEMBL:https://www.ebi.ac.uk/chembl/compound_report_card/CHEMBL532
CHEMBL135,ESTRADIOL,True,oxidative_stress,pathway,"Compound annotation contains keyword 'True' (or related pathway term), suggesting relevance to MSD node oxidative_stress.",source: specs_annotated_unified.csv; ChEMBL:https://www.ebi.ac.uk/chembl/compound_report_card/CHEMBL135
CHEMBL1200973,ESTRADIOL CYPIONATE,True,oxidative_stress,pathway,"Compound annotation contains keyword 'True' (or related pathway term), suggesting relevance to MSD node oxidative_stress.",source: specs_annotated_unified.csv; ChEMBL:https://www.ebi.ac.uk/chembl/compound_report_card/CHEMBL1200973
CHEMBL1756,ESTRAMUSTINE PHOSPHATE,True,oxidative_stress,pathway,"Compound annotation contains keyword 'True' (or related pathway term), suggesting relevance to MSD node oxidative_stress.",source: specs_annotated_unified.csv; ChEMBL:https://www.ebi.ac.uk/chembl/compound_report_card/CHEMBL1756
CHEMBL1441,ETHIONAMIDE,True,oxidative_stress,pathway,"Compound annotation contains keyword 'True' (or related pathway term), suggesting relevance to MSD node oxidative_stress.",source: specs_annotated_unified.csv; ChEMBL:https://www.ebi.ac.uk/chembl/compound_report_card/CHEMBL1441
CHEMBL241694,ETHISTERONE,True,oxidative_stress,pathway,"Compound annotation contains keyword 'True' (or related pathway term), suggesting relevance to MSD node oxidative_stress.",source: specs_annotated_unified.csv; ChEMBL:https://www.ebi.ac.uk/chembl/compound_report_card/CHEMBL241694
CHEMBL18,ETHOXZOLAMIDE,True,oxidative_stress,pathway,"Compound annotation contains keyword 'True' (or related pathway term), suggesting relevance to MSD node oxidative_stress.",source: specs_annotated_unified.csv; ChEMBL:https://www.ebi.ac.uk/chembl/compound_report_card/CHEMBL18
CHEMBL1200624,ETHYNODIOL DIACETATE,True,oxidative_stress,pathway,"Compound annotation contains keyword 'True' (or related pathway term), suggesting relevance to MSD node oxidative_stress.",source: specs_annotated_unified.csv; ChEMBL:https://www.ebi.ac.uk/chembl/compound_report_card/CHEMBL1200624
CHEMBL1289779,ETIZOLAM,True,autophagy_flux,pathway,"Compound annotation contains keyword 'True' (or related pathway term), suggesting relevance to MSD node autophagy_flux.",source: specs_annotated_unified.csv; ChEMBL:https://www.ebi.ac.uk/chembl/compound_report_card/CHEMBL1289779
CHEMBL622,ETODOLAC,True,oxidative_stress,pathway,"Compound annotation contains keyword 'True' (or related pathway term), suggesting relevance to MSD node oxidative_stress.",source: specs_annotated_unified.csv; ChEMBL:https://www.ebi.ac.uk/chembl/compound_report_card/CHEMBL622
CHEMBL416146,ETORICOXIB,True,oxidative_stress,pathway,"Compound annotation contains keyword 'True' (or related pathway term), suggesting relevance to MSD node oxidative_stress.",source: specs_annotated_unified.csv; ChEMBL:https://www.ebi.ac.uk/chembl/compound_report_card/CHEMBL416146
CHEMBL563646,EVATANEPAG,True,oxidative_stress,moa,"Compound annotation contains keyword 'True' (or related pathway term), suggesting relevance to MSD node oxidative_stress.",source: specs_annotated_unified.csv; ChEMBL:https://www.ebi.ac.uk/chembl/compound_report_card/CHEMBL563646
CHEMBL1138,EZETIMIBE,True,oxidative_stress,pathway,"Compound annotation contains keyword 'True' (or related pathway term), suggesting relevance to MSD node oxidative_stress.",source: specs_annotated_unified.csv; ChEMBL:https://www.ebi.ac.uk/chembl/compound_report_card/CHEMBL1138
CHEMBL108084,FAGOMINE,True,oxidative_stress,pathway,"Compound annotation contains keyword 'True' (or related pathway term), suggesting relevance to MSD node oxidative_stress.",source: specs_annotated_unified.csv; ChEMBL:https://www.ebi.ac.uk/chembl/compound_report_card/CHEMBL108084
CHEMBL1287853,FEDRATINIB,True,oxidative_stress,moa,"Compound annotation contains keyword 'True' (or related pathway term), suggesting relevance to MSD node oxidative_stress.",source: specs_annotated_unified.csv; ChEMBL:https://www.ebi.ac.uk/chembl/compound_report_card/CHEMBL1287853
CHEMBL277522,FENBUFEN,True,oxidative_stress,pathway,"Compound annotation contains keyword 'True' (or related pathway term), suggesting relevance to MSD node oxidative_stress.",source: specs_annotated_unified.csv; ChEMBL:https://www.ebi.ac.uk/chembl/compound_report_card/CHEMBL277522
CHEMBL254832,FENDILINE,True,autophagy_flux,pathway,"Compound annotation contains keyword 'True' (or related pathway term), suggesting relevance to MSD node autophagy_flux.",source: specs_annotated_unified.csv; ChEMBL:https://www.ebi.ac.uk/chembl/compound_report_card/CHEMBL254832
CHEMBL1297,FENOPROFEN,True,oxidative_stress,pathway,"Compound annotation contains keyword 'True' (or related pathway term), suggesting relevance to MSD node oxidative_stress.",source: specs_annotated_unified.csv; ChEMBL:https://www.ebi.ac.uk/chembl/compound_report_card/CHEMBL1297
CHEMBL7301,FENRETINIDE,True,oxidative_stress,pathway,"Compound annotation contains keyword 'True' (or related pathway term), suggesting relevance to MSD node oxidative_stress.",source: specs_annotated_unified.csv; ChEMBL:https://www.ebi.ac.uk/chembl/compound_report_card/CHEMBL7301
CHEMBL589092,FENTIAZAC,True,oxidative_stress,pathway,"Compound annotation contains keyword 'True' (or related pathway term), suggesting relevance to MSD node oxidative_stress.",source: specs_annotated_unified.csv; ChEMBL:https://www.ebi.ac.uk/chembl/compound_report_card/CHEMBL589092
CHEMBL3301607,FILGOTINIB,True,oxidative_stress,moa,"Compound annotation contains keyword 'True' (or related pathway term), suggesting relevance to MSD node oxidative_stress.",source: specs_annotated_unified.csv; ChEMBL:https://www.ebi.ac.uk/chembl/compound_report_card/CHEMBL3301607
CHEMBL69998,FIROCOXIB,True,oxidative_stress,pathway,"Compound annotation contains keyword 'True' (or related pathway term), suggesting relevance to MSD node oxidative_stress.",source: specs_annotated_unified.csv; ChEMBL:https://www.ebi.ac.uk/chembl/compound_report_card/CHEMBL69998
CHEMBL1454946,FLUBENDAZOLE,True,oxidative_stress,pathway,"Compound annotation contains keyword 'True' (or related pathway term), suggesting relevance to MSD node oxidative_stress.",source: specs_annotated_unified.csv; ChEMBL:https://www.ebi.ac.uk/chembl/compound_report_card/CHEMBL1454946
CHEMBL23588,FLUFENAMIC ACID,True,oxidative_stress,pathway,"Compound annotation contains keyword 'True' (or related pathway term), suggesting relevance to MSD node oxidative_stress.",source: specs_annotated_unified.csv; ChEMBL:https://www.ebi.ac.uk/chembl/compound_report_card/CHEMBL23588
CHEMBL3545413,FLUMATINIB,True,oxidative_stress,moa,"Compound annotation contains keyword 'True' (or related pathway term), suggesting relevance to MSD node oxidative_stress.",source: specs_annotated_unified.csv; ChEMBL:https://www.ebi.ac.uk/chembl/compound_report_card/CHEMBL3545413
CHEMBL407,FLUMAZENIL,True,autophagy_flux,pathway,"Compound annotation contains keyword 'True' (or related pathway term), suggesting relevance to MSD node autophagy_flux.",source: specs_annotated_unified.csv; ChEMBL:https://www.ebi.ac.uk/chembl/compound_report_card/CHEMBL407
CHEMBL726,FLUPHENAZINE,True,oxidative_stress,pathway,"Compound annotation contains keyword 'True' (or related pathway term), suggesting relevance to MSD node oxidative_stress.",source: specs_annotated_unified.csv; ChEMBL:https://www.ebi.ac.uk/chembl/compound_report_card/CHEMBL726
CHEMBL255044,FLUPIRTINE,True,oxidative_stress,pathway,"Compound annotation contains keyword 'True' (or related pathway term), suggesting relevance to MSD node oxidative_stress.",source: specs_annotated_unified.csv; ChEMBL:https://www.ebi.ac.uk/chembl/compound_report_card/CHEMBL255044
CHEMBL563,FLURBIPROFEN,True,oxidative_stress,pathway,"Compound annotation contains keyword 'True' (or related pathway term), suggesting relevance to MSD node oxidative_stress.",source: specs_annotated_unified.csv; ChEMBL:https://www.ebi.ac.uk/chembl/compound_report_card/CHEMBL563
CHEMBL1622,FOLIC ACID,True,oxidative_stress,pathway,"Compound annotation contains keyword 'True' (or related pathway term), suggesting relevance to MSD node oxidative_stress.",source: specs_annotated_unified.csv; ChEMBL:https://www.ebi.ac.uk/chembl/compound_report_card/CHEMBL1622
CHEMBL1230609,FORETINIB,True,autophagy_flux,pathway,"Compound annotation contains keyword 'True' (or related pathway term), suggesting relevance to MSD node autophagy_flux.",source: specs_annotated_unified.csv; ChEMBL:https://www.ebi.ac.uk/chembl/compound_report_card/CHEMBL1230609
CHEMBL1230609,FORETINIB,True,oxidative_stress,moa,"Compound annotation contains keyword 'True' (or related pathway term), suggesting relevance to MSD node oxidative_stress.",source: specs_annotated_unified.csv; ChEMBL:https://www.ebi.ac.uk/chembl/compound_report_card/CHEMBL1230609
CHEMBL24057,FURAMIDINE,True,oxidative_stress,pathway,"Compound annotation contains keyword 'True' (or related pathway term), suggesting relevance to MSD node oxidative_stress.",source: specs_annotated_unified.csv; ChEMBL:https://www.ebi.ac.uk/chembl/compound_report_card/CHEMBL24057
CHEMBL5305342,GAMBOGIC ACID,True,oxidative_stress,pathway,"Compound annotation contains keyword 'True' (or related pathway term), suggesting relevance to MSD node oxidative_stress.",source: specs_annotated_unified.csv; ChEMBL:https://www.ebi.ac.uk/chembl/compound_report_card/CHEMBL5305342
CHEMBL464982,GAMOLENIC ACID,True,oxidative_stress,pathway,"Compound annotation contains keyword 'True' (or related pathway term), suggesting relevance to MSD node oxidative_stress.",source: specs_annotated_unified.csv; ChEMBL:https://www.ebi.ac.uk/chembl/compound_report_card/CHEMBL464982
CHEMBL939,GEFITINIB,True,oxidative_stress,pathway,"Compound annotation contains keyword 'True' (or related pathway term), suggesting relevance to MSD node oxidative_stress.",source: specs_annotated_unified.csv; ChEMBL:https://www.ebi.ac.uk/chembl/compound_report_card/CHEMBL939
CHEMBL44,GENISTEIN,True,oxidative_stress,pathway,"Compound annotation contains keyword 'True' (or related pathway term), suggesting relevance to MSD node oxidative_stress.",source: specs_annotated_unified.csv; ChEMBL:https://www.ebi.ac.uk/chembl/compound_report_card/CHEMBL44
CHEMBL1213583,GESTODENE,True,autophagy_flux,pathway,"Compound annotation contains keyword 'True' (or related pathway term), suggesting relevance to MSD node autophagy_flux.",source: specs_annotated_unified.csv; ChEMBL:https://www.ebi.ac.uk/chembl/compound_report_card/CHEMBL1213583
CHEMBL1868702,GESTRINONE,True,autophagy_flux,pathway,"Compound annotation contains keyword 'True' (or related pathway term), suggesting relevance to MSD node autophagy_flux.",source: specs_annotated_unified.csv; ChEMBL:https://www.ebi.ac.uk/chembl/compound_report_card/CHEMBL1868702
CHEMBL3301622,GILTERITINIB,True,autophagy_flux,pathway,"Compound annotation contains keyword 'True' (or related pathway term), suggesting relevance to MSD node autophagy_flux.",source: specs_annotated_unified.csv; ChEMBL:https://www.ebi.ac.uk/chembl/compound_report_card/CHEMBL3301622
CHEMBL3301622,GILTERITINIB,True,oxidative_stress,moa,"Compound annotation contains keyword 'True' (or related pathway term), suggesting relevance to MSD node oxidative_stress.",source: specs_annotated_unified.csv; ChEMBL:https://www.ebi.ac.uk/chembl/compound_report_card/CHEMBL3301622
CHEMBL146095,GLAFENINE,True,autophagy_flux,pathway,"Compound annotation contains keyword 'True' (or related pathway term), suggesting relevance to MSD node autophagy_flux.",source: specs_annotated_unified.csv; ChEMBL:https://www.ebi.ac.uk/chembl/compound_report_card/CHEMBL146095
CHEMBL146095,GLAFENINE,True,oxidative_stress,pathway,"Compound annotation contains keyword 'True' (or related pathway term), suggesting relevance to MSD node oxidative_stress.",source: specs_annotated_unified.csv; ChEMBL:https://www.ebi.ac.uk/chembl/compound_report_card/CHEMBL146095
CHEMBL1543,GLUTATHIONE,True,oxidative_stress,pathway,"Compound annotation contains keyword 'True' (or related pathway term), suggesting relevance to MSD node oxidative_stress.",source: specs_annotated_unified.csv; ChEMBL:https://www.ebi.ac.uk/chembl/compound_report_card/CHEMBL1543
CHEMBL3039525,GOLVATINIB,True,oxidative_stress,pathway,"Compound annotation contains keyword 'True' (or related pathway term), suggesting relevance to MSD node oxidative_stress.",source: specs_annotated_unified.csv; ChEMBL:https://www.ebi.ac.uk/chembl/compound_report_card/CHEMBL3039525
CHEMBL3039498,GRAPIPRANT,True,oxidative_stress,moa,"Compound annotation contains keyword 'True' (or related pathway term), suggesting relevance to MSD node oxidative_stress.",source: specs_annotated_unified.csv; ChEMBL:https://www.ebi.ac.uk/chembl/compound_report_card/CHEMBL3039498
CHEMBL420,GUANABENZ,True,oxidative_stress,pathway,"Compound annotation contains keyword 'True' (or related pathway term), suggesting relevance to MSD node oxidative_stress.",source: specs_annotated_unified.csv; ChEMBL:https://www.ebi.ac.uk/chembl/compound_report_card/CHEMBL420
CHEMBL862,GUANFACINE,True,oxidative_stress,pathway,"Compound annotation contains keyword 'True' (or related pathway term), suggesting relevance to MSD node oxidative_stress.",source: specs_annotated_unified.csv; ChEMBL:https://www.ebi.ac.uk/chembl/compound_report_card/CHEMBL862
CHEMBL54,HALOPERIDOL,True,autophagy_flux,pathway,"Compound annotation contains keyword 'True' (or related pathway term), suggesting relevance to MSD node autophagy_flux.",source: specs_annotated_unified.csv; ChEMBL:https://www.ebi.ac.uk/chembl/compound_report_card/CHEMBL54
CHEMBL54,HALOPERIDOL,True,oxidative_stress,pathway,"Compound annotation contains keyword 'True' (or related pathway term), suggesting relevance to MSD node oxidative_stress.",source: specs_annotated_unified.csv; ChEMBL:https://www.ebi.ac.uk/chembl/compound_report_card/CHEMBL54
CHEMBL12014,HARMAN,True,oxidative_stress,pathway,"Compound annotation contains keyword 'True' (or related pathway term), suggesting relevance to MSD node oxidative_stress.",source: specs_annotated_unified.csv; ChEMBL:https://www.ebi.ac.uk/chembl/compound_report_card/CHEMBL12014
CHEMBL477197,HEMATOXYLIN,True,oxidative_stress,pathway,"Compound annotation contains keyword 'True' (or related pathway term), suggesting relevance to MSD node oxidative_stress.",source: specs_annotated_unified.csv; ChEMBL:https://www.ebi.ac.uk/chembl/compound_report_card/CHEMBL477197
CHEMBL514409,HESPERADIN,True,oxidative_stress,pathway,"Compound annotation contains keyword 'True' (or related pathway term), suggesting relevance to MSD node oxidative_stress.",source: specs_annotated_unified.csv; ChEMBL:https://www.ebi.ac.uk/chembl/compound_report_card/CHEMBL514409
CHEMBL399121,HESPERETIN,True,oxidative_stress,pathway,"Compound annotation contains keyword 'True' (or related pathway term), suggesting relevance to MSD node oxidative_stress.",source: specs_annotated_unified.csv; ChEMBL:https://www.ebi.ac.uk/chembl/compound_report_card/CHEMBL399121
CHEMBL496,HEXACHLOROPHENE,True,ER_proteostasis,pathway,"Compound annotation contains keyword 'True' (or related pathway term), suggesting relevance to MSD node ER_proteostasis.",source: specs_annotated_unified.csv; ChEMBL:https://www.ebi.ac.uk/chembl/compound_report_card/CHEMBL496
CHEMBL496,HEXACHLOROPHENE,True,oxidative_stress,pathway,"Compound annotation contains keyword 'True' (or related pathway term), suggesting relevance to MSD node oxidative_stress.",source: specs_annotated_unified.csv; ChEMBL:https://www.ebi.ac.uk/chembl/compound_report_card/CHEMBL496
CHEMBL1201784,HEXAMINOLEVULINATE,True,oxidative_stress,pathway,"Compound annotation contains keyword 'True' (or related pathway term), suggesting relevance to MSD node oxidative_stress.",source: specs_annotated_unified.csv; ChEMBL:https://www.ebi.ac.uk/chembl/compound_report_card/CHEMBL1201784
CHEMBL443605,HEXYLRESORCINOL,True,oxidative_stress,pathway,"Compound annotation contains keyword 'True' (or related pathway term), suggesting relevance to MSD node oxidative_stress.",source: specs_annotated_unified.csv; ChEMBL:https://www.ebi.ac.uk/chembl/compound_report_card/CHEMBL443605
CHEMBL16901,HONOKIOL,True,oxidative_stress,pathway,"Compound annotation contains keyword 'True' (or related pathway term), suggesting relevance to MSD node oxidative_stress.",source: specs_annotated_unified.csv; ChEMBL:https://www.ebi.ac.uk/chembl/compound_report_card/CHEMBL16901
CHEMBL276832,HYDRALAZINE,True,oxidative_stress,pathway,"Compound annotation contains keyword 'True' (or related pathway term), suggesting relevance to MSD node oxidative_stress.",source: specs_annotated_unified.csv; ChEMBL:https://www.ebi.ac.uk/chembl/compound_report_card/CHEMBL276832
CHEMBL435,HYDROCHLOROTHIAZIDE,True,oxidative_stress,pathway,"Compound annotation contains keyword 'True' (or related pathway term), suggesting relevance to MSD node oxidative_stress.",source: specs_annotated_unified.csv; ChEMBL:https://www.ebi.ac.uk/chembl/compound_report_card/CHEMBL435
CHEMBL537,HYDROQUINONE,True,oxidative_stress,pathway,"Compound annotation contains keyword 'True' (or related pathway term), suggesting relevance to MSD node oxidative_stress.",source: specs_annotated_unified.csv; ChEMBL:https://www.ebi.ac.uk/chembl/compound_report_card/CHEMBL537
CHEMBL577294,2-HYDROXYPROPYL-BETA-CYCLODEXTRIN,True,oxidative_stress,pathway,"Compound annotation contains keyword 'True' (or related pathway term), suggesting relevance to MSD node oxidative_stress.",source: specs_annotated_unified.csv; ChEMBL:https://www.ebi.ac.uk/chembl/compound_report_card/CHEMBL577294
CHEMBL1873475,IBRUTINIB,True,oxidative_stress,moa,"Compound annotation contains keyword 'True' (or related pathway term), suggesting relevance to MSD node oxidative_stress.",source: specs_annotated_unified.csv; ChEMBL:https://www.ebi.ac.uk/chembl/compound_report_card/CHEMBL1873475
CHEMBL19449,IBUDILAST,True,autophagy_flux,pathway,"Compound annotation contains keyword 'True' (or related pathway term), suggesting relevance to MSD node autophagy_flux.",source: specs_annotated_unified.csv; ChEMBL:https://www.ebi.ac.uk/chembl/compound_report_card/CHEMBL19449
CHEMBL19449,IBUDILAST,True,oxidative_stress,pathway,"Compound annotation contains keyword 'True' (or related pathway term), suggesting relevance to MSD node oxidative_stress.",source: specs_annotated_unified.csv; ChEMBL:https://www.ebi.ac.uk/chembl/compound_report_card/CHEMBL19449
CHEMBL521,IBUPROFEN,True,oxidative_stress,pathway,"Compound annotation contains keyword 'True' (or related pathway term), suggesting relevance to MSD node oxidative_stress.",source: specs_annotated_unified.csv; ChEMBL:https://www.ebi.ac.uk/chembl/compound_report_card/CHEMBL521
CHEMBL252556,IDEBENONE,True,oxidative_stress,moa,"Compound annotation contains keyword 'True' (or related pathway term), suggesting relevance to MSD node oxidative_stress.",source: specs_annotated_unified.csv; ChEMBL:https://www.ebi.ac.uk/chembl/compound_report_card/CHEMBL252556
CHEMBL2216870,IDELALISIB,True,oxidative_stress,pathway,"Compound annotation contains keyword 'True' (or related pathway term), suggesting relevance to MSD node oxidative_stress.",source: specs_annotated_unified.csv; ChEMBL:https://www.ebi.ac.uk/chembl/compound_report_card/CHEMBL2216870
CHEMBL494,ILOPROST,True,oxidative_stress,moa,"Compound annotation contains keyword 'True' (or related pathway term), suggesting relevance to MSD node oxidative_stress.",source: specs_annotated_unified.csv; ChEMBL:https://www.ebi.ac.uk/chembl/compound_report_card/CHEMBL494
CHEMBL941,IMATINIB,True,oxidative_stress,pathway,"Compound annotation contains keyword 'True' (or related pathway term), suggesting relevance to MSD node oxidative_stress.",source: specs_annotated_unified.csv; ChEMBL:https://www.ebi.ac.uk/chembl/compound_report_card/CHEMBL941
CHEMBL4297514,IMEGLIMIN,True,oxidative_stress,moa,"Compound annotation contains keyword 'True' (or related pathway term), suggesting relevance to MSD node oxidative_stress.",source: specs_annotated_unified.csv; ChEMBL:https://www.ebi.ac.uk/chembl/compound_report_card/CHEMBL4297514
CHEMBL406,INDAPAMIDE,True,oxidative_stress,pathway,"Compound annotation contains keyword 'True' (or related pathway term), suggesting relevance to MSD node oxidative_stress.",source: specs_annotated_unified.csv; ChEMBL:https://www.ebi.ac.uk/chembl/compound_report_card/CHEMBL406
CHEMBL262075,INDIPLON,True,autophagy_flux,pathway,"Compound annotation contains keyword 'True' (or related pathway term), suggesting relevance to MSD node autophagy_flux.",source: specs_annotated_unified.csv; ChEMBL:https://www.ebi.ac.uk/chembl/compound_report_card/CHEMBL262075
CHEMBL126077,INDIRUBIN-3-MONOXIME,True,oxidative_stress,pathway,"Compound annotation contains keyword 'True' (or related pathway term), suggesting relevance to MSD node oxidative_stress.",source: specs_annotated_unified.csv; ChEMBL:https://www.ebi.ac.uk/chembl/compound_report_card/CHEMBL126077
CHEMBL6,INDOMETHACIN,True,oxidative_stress,pathway,"Compound annotation contains keyword 'True' (or related pathway term), suggesting relevance to MSD node oxidative_stress.",source: specs_annotated_unified.csv; ChEMBL:https://www.ebi.ac.uk/chembl/compound_report_card/CHEMBL6
CHEMBL15870,INDOPROFEN,True,oxidative_stress,pathway,"Compound annotation contains keyword 'True' (or related pathway term), suggesting relevance to MSD node oxidative_stress.",source: specs_annotated_unified.csv; ChEMBL:https://www.ebi.ac.uk/chembl/compound_report_card/CHEMBL15870
CHEMBL571209,INDOXIMOD,MTOR,mTORC1,moa,"Compound annotation contains keyword 'MTOR' (or related pathway term), suggesting relevance to MSD node mTORC1.",source: specs_annotated_unified.csv; ChEMBL:https://www.ebi.ac.uk/chembl/compound_report_card/CHEMBL571209
CHEMBL86754,IODOQUINOL,True,oxidative_stress,pathway,"Compound annotation contains keyword 'True' (or related pathway term), suggesting relevance to MSD node oxidative_stress.",source: specs_annotated_unified.csv; ChEMBL:https://www.ebi.ac.uk/chembl/compound_report_card/CHEMBL86754
CHEMBL92401,IPRONIAZID,True,oxidative_stress,pathway,"Compound annotation contains keyword 'True' (or related pathway term), suggesting relevance to MSD node oxidative_stress.",source: specs_annotated_unified.csv; ChEMBL:https://www.ebi.ac.uk/chembl/compound_report_card/CHEMBL92401
CHEMBL1571863,ISOCONAZOLE,True,oxidative_stress,pathway,"Compound annotation contains keyword 'True' (or related pathway term), suggesting relevance to MSD node oxidative_stress.",source: specs_annotated_unified.csv; ChEMBL:https://www.ebi.ac.uk/chembl/compound_report_card/CHEMBL1571863
CHEMBL1201213,ISOETHARINE,True,oxidative_stress,pathway,"Compound annotation contains keyword 'True' (or related pathway term), suggesting relevance to MSD node oxidative_stress.",source: specs_annotated_unified.csv; ChEMBL:https://www.ebi.ac.uk/chembl/compound_report_card/CHEMBL1201213
CHEMBL462653,ISOSTEVIOL,True,oxidative_stress,pathway,"Compound annotation contains keyword 'True' (or related pathway term), suggesting relevance to MSD node oxidative_stress.",source: specs_annotated_unified.csv; ChEMBL:https://www.ebi.ac.uk/chembl/compound_report_card/CHEMBL462653
CHEMBL431770,ISTRADEFYLLINE,True,oxidative_stress,pathway,"Compound annotation contains keyword 'True' (or related pathway term), suggesting relevance to MSD node oxidative_stress.",source: specs_annotated_unified.csv; ChEMBL:https://www.ebi.ac.uk/chembl/compound_report_card/CHEMBL431770
CHEMBL3622820,ITACITINIB,True,oxidative_stress,moa,"Compound annotation contains keyword 'True' (or related pathway term), suggesting relevance to MSD node oxidative_stress.",source: specs_annotated_unified.csv; ChEMBL:https://www.ebi.ac.uk/chembl/compound_report_card/CHEMBL3622820
CHEMBL2010601,IVACAFTOR,True,oxidative_stress,moa,"Compound annotation contains keyword 'True' (or related pathway term), suggesting relevance to MSD node oxidative_stress.",source: specs_annotated_unified.csv; ChEMBL:https://www.ebi.ac.uk/chembl/compound_report_card/CHEMBL2010601
CHEMBL150,KAEMPFEROL,True,oxidative_stress,pathway,"Compound annotation contains keyword 'True' (or related pathway term), suggesting relevance to MSD node oxidative_stress.",source: specs_annotated_unified.csv; ChEMBL:https://www.ebi.ac.uk/chembl/compound_report_card/CHEMBL150
CHEMBL296586,KENPAULLONE,True,oxidative_stress,pathway,"Compound annotation contains keyword 'True' (or related pathway term), suggesting relevance to MSD node oxidative_stress.",source: specs_annotated_unified.csv; ChEMBL:https://www.ebi.ac.uk/chembl/compound_report_card/CHEMBL296586
CHEMBL571,KETOPROFEN,True,oxidative_stress,pathway,"Compound annotation contains keyword 'True' (or related pathway term), suggesting relevance to MSD node oxidative_stress.",source: specs_annotated_unified.csv; ChEMBL:https://www.ebi.ac.uk/chembl/compound_report_card/CHEMBL571
CHEMBL469,KETOROLAC,True,oxidative_stress,pathway,"Compound annotation contains keyword 'True' (or related pathway term), suggesting relevance to MSD node oxidative_stress.",source: specs_annotated_unified.csv; ChEMBL:https://www.ebi.ac.uk/chembl/compound_report_card/CHEMBL469
CHEMBL554,LAPATINIB,True,oxidative_stress,pathway,"Compound annotation contains keyword 'True' (or related pathway term), suggesting relevance to MSD node oxidative_stress.",source: specs_annotated_unified.csv; ChEMBL:https://www.ebi.ac.uk/chembl/compound_report_card/CHEMBL554
CHEMBL426559,LAROPIPRANT,True,oxidative_stress,moa,"Compound annotation contains keyword 'True' (or related pathway term), suggesting relevance to MSD node oxidative_stress.",source: specs_annotated_unified.csv; ChEMBL:https://www.ebi.ac.uk/chembl/compound_report_card/CHEMBL426559
CHEMBL3889654,LAROTRECTINIB,True,oxidative_stress,moa,"Compound annotation contains keyword 'True' (or related pathway term), suggesting relevance to MSD node oxidative_stress.",source: specs_annotated_unified.csv; ChEMBL:https://www.ebi.ac.uk/chembl/compound_report_card/CHEMBL3889654
CHEMBL328190,LASOFOXIFENE,True,oxidative_stress,pathway,"Compound annotation contains keyword 'True' (or related pathway term), suggesting relevance to MSD node oxidative_stress.",source: specs_annotated_unified.csv; ChEMBL:https://www.ebi.ac.uk/chembl/compound_report_card/CHEMBL328190
CHEMBL279390,LAZABEMIDE,True,oxidative_stress,pathway,"Compound annotation contains keyword 'True' (or related pathway term), suggesting relevance to MSD node oxidative_stress.",source: specs_annotated_unified.csv; ChEMBL:https://www.ebi.ac.uk/chembl/compound_report_card/CHEMBL279390
CHEMBL1289601,LENVATINIB,True,ER_proteostasis,pathway,"Compound annotation contains keyword 'True' (or related pathway term), suggesting relevance to MSD node ER_proteostasis.",source: specs_annotated_unified.csv; ChEMBL:https://www.ebi.ac.uk/chembl/compound_report_card/CHEMBL1289601
CHEMBL1289601,LENVATINIB,True,oxidative_stress,pathway,"Compound annotation contains keyword 'True' (or related pathway term), suggesting relevance to MSD node oxidative_stress.",source: specs_annotated_unified.csv; ChEMBL:https://www.ebi.ac.uk/chembl/compound_report_card/CHEMBL1289601
CHEMBL1254682,LEVALLORPHAN,True,oxidative_stress,pathway,"Compound annotation contains keyword 'True' (or related pathway term), suggesting relevance to MSD node oxidative_stress.",source: specs_annotated_unified.csv; ChEMBL:https://www.ebi.ac.uk/chembl/compound_report_card/CHEMBL1254682
CHEMBL300982,LICOFELONE,True,oxidative_stress,pathway,"Compound annotation contains keyword 'True' (or related pathway term), suggesting relevance to MSD node oxidative_stress.",source: specs_annotated_unified.csv; ChEMBL:https://www.ebi.ac.uk/chembl/compound_report_card/CHEMBL300982
CHEMBL126,LINEZOLID,True,oxidative_stress,pathway,"Compound annotation contains keyword 'True' (or related pathway term), suggesting relevance to MSD node oxidative_stress.",source: specs_annotated_unified.csv; ChEMBL:https://www.ebi.ac.uk/chembl/compound_report_card/CHEMBL126
CHEMBL223360,LINIFANIB,True,oxidative_stress,moa,"Compound annotation contains keyword 'True' (or related pathway term), suggesting relevance to MSD node oxidative_stress.",source: specs_annotated_unified.csv; ChEMBL:https://www.ebi.ac.uk/chembl/compound_report_card/CHEMBL223360
CHEMBL1091644,LINSITINIB,True,oxidative_stress,pathway,"Compound annotation contains keyword 'True' (or related pathway term), suggesting relevance to MSD node oxidative_stress.",source: specs_annotated_unified.csv; ChEMBL:https://www.ebi.ac.uk/chembl/compound_report_card/CHEMBL1091644
CHEMBL1478,LITHOCHOLIC ACID,True,oxidative_stress,pathway,"Compound annotation contains keyword 'True' (or related pathway term), suggesting relevance to MSD node oxidative_stress.",source: specs_annotated_unified.csv; ChEMBL:https://www.ebi.ac.uk/chembl/compound_report_card/CHEMBL1478
CHEMBL87708,LOFEPRAMINE,True,oxidative_stress,pathway,"Compound annotation contains keyword 'True' (or related pathway term), suggesting relevance to MSD node oxidative_stress.",source: specs_annotated_unified.csv; ChEMBL:https://www.ebi.ac.uk/chembl/compound_report_card/CHEMBL87708
CHEMBL354541,LOMITAPIDE,True,oxidative_stress,pathway,"Compound annotation contains keyword 'True' (or related pathway term), suggesting relevance to MSD node oxidative_stress.",source: specs_annotated_unified.csv; ChEMBL:https://www.ebi.ac.uk/chembl/compound_report_card/CHEMBL354541
CHEMBL19299,LOXOPROFEN,True,oxidative_stress,pathway,"Compound annotation contains keyword 'True' (or related pathway term), suggesting relevance to MSD node oxidative_stress.",source: specs_annotated_unified.csv; ChEMBL:https://www.ebi.ac.uk/chembl/compound_report_card/CHEMBL19299
CHEMBL2220486,LUCITANIB,True,oxidative_stress,pathway,"Compound annotation contains keyword 'True' (or related pathway term), suggesting relevance to MSD node oxidative_stress.",source: specs_annotated_unified.csv; ChEMBL:https://www.ebi.ac.uk/chembl/compound_report_card/CHEMBL2220486
CHEMBL2103870,LUMACAFTOR,True,oxidative_stress,moa,"Compound annotation contains keyword 'True' (or related pathway term), suggesting relevance to MSD node oxidative_stress.",source: specs_annotated_unified.csv; ChEMBL:https://www.ebi.ac.uk/chembl/compound_report_card/CHEMBL2103870
CHEMBL404108,LUMIRACOXIB,True,oxidative_stress,pathway,"Compound annotation contains keyword 'True' (or related pathway term), suggesting relevance to MSD node oxidative_stress.",source: specs_annotated_unified.csv; ChEMBL:https://www.ebi.ac.uk/chembl/compound_report_card/CHEMBL404108
CHEMBL151,LUTEOLIN,True,oxidative_stress,pathway,"Compound annotation contains keyword 'True' (or related pathway term), suggesting relevance to MSD node oxidative_stress.",source: specs_annotated_unified.csv; ChEMBL:https://www.ebi.ac.uk/chembl/compound_report_card/CHEMBL151
CHEMBL419,MAFENIDE,True,oxidative_stress,pathway,"Compound annotation contains keyword 'True' (or related pathway term), suggesting relevance to MSD node oxidative_stress.",source: specs_annotated_unified.csv; ChEMBL:https://www.ebi.ac.uk/chembl/compound_report_card/CHEMBL419
CHEMBL1085699,MANIDIPINE 6300,True,oxidative_stress,pathway,"Compound annotation contains keyword 'True' (or related pathway term), suggesting relevance to MSD node oxidative_stress.",source: specs_annotated_unified.csv; ChEMBL:https://www.ebi.ac.uk/chembl/compound_report_card/CHEMBL1085699
CHEMBL279785,MARIMASTAT,True,oxidative_stress,pathway,"Compound annotation contains keyword 'True' (or related pathway term), suggesting relevance to MSD node oxidative_stress.",source: specs_annotated_unified.csv; ChEMBL:https://www.ebi.ac.uk/chembl/compound_report_card/CHEMBL279785
CHEMBL1908391,MASITINIB,True,oxidative_stress,pathway,"Compound annotation contains keyword 'True' (or related pathway term), suggesting relevance to MSD node oxidative_stress.",source: specs_annotated_unified.csv; ChEMBL:https://www.ebi.ac.uk/chembl/compound_report_card/CHEMBL1908391
CHEMBL313972,MASOPROCOL,True,oxidative_stress,moa,"Compound annotation contains keyword 'True' (or related pathway term), suggesting relevance to MSD node oxidative_stress.",source: specs_annotated_unified.csv; ChEMBL:https://www.ebi.ac.uk/chembl/compound_report_card/CHEMBL313972
CHEMBL685,MEBENDAZOLE,True,oxidative_stress,pathway,"Compound annotation contains keyword 'True' (or related pathway term), suggesting relevance to MSD node oxidative_stress.",source: specs_annotated_unified.csv; ChEMBL:https://www.ebi.ac.uk/chembl/compound_report_card/CHEMBL685
CHEMBL509,MECLOFENAMIC ACID,True,oxidative_stress,pathway,"Compound annotation contains keyword 'True' (or related pathway term), suggesting relevance to MSD node oxidative_stress.",source: specs_annotated_unified.csv; ChEMBL:https://www.ebi.ac.uk/chembl/compound_report_card/CHEMBL509
CHEMBL686,MEFENAMIC ACID,True,oxidative_stress,pathway,"Compound annotation contains keyword 'True' (or related pathway term), suggesting relevance to MSD node oxidative_stress.",source: specs_annotated_unified.csv; ChEMBL:https://www.ebi.ac.uk/chembl/compound_report_card/CHEMBL686
CHEMBL416956,MEFLOQUINE,True,oxidative_stress,pathway,"Compound annotation contains keyword 'True' (or related pathway term), suggesting relevance to MSD node oxidative_stress.",source: specs_annotated_unified.csv; ChEMBL:https://www.ebi.ac.uk/chembl/compound_report_card/CHEMBL416956
CHEMBL1201139,MEGESTROL ACETATE,True,autophagy_flux,pathway,"Compound annotation contains keyword 'True' (or related pathway term), suggesting relevance to MSD node autophagy_flux.",source: specs_annotated_unified.csv; ChEMBL:https://www.ebi.ac.uk/chembl/compound_report_card/CHEMBL1201139
CHEMBL590,MENADIONE,True,oxidative_stress,pathway,"Compound annotation contains keyword 'True' (or related pathway term), suggesting relevance to MSD node oxidative_stress.",source: specs_annotated_unified.csv; ChEMBL:https://www.ebi.ac.uk/chembl/compound_report_card/CHEMBL590
CHEMBL544,MEQUINOL,True,oxidative_stress,moa,"Compound annotation contains keyword 'True' (or related pathway term), suggesting relevance to MSD node oxidative_stress.",source: specs_annotated_unified.csv; ChEMBL:https://www.ebi.ac.uk/chembl/compound_report_card/CHEMBL544
CHEMBL704,MESALAMINE,True,oxidative_stress,pathway,"Compound annotation contains keyword 'True' (or related pathway term), suggesting relevance to MSD node oxidative_stress.",source: specs_annotated_unified.csv; ChEMBL:https://www.ebi.ac.uk/chembl/compound_report_card/CHEMBL704
CHEMBL461522,METAMIZOLE,True,oxidative_stress,pathway,"Compound annotation contains keyword 'True' (or related pathway term), suggesting relevance to MSD node oxidative_stress.",source: specs_annotated_unified.csv; ChEMBL:https://www.ebi.ac.uk/chembl/compound_report_card/CHEMBL461522
CHEMBL19,METHAZOLAMIDE,True,oxidative_stress,pathway,"Compound annotation contains keyword 'True' (or related pathway term), suggesting relevance to MSD node oxidative_stress.",source: specs_annotated_unified.csv; ChEMBL:https://www.ebi.ac.uk/chembl/compound_report_card/CHEMBL19
CHEMBL1515,METHIMAZOLE,True,oxidative_stress,pathway,"Compound annotation contains keyword 'True' (or related pathway term), suggesting relevance to MSD node oxidative_stress.",source: specs_annotated_unified.csv; ChEMBL:https://www.ebi.ac.uk/chembl/compound_report_card/CHEMBL1515
CHEMBL459,METHYLDOPA,True,oxidative_stress,pathway,"Compound annotation contains keyword 'True' (or related pathway term), suggesting relevance to MSD node oxidative_stress.",source: specs_annotated_unified.csv; ChEMBL:https://www.ebi.ac.uk/chembl/compound_report_card/CHEMBL459
CHEMBL191083,METHYLENE BLUE CATION,True,oxidative_stress,pathway,"Compound annotation contains keyword 'True' (or related pathway term), suggesting relevance to MSD node oxidative_stress.",source: specs_annotated_unified.csv; ChEMBL:https://www.ebi.ac.uk/chembl/compound_report_card/CHEMBL191083
CHEMBL1200862,METYROSINE,True,oxidative_stress,moa,"Compound annotation contains keyword 'True' (or related pathway term), suggesting relevance to MSD node oxidative_stress.",source: specs_annotated_unified.csv; ChEMBL:https://www.ebi.ac.uk/chembl/compound_report_card/CHEMBL1200862
CHEMBL91,MICONAZOLE,True,oxidative_stress,pathway,"Compound annotation contains keyword 'True' (or related pathway term), suggesting relevance to MSD node oxidative_stress.",source: specs_annotated_unified.csv; ChEMBL:https://www.ebi.ac.uk/chembl/compound_report_card/CHEMBL91
CHEMBL608533,MIDOSTAURIN,True,autophagy_flux,pathway,"Compound annotation contains keyword 'True' (or related pathway term), suggesting relevance to MSD node autophagy_flux.",source: specs_annotated_unified.csv; ChEMBL:https://www.ebi.ac.uk/chembl/compound_report_card/CHEMBL608533
CHEMBL608533,MIDOSTAURIN,True,oxidative_stress,moa,"Compound annotation contains keyword 'True' (or related pathway term), suggesting relevance to MSD node oxidative_stress.",source: specs_annotated_unified.csv; ChEMBL:https://www.ebi.ac.uk/chembl/compound_report_card/CHEMBL608533
CHEMBL1561,MIGLITOL,True,oxidative_stress,pathway,"Compound annotation contains keyword 'True' (or related pathway term), suggesting relevance to MSD node oxidative_stress.",source: specs_annotated_unified.csv; ChEMBL:https://www.ebi.ac.uk/chembl/compound_report_card/CHEMBL1561
CHEMBL189,MILRINONE,True,oxidative_stress,pathway,"Compound annotation contains keyword 'True' (or related pathway term), suggesting relevance to MSD node oxidative_stress.",source: specs_annotated_unified.csv; ChEMBL:https://www.ebi.ac.uk/chembl/compound_report_card/CHEMBL189
CHEMBL278819,MINAPRINE,True,oxidative_stress,pathway,"Compound annotation contains keyword 'True' (or related pathway term), suggesting relevance to MSD node oxidative_stress.",source: specs_annotated_unified.csv; ChEMBL:https://www.ebi.ac.uk/chembl/compound_report_card/CHEMBL278819
CHEMBL58,MITOXANTRONE,True,oxidative_stress,pathway,"Compound annotation contains keyword 'True' (or related pathway term), suggesting relevance to MSD node oxidative_stress.",source: specs_annotated_unified.csv; ChEMBL:https://www.ebi.ac.uk/chembl/compound_report_card/CHEMBL58
CHEMBL86304,MOCLOBEMIDE,True,oxidative_stress,pathway,"Compound annotation contains keyword 'True' (or related pathway term), suggesting relevance to MSD node oxidative_stress.",source: specs_annotated_unified.csv; ChEMBL:https://www.ebi.ac.uk/chembl/compound_report_card/CHEMBL86304
CHEMBL489079,MOFEGILINE,True,oxidative_stress,pathway,"Compound annotation contains keyword 'True' (or related pathway term), suggesting relevance to MSD node oxidative_stress.",source: specs_annotated_unified.csv; ChEMBL:https://www.ebi.ac.uk/chembl/compound_report_card/CHEMBL489079
CHEMBL1388,MONOBENZONE,True,oxidative_stress,moa,"Compound annotation contains keyword 'True' (or related pathway term), suggesting relevance to MSD node oxidative_stress.",source: specs_annotated_unified.csv; ChEMBL:https://www.ebi.ac.uk/chembl/compound_report_card/CHEMBL1388
CHEMBL787,MONTELUKAST,True,oxidative_stress,pathway,"Compound annotation contains keyword 'True' (or related pathway term), suggesting relevance to MSD node oxidative_stress.",source: specs_annotated_unified.csv; ChEMBL:https://www.ebi.ac.uk/chembl/compound_report_card/CHEMBL787
CHEMBL28626,MORIN,True,oxidative_stress,pathway,"Compound annotation contains keyword 'True' (or related pathway term), suggesting relevance to MSD node oxidative_stress.",source: specs_annotated_unified.csv; ChEMBL:https://www.ebi.ac.uk/chembl/compound_report_card/CHEMBL28626
CHEMBL572881,MOTESANIB,True,oxidative_stress,moa,"Compound annotation contains keyword 'True' (or related pathway term), suggesting relevance to MSD node oxidative_stress.",source: specs_annotated_unified.csv; ChEMBL:https://www.ebi.ac.uk/chembl/compound_report_card/CHEMBL572881
CHEMBL74632,MOXALACTAM,True,oxidative_stress,pathway,"Compound annotation contains keyword 'True' (or related pathway term), suggesting relevance to MSD node oxidative_stress.",source: specs_annotated_unified.csv; ChEMBL:https://www.ebi.ac.uk/chembl/compound_report_card/CHEMBL74632
CHEMBL1614707,MUBRITINIB,True,oxidative_stress,moa,"Compound annotation contains keyword 'True' (or related pathway term), suggesting relevance to MSD node oxidative_stress.",source: specs_annotated_unified.csv; ChEMBL:https://www.ebi.ac.uk/chembl/compound_report_card/CHEMBL1614707
CHEMBL164,MYRICETIN,True,oxidative_stress,pathway,"Compound annotation contains keyword 'True' (or related pathway term), suggesting relevance to MSD node oxidative_stress.",source: specs_annotated_unified.csv; ChEMBL:https://www.ebi.ac.uk/chembl/compound_report_card/CHEMBL164
CHEMBL1070,NABUMETONE,True,oxidative_stress,pathway,"Compound annotation contains keyword 'True' (or related pathway term), suggesting relevance to MSD node oxidative_stress.",source: specs_annotated_unified.csv; ChEMBL:https://www.ebi.ac.uk/chembl/compound_report_card/CHEMBL1070
CHEMBL273264,NAFAMOSTAT,True,autophagy_flux,pathway,"Compound annotation contains keyword 'True' (or related pathway term), suggesting relevance to MSD node autophagy_flux.",source: specs_annotated_unified.csv; ChEMBL:https://www.ebi.ac.uk/chembl/compound_report_card/CHEMBL273264
CHEMBL5,NALIDIXIC ACID,True,oxidative_stress,pathway,"Compound annotation contains keyword 'True' (or related pathway term), suggesting relevance to MSD node oxidative_stress.",source: specs_annotated_unified.csv; ChEMBL:https://www.ebi.ac.uk/chembl/compound_report_card/CHEMBL5
CHEMBL154,NAPROXEN,True,oxidative_stress,pathway,"Compound annotation contains keyword 'True' (or related pathway term), suggesting relevance to MSD node oxidative_stress.",source: specs_annotated_unified.csv; ChEMBL:https://www.ebi.ac.uk/chembl/compound_report_card/CHEMBL154
CHEMBL66879,COUMARIC ACID,True,oxidative_stress,pathway,"Compound annotation contains keyword 'True' (or related pathway term), suggesting relevance to MSD node oxidative_stress.",source: specs_annotated_unified.csv; ChEMBL:https://www.ebi.ac.uk/chembl/compound_report_card/CHEMBL66879
CHEMBL584,NELFINAVIR,True,oxidative_stress,pathway,"Compound annotation contains keyword 'True' (or related pathway term), suggesting relevance to MSD node oxidative_stress.",source: specs_annotated_unified.csv; ChEMBL:https://www.ebi.ac.uk/chembl/compound_report_card/CHEMBL584
CHEMBL180022,NERATINIB,True,oxidative_stress,moa,"Compound annotation contains keyword 'True' (or related pathway term), suggesting relevance to MSD node oxidative_stress.",source: specs_annotated_unified.csv; ChEMBL:https://www.ebi.ac.uk/chembl/compound_report_card/CHEMBL180022
CHEMBL1448,NICLOSAMIDE,True,oxidative_stress,pathway,"Compound annotation contains keyword 'True' (or related pathway term), suggesting relevance to MSD node oxidative_stress.",source: specs_annotated_unified.csv; ChEMBL:https://www.ebi.ac.uk/chembl/compound_report_card/CHEMBL1448
CHEMBL63323,NIFLUMIC ACID,True,oxidative_stress,pathway,"Compound annotation contains keyword 'True' (or related pathway term), suggesting relevance to MSD node oxidative_stress.",source: specs_annotated_unified.csv; ChEMBL:https://www.ebi.ac.uk/chembl/compound_report_card/CHEMBL63323
CHEMBL255863,NILOTINIB,True,autophagy_flux,pathway,"Compound annotation contains keyword 'True' (or related pathway term), suggesting relevance to MSD node autophagy_flux.",source: specs_annotated_unified.csv; ChEMBL:https://www.ebi.ac.uk/chembl/compound_report_card/CHEMBL255863
CHEMBL255863,NILOTINIB,True,oxidative_stress,pathway,"Compound annotation contains keyword 'True' (or related pathway term), suggesting relevance to MSD node oxidative_stress.",source: specs_annotated_unified.csv; ChEMBL:https://www.ebi.ac.uk/chembl/compound_report_card/CHEMBL255863
CHEMBL56367,NIMESULIDE,True,oxidative_stress,pathway,"Compound annotation contains keyword 'True' (or related pathway term), suggesting relevance to MSD node oxidative_stress.",source: specs_annotated_unified.csv; ChEMBL:https://www.ebi.ac.uk/chembl/compound_report_card/CHEMBL56367
CHEMBL1094636,NIRAPARIB,True,oxidative_stress,pathway,"Compound annotation contains keyword 'True' (or related pathway term), suggesting relevance to MSD node oxidative_stress.",source: specs_annotated_unified.csv; ChEMBL:https://www.ebi.ac.uk/chembl/compound_report_card/CHEMBL1094636
CHEMBL1401,NITAZOXANIDE,True,oxidative_stress,pathway,"Compound annotation contains keyword 'True' (or related pathway term), suggesting relevance to MSD node oxidative_stress.",source: specs_annotated_unified.csv; ChEMBL:https://www.ebi.ac.uk/chembl/compound_report_card/CHEMBL1401
CHEMBL167055,NITECAPONE,True,oxidative_stress,pathway,"Compound annotation contains keyword 'True' (or related pathway term), suggesting relevance to MSD node oxidative_stress.",source: specs_annotated_unified.csv; ChEMBL:https://www.ebi.ac.uk/chembl/compound_report_card/CHEMBL167055
CHEMBL1337,NITISINONE,True,oxidative_stress,pathway,"Compound annotation contains keyword 'True' (or related pathway term), suggesting relevance to MSD node oxidative_stress.",source: specs_annotated_unified.csv; ChEMBL:https://www.ebi.ac.uk/chembl/compound_report_card/CHEMBL1337
CHEMBL9514,NOCODAZOLE,True,oxidative_stress,pathway,"Compound annotation contains keyword 'True' (or related pathway term), suggesting relevance to MSD node oxidative_stress.",source: specs_annotated_unified.csv; ChEMBL:https://www.ebi.ac.uk/chembl/compound_report_card/CHEMBL9514
CHEMBL1476022,NOMEGESTROL ACETATE,True,autophagy_flux,pathway,"Compound annotation contains keyword 'True' (or related pathway term), suggesting relevance to MSD node autophagy_flux.",source: specs_annotated_unified.csv; ChEMBL:https://www.ebi.ac.uk/chembl/compound_report_card/CHEMBL1476022
CHEMBL273575,NOMIFENSINE,True,oxidative_stress,pathway,"Compound annotation contains keyword 'True' (or related pathway term), suggesting relevance to MSD node oxidative_stress.",source: specs_annotated_unified.csv; ChEMBL:https://www.ebi.ac.uk/chembl/compound_report_card/CHEMBL273575
CHEMBL1437,NOREPINEPHRINE,True,oxidative_stress,pathway,"Compound annotation contains keyword 'True' (or related pathway term), suggesting relevance to MSD node oxidative_stress.",source: specs_annotated_unified.csv; ChEMBL:https://www.ebi.ac.uk/chembl/compound_report_card/CHEMBL1437
CHEMBL1200934,NORGESTIMATE,True,oxidative_stress,pathway,"Compound annotation contains keyword 'True' (or related pathway term), suggesting relevance to MSD node oxidative_stress.",source: specs_annotated_unified.csv; ChEMBL:https://www.ebi.ac.uk/chembl/compound_report_card/CHEMBL1200934
CHEMBL1389,LEVONORGESTREL,True,autophagy_flux,pathway,"Compound annotation contains keyword 'True' (or related pathway term), suggesting relevance to MSD node autophagy_flux.",source: specs_annotated_unified.csv; ChEMBL:https://www.ebi.ac.uk/chembl/compound_report_card/CHEMBL1389
CHEMBL445,NORTRIPTYLINE,True,oxidative_stress,pathway,"Compound annotation contains keyword 'True' (or related pathway term), suggesting relevance to MSD node oxidative_stress.",source: specs_annotated_unified.csv; ChEMBL:https://www.ebi.ac.uk/chembl/compound_report_card/CHEMBL445
CHEMBL364713,NOSCAPINE,True,oxidative_stress,pathway,"Compound annotation contains keyword 'True' (or related pathway term), suggesting relevance to MSD node oxidative_stress.",source: specs_annotated_unified.csv; ChEMBL:https://www.ebi.ac.uk/chembl/compound_report_card/CHEMBL364713
CHEMBL715,OLANZAPINE,True,oxidative_stress,pathway,"Compound annotation contains keyword 'True' (or related pathway term), suggesting relevance to MSD node oxidative_stress.",source: specs_annotated_unified.csv; ChEMBL:https://www.ebi.ac.uk/chembl/compound_report_card/CHEMBL715
CHEMBL168,OLEANOLIC_ACID,True,oxidative_stress,pathway,"Compound annotation contains keyword 'True' (or related pathway term), suggesting relevance to MSD node oxidative_stress.",source: specs_annotated_unified.csv; ChEMBL:https://www.ebi.ac.uk/chembl/compound_report_card/CHEMBL168
CHEMBL3786343,OLMUTINIB,True,oxidative_stress,pathway,"Compound annotation contains keyword 'True' (or related pathway term), suggesting relevance to MSD node oxidative_stress.",source: specs_annotated_unified.csv; ChEMBL:https://www.ebi.ac.uk/chembl/compound_report_card/CHEMBL3786343
CHEMBL1689772,OMADACYCLINE,True,oxidative_stress,pathway,"Compound annotation contains keyword 'True' (or related pathway term), suggesting relevance to MSD node oxidative_stress.",source: specs_annotated_unified.csv; ChEMBL:https://www.ebi.ac.uk/chembl/compound_report_card/CHEMBL1689772
CHEMBL1503,OMEPRAZOLE,True,oxidative_stress,pathway,"Compound annotation contains keyword 'True' (or related pathway term), suggesting relevance to MSD node oxidative_stress.",source: specs_annotated_unified.csv; ChEMBL:https://www.ebi.ac.uk/chembl/compound_report_card/CHEMBL1503
CHEMBL1089318,OPICAPONE,True,oxidative_stress,pathway,"Compound annotation contains keyword 'True' (or related pathway term), suggesting relevance to MSD node oxidative_stress.",source: specs_annotated_unified.csv; ChEMBL:https://www.ebi.ac.uk/chembl/compound_report_card/CHEMBL1089318
CHEMBL274654,ORANTINIB,True,oxidative_stress,pathway,"Compound annotation contains keyword 'True' (or related pathway term), suggesting relevance to MSD node oxidative_stress.",source: specs_annotated_unified.csv; ChEMBL:https://www.ebi.ac.uk/chembl/compound_report_card/CHEMBL274654
CHEMBL3353410,OSIMERTINIB,True,oxidative_stress,pathway,"Compound annotation contains keyword 'True' (or related pathway term), suggesting relevance to MSD node oxidative_stress.",source: specs_annotated_unified.csv; ChEMBL:https://www.ebi.ac.uk/chembl/compound_report_card/CHEMBL3353410
CHEMBL1071,OXAPROZIN,True,oxidative_stress,pathway,"Compound annotation contains keyword 'True' (or related pathway term), suggesting relevance to MSD node oxidative_stress.",source: specs_annotated_unified.csv; ChEMBL:https://www.ebi.ac.uk/chembl/compound_report_card/CHEMBL1071
CHEMBL1262,OXICONAZOLE,True,oxidative_stress,pathway,"Compound annotation contains keyword 'True' (or related pathway term), suggesting relevance to MSD node oxidative_stress.",source: specs_annotated_unified.csv; ChEMBL:https://www.ebi.ac.uk/chembl/compound_report_card/CHEMBL1262
CHEMBL1200,BENOXINATE,True,oxidative_stress,pathway,"Compound annotation contains keyword 'True' (or related pathway term), suggesting relevance to MSD node oxidative_stress.",source: specs_annotated_unified.csv; ChEMBL:https://www.ebi.ac.uk/chembl/compound_report_card/CHEMBL1200
CHEMBL762,OXYMETAZOLINE,True,oxidative_stress,pathway,"Compound annotation contains keyword 'True' (or related pathway term), suggesting relevance to MSD node oxidative_stress.",source: specs_annotated_unified.csv; ChEMBL:https://www.ebi.ac.uk/chembl/compound_report_card/CHEMBL762
CHEMBL1228,OXYPHENBUTAZONE ANHYDROUS,True,oxidative_stress,pathway,"Compound annotation contains keyword 'True' (or related pathway term), suggesting relevance to MSD node oxidative_stress.",source: specs_annotated_unified.csv; ChEMBL:https://www.ebi.ac.uk/chembl/compound_report_card/CHEMBL1228
CHEMBL310555,OXYQUINOLINE,True,oxidative_stress,pathway,"Compound annotation contains keyword 'True' (or related pathway term), suggesting relevance to MSD node oxidative_stress.",source: specs_annotated_unified.csv; ChEMBL:https://www.ebi.ac.uk/chembl/compound_report_card/CHEMBL310555
CHEMBL428647,PACLITAXEL,True,oxidative_stress,pathway,"Compound annotation contains keyword 'True' (or related pathway term), suggesting relevance to MSD node oxidative_stress.",source: specs_annotated_unified.csv; ChEMBL:https://www.ebi.ac.uk/chembl/compound_report_card/CHEMBL428647
CHEMBL2035187,PACRITINIB,True,oxidative_stress,moa,"Compound annotation contains keyword 'True' (or related pathway term), suggesting relevance to MSD node oxidative_stress.",source: specs_annotated_unified.csv; ChEMBL:https://www.ebi.ac.uk/chembl/compound_report_card/CHEMBL2035187
CHEMBL189963,PALBOCICLIB,True,oxidative_stress,pathway,"Compound annotation contains keyword 'True' (or related pathway term), suggesting relevance to MSD node oxidative_stress.",source: specs_annotated_unified.csv; ChEMBL:https://www.ebi.ac.uk/chembl/compound_report_card/CHEMBL189963
CHEMBL889,PALIFOSFAMIDE,True,oxidative_stress,moa,"Compound annotation contains keyword 'True' (or related pathway term), suggesting relevance to MSD node oxidative_stress.",source: specs_annotated_unified.csv; ChEMBL:https://www.ebi.ac.uk/chembl/compound_report_card/CHEMBL889
CHEMBL2141712,PALOMID-529,MTOR,mTORC1,moa,"Compound annotation contains keyword 'MTOR' (or related pathway term), suggesting relevance to MSD node mTORC1.",source: specs_annotated_unified.csv; ChEMBL:https://www.ebi.ac.uk/chembl/compound_report_card/CHEMBL2141712
CHEMBL574,P-TOLUENESULFONAMIDE,True,oxidative_stress,pathway,"Compound annotation contains keyword 'True' (or related pathway term), suggesting relevance to MSD node oxidative_stress.",source: specs_annotated_unified.csv; ChEMBL:https://www.ebi.ac.uk/chembl/compound_report_card/CHEMBL574
CHEMBL1206690,PARECOXIB,True,oxidative_stress,pathway,"Compound annotation contains keyword 'True' (or related pathway term), suggesting relevance to MSD node oxidative_stress.",source: specs_annotated_unified.csv; ChEMBL:https://www.ebi.ac.uk/chembl/compound_report_card/CHEMBL1206690
CHEMBL673,PARGYLINE,True,oxidative_stress,pathway,"Compound annotation contains keyword 'True' (or related pathway term), suggesting relevance to MSD node oxidative_stress.",source: specs_annotated_unified.csv; ChEMBL:https://www.ebi.ac.uk/chembl/compound_report_card/CHEMBL673
CHEMBL607707,PELITINIB,True,oxidative_stress,pathway,"Compound annotation contains keyword 'True' (or related pathway term), suggesting relevance to MSD node oxidative_stress.",source: specs_annotated_unified.csv; ChEMBL:https://www.ebi.ac.uk/chembl/compound_report_card/CHEMBL607707
CHEMBL1430,PENICILLAMINE,True,oxidative_stress,pathway,"Compound annotation contains keyword 'True' (or related pathway term), suggesting relevance to MSD node oxidative_stress.",source: specs_annotated_unified.csv; ChEMBL:https://www.ebi.ac.uk/chembl/compound_report_card/CHEMBL1430
CHEMBL55,PENTAMIDINE,True,oxidative_stress,pathway,"Compound annotation contains keyword 'True' (or related pathway term), suggesting relevance to MSD node oxidative_stress.",source: specs_annotated_unified.csv; ChEMBL:https://www.ebi.ac.uk/chembl/compound_report_card/CHEMBL55
CHEMBL75880,PERHEXILINE,True,oxidative_stress,pathway,"Compound annotation contains keyword 'True' (or related pathway term), suggesting relevance to MSD node oxidative_stress.",source: specs_annotated_unified.csv; ChEMBL:https://www.ebi.ac.uk/chembl/compound_report_card/CHEMBL75880
CHEMBL3813873,PEXIDARTINIB,True,oxidative_stress,moa,"Compound annotation contains keyword 'True' (or related pathway term), suggesting relevance to MSD node oxidative_stress.",source: specs_annotated_unified.csv; ChEMBL:https://www.ebi.ac.uk/chembl/compound_report_card/CHEMBL3813873
CHEMBL3991932,PEXMETINIB,True,oxidative_stress,moa,"Compound annotation contains keyword 'True' (or related pathway term), suggesting relevance to MSD node oxidative_stress.",source: specs_annotated_unified.csv; ChEMBL:https://www.ebi.ac.uk/chembl/compound_report_card/CHEMBL3991932
CHEMBL277474,ANTIPYRINE,True,oxidative_stress,pathway,"Compound annotation contains keyword 'True' (or related pathway term), suggesting relevance to MSD node oxidative_stress.",source: specs_annotated_unified.csv; ChEMBL:https://www.ebi.ac.uk/chembl/compound_report_card/CHEMBL277474
CHEMBL1089,PHENELZINE,True,oxidative_stress,pathway,"Compound annotation contains keyword 'True' (or related pathway term), suggesting relevance to MSD node oxidative_stress.",source: specs_annotated_unified.csv; ChEMBL:https://www.ebi.ac.uk/chembl/compound_report_card/CHEMBL1089
CHEMBL278398,PHENINDAMINE,True,oxidative_stress,pathway,"Compound annotation contains keyword 'True' (or related pathway term), suggesting relevance to MSD node oxidative_stress.",source: specs_annotated_unified.csv; ChEMBL:https://www.ebi.ac.uk/chembl/compound_report_card/CHEMBL278398
CHEMBL101,PHENYLBUTAZONE,True,oxidative_stress,pathway,"Compound annotation contains keyword 'True' (or related pathway term), suggesting relevance to MSD node oxidative_stress.",source: specs_annotated_unified.csv; ChEMBL:https://www.ebi.ac.uk/chembl/compound_report_card/CHEMBL101
CHEMBL1524273,PHTHALYLSULFATHIAZOLE,True,oxidative_stress,pathway,"Compound annotation contains keyword 'True' (or related pathway term), suggesting relevance to MSD node oxidative_stress.",source: specs_annotated_unified.csv; ChEMBL:https://www.ebi.ac.uk/chembl/compound_report_card/CHEMBL1524273
CHEMBL69863,PICEATANNOL,True,oxidative_stress,pathway,"Compound annotation contains keyword 'True' (or related pathway term), suggesting relevance to MSD node oxidative_stress.",source: specs_annotated_unified.csv; ChEMBL:https://www.ebi.ac.uk/chembl/compound_report_card/CHEMBL69863
CHEMBL24646,PIMOBENDAN,True,oxidative_stress,pathway,"Compound annotation contains keyword 'True' (or related pathway term), suggesting relevance to MSD node oxidative_stress.",source: specs_annotated_unified.csv; ChEMBL:https://www.ebi.ac.uk/chembl/compound_report_card/CHEMBL24646
CHEMBL595,PIOGLITAZONE,True,oxidative_stress,pathway,"Compound annotation contains keyword 'True' (or related pathway term), suggesting relevance to MSD node oxidative_stress.",source: specs_annotated_unified.csv; ChEMBL:https://www.ebi.ac.uk/chembl/compound_report_card/CHEMBL595
CHEMBL43185,PIPERINE,True,oxidative_stress,pathway,"Compound annotation contains keyword 'True' (or related pathway term), suggesting relevance to MSD node oxidative_stress.",source: specs_annotated_unified.csv; ChEMBL:https://www.ebi.ac.uk/chembl/compound_report_card/CHEMBL43185
CHEMBL2354444,PIRARUBICIN,True,oxidative_stress,pathway,"Compound annotation contains keyword 'True' (or related pathway term), suggesting relevance to MSD node oxidative_stress.",source: specs_annotated_unified.csv; ChEMBL:https://www.ebi.ac.uk/chembl/compound_report_card/CHEMBL2354444
CHEMBL1372341,PIRENOXINE,True,oxidative_stress,pathway,"Compound annotation contains keyword 'True' (or related pathway term), suggesting relevance to MSD node oxidative_stress.",source: specs_annotated_unified.csv; ChEMBL:https://www.ebi.ac.uk/chembl/compound_report_card/CHEMBL1372341
CHEMBL32350,PIRLINDOLE,True,oxidative_stress,pathway,"Compound annotation contains keyword 'True' (or related pathway term), suggesting relevance to MSD node oxidative_stress.",source: specs_annotated_unified.csv; ChEMBL:https://www.ebi.ac.uk/chembl/compound_report_card/CHEMBL32350
CHEMBL3182343,PIVAMPICILLIN,True,oxidative_stress,pathway,"Compound annotation contains keyword 'True' (or related pathway term), suggesting relevance to MSD node oxidative_stress.",source: specs_annotated_unified.csv; ChEMBL:https://www.ebi.ac.uk/chembl/compound_report_card/CHEMBL3182343
CHEMBL167731,PIXANTRONE,True,oxidative_stress,moa,"Compound annotation contains keyword 'True' (or related pathway term), suggesting relevance to MSD node oxidative_stress.",source: specs_annotated_unified.csv; ChEMBL:https://www.ebi.ac.uk/chembl/compound_report_card/CHEMBL167731
CHEMBL142652,PICEID,True,oxidative_stress,pathway,"Compound annotation contains keyword 'True' (or related pathway term), suggesting relevance to MSD node oxidative_stress.",source: specs_annotated_unified.csv; ChEMBL:https://www.ebi.ac.uk/chembl/compound_report_card/CHEMBL142652
CHEMBL43452,POMALIDOMIDE,True,oxidative_stress,pathway,"Compound annotation contains keyword 'True' (or related pathway term), suggesting relevance to MSD node oxidative_stress.",source: specs_annotated_unified.csv; ChEMBL:https://www.ebi.ac.uk/chembl/compound_report_card/CHEMBL43452
CHEMBL1171837,PONATINIB,True,oxidative_stress,pathway,"Compound annotation contains keyword 'True' (or related pathway term), suggesting relevance to MSD node oxidative_stress.",source: specs_annotated_unified.csv; ChEMBL:https://www.ebi.ac.uk/chembl/compound_report_card/CHEMBL1171837
CHEMBL1397,POSACONAZOLE,True,oxidative_stress,pathway,"Compound annotation contains keyword 'True' (or related pathway term), suggesting relevance to MSD node oxidative_stress.",source: specs_annotated_unified.csv; ChEMBL:https://www.ebi.ac.uk/chembl/compound_report_card/CHEMBL1397
CHEMBL542,AMINOBENZOIC ACID,True,oxidative_stress,pathway,"Compound annotation contains keyword 'True' (or related pathway term), suggesting relevance to MSD node oxidative_stress.",source: specs_annotated_unified.csv; ChEMBL:https://www.ebi.ac.uk/chembl/compound_report_card/CHEMBL542
CHEMBL3545154,POZIOTINIB,True,oxidative_stress,pathway,"Compound annotation contains keyword 'True' (or related pathway term), suggesting relevance to MSD node oxidative_stress.",source: specs_annotated_unified.csv; ChEMBL:https://www.ebi.ac.uk/chembl/compound_report_card/CHEMBL3545154
CHEMBL367463,PRANOPROFEN,True,oxidative_stress,pathway,"Compound annotation contains keyword 'True' (or related pathway term), suggesting relevance to MSD node oxidative_stress.",source: specs_annotated_unified.csv; ChEMBL:https://www.ebi.ac.uk/chembl/compound_report_card/CHEMBL367463
CHEMBL13178,PRAVADOLINE,True,oxidative_stress,pathway,"Compound annotation contains keyword 'True' (or related pathway term), suggesting relevance to MSD node oxidative_stress.",source: specs_annotated_unified.csv; ChEMBL:https://www.ebi.ac.uk/chembl/compound_report_card/CHEMBL13178
CHEMBL24072,PRENYLAMINE,True,autophagy_flux,pathway,"Compound annotation contains keyword 'True' (or related pathway term), suggesting relevance to MSD node autophagy_flux.",source: specs_annotated_unified.csv; ChEMBL:https://www.ebi.ac.uk/chembl/compound_report_card/CHEMBL24072
CHEMBL506,PRIMAQUINE,True,oxidative_stress,pathway,"Compound annotation contains keyword 'True' (or related pathway term), suggesting relevance to MSD node oxidative_stress.",source: specs_annotated_unified.csv; ChEMBL:https://www.ebi.ac.uk/chembl/compound_report_card/CHEMBL506
CHEMBL2107771,RALFINAMIDE,True,oxidative_stress,pathway,"Compound annotation contains keyword 'True' (or related pathway term), suggesting relevance to MSD node oxidative_stress.",source: specs_annotated_unified.csv; ChEMBL:https://www.ebi.ac.uk/chembl/compound_report_card/CHEMBL2107771
CHEMBL1321,PROCARBAZINE,True,oxidative_stress,pathway,"Compound annotation contains keyword 'True' (or related pathway term), suggesting relevance to MSD node oxidative_stress.",source: specs_annotated_unified.csv; ChEMBL:https://www.ebi.ac.uk/chembl/compound_report_card/CHEMBL1321
CHEMBL728,PROCHLORPERAZINE,True,oxidative_stress,pathway,"Compound annotation contains keyword 'True' (or related pathway term), suggesting relevance to MSD node oxidative_stress.",source: specs_annotated_unified.csv; ChEMBL:https://www.ebi.ac.uk/chembl/compound_report_card/CHEMBL728
CHEMBL55400,PROFLAVINE,True,oxidative_stress,pathway,"Compound annotation contains keyword 'True' (or related pathway term), suggesting relevance to MSD node oxidative_stress.",source: specs_annotated_unified.csv; ChEMBL:https://www.ebi.ac.uk/chembl/compound_report_card/CHEMBL55400
CHEMBL1518,PROPYLTHIOURACIL,True,oxidative_stress,pathway,"Compound annotation contains keyword 'True' (or related pathway term), suggesting relevance to MSD node oxidative_stress.",source: specs_annotated_unified.csv; ChEMBL:https://www.ebi.ac.uk/chembl/compound_report_card/CHEMBL1518
CHEMBL268501,PROQUAZONE,True,oxidative_stress,pathway,"Compound annotation contains keyword 'True' (or related pathway term), suggesting relevance to MSD node oxidative_stress.",source: specs_annotated_unified.csv; ChEMBL:https://www.ebi.ac.uk/chembl/compound_report_card/CHEMBL268501
CHEMBL1378024,PROTIONAMIDE,True,oxidative_stress,pathway,"Compound annotation contains keyword 'True' (or related pathway term), suggesting relevance to MSD node oxidative_stress.",source: specs_annotated_unified.csv; ChEMBL:https://www.ebi.ac.uk/chembl/compound_report_card/CHEMBL1378024
CHEMBL1196,PROPARACAINE,True,oxidative_stress,pathway,"Compound annotation contains keyword 'True' (or related pathway term), suggesting relevance to MSD node oxidative_stress.",source: specs_annotated_unified.csv; ChEMBL:https://www.ebi.ac.uk/chembl/compound_report_card/CHEMBL1196
CHEMBL23327,PURVALANOLA,True,oxidative_stress,pathway,"Compound annotation contains keyword 'True' (or related pathway term), suggesting relevance to MSD node oxidative_stress.",source: specs_annotated_unified.csv; ChEMBL:https://www.ebi.ac.uk/chembl/compound_report_card/CHEMBL23327
CHEMBL1725279,SP-600125,True,oxidative_stress,pathway,"Compound annotation contains keyword 'True' (or related pathway term), suggesting relevance to MSD node oxidative_stress.",source: specs_annotated_unified.csv; ChEMBL:https://www.ebi.ac.uk/chembl/compound_report_card/CHEMBL1725279
CHEMBL35228,PYRONARIDINE,True,oxidative_stress,pathway,"Compound annotation contains keyword 'True' (or related pathway term), suggesting relevance to MSD node oxidative_stress.",source: specs_annotated_unified.csv; ChEMBL:https://www.ebi.ac.uk/chembl/compound_report_card/CHEMBL35228
CHEMBL1201303,PYRVINIUM,True,oxidative_stress,pathway,"Compound annotation contains keyword 'True' (or related pathway term), suggesting relevance to MSD node oxidative_stress.",source: specs_annotated_unified.csv; ChEMBL:https://www.ebi.ac.uk/chembl/compound_report_card/CHEMBL1201303
CHEMBL50,QUERCETIN,True,oxidative_stress,pathway,"Compound annotation contains keyword 'True' (or related pathway term), suggesting relevance to MSD node oxidative_stress.",source: specs_annotated_unified.csv; ChEMBL:https://www.ebi.ac.uk/chembl/compound_report_card/CHEMBL50
CHEMBL576982,QUIZARTINIB,True,oxidative_stress,moa,"Compound annotation contains keyword 'True' (or related pathway term), suggesting relevance to MSD node oxidative_stress.",source: specs_annotated_unified.csv; ChEMBL:https://www.ebi.ac.uk/chembl/compound_report_card/CHEMBL576982
CHEMBL1219,RABEPRAZOLE,True,oxidative_stress,pathway,"Compound annotation contains keyword 'True' (or related pathway term), suggesting relevance to MSD node oxidative_stress.",source: specs_annotated_unified.csv; ChEMBL:https://www.ebi.ac.uk/chembl/compound_report_card/CHEMBL1219
CHEMBL81,RALOXIFENE,True,oxidative_stress,pathway,"Compound annotation contains keyword 'True' (or related pathway term), suggesting relevance to MSD node oxidative_stress.",source: specs_annotated_unified.csv; ChEMBL:https://www.ebi.ac.uk/chembl/compound_report_card/CHEMBL81
CHEMBL361812,RAMATROBAN,True,oxidative_stress,pathway,"Compound annotation contains keyword 'True' (or related pathway term), suggesting relevance to MSD node oxidative_stress.",source: specs_annotated_unified.csv; ChEMBL:https://www.ebi.ac.uk/chembl/compound_report_card/CHEMBL361812
CHEMBL887,RASAGILINE,True,oxidative_stress,pathway,"Compound annotation contains keyword 'True' (or related pathway term), suggesting relevance to MSD node oxidative_stress.",source: specs_annotated_unified.csv; ChEMBL:https://www.ebi.ac.uk/chembl/compound_report_card/CHEMBL887
CHEMBL1738757,REBASTINIB,True,ER_proteostasis,pathway,"Compound annotation contains keyword 'True' (or related pathway term), suggesting relevance to MSD node ER_proteostasis.",source: specs_annotated_unified.csv; ChEMBL:https://www.ebi.ac.uk/chembl/compound_report_card/CHEMBL1738757
CHEMBL1738757,REBASTINIB,True,oxidative_stress,moa,"Compound annotation contains keyword 'True' (or related pathway term), suggesting relevance to MSD node oxidative_stress.",source: specs_annotated_unified.csv; ChEMBL:https://www.ebi.ac.uk/chembl/compound_report_card/CHEMBL1738757
CHEMBL1946170,REGORAFENIB,True,oxidative_stress,moa,"Compound annotation contains keyword 'True' (or related pathway term), suggesting relevance to MSD node oxidative_stress.",source: specs_annotated_unified.csv; ChEMBL:https://www.ebi.ac.uk/chembl/compound_report_card/CHEMBL1946170
CHEMBL399572,nan,True,oxidative_stress,pathway,"Compound annotation contains keyword 'True' (or related pathway term), suggesting relevance to MSD node oxidative_stress.",source: specs_annotated_unified.csv; ChEMBL:https://www.ebi.ac.uk/chembl/compound_report_card/CHEMBL399572
CHEMBL24147,RESORCINOL,True,oxidative_stress,pathway,"Compound annotation contains keyword 'True' (or related pathway term), suggesting relevance to MSD node oxidative_stress.",source: specs_annotated_unified.csv; ChEMBL:https://www.ebi.ac.uk/chembl/compound_report_card/CHEMBL24147
CHEMBL165,RESVERATROL,True,oxidative_stress,pathway,"Compound annotation contains keyword 'True' (or related pathway term), suggesting relevance to MSD node oxidative_stress.",source: specs_annotated_unified.csv; ChEMBL:https://www.ebi.ac.uk/chembl/compound_report_card/CHEMBL165
CHEMBL188343,REVERSINE,True,oxidative_stress,pathway,"Compound annotation contains keyword 'True' (or related pathway term), suggesting relevance to MSD node oxidative_stress.",source: specs_annotated_unified.csv; ChEMBL:https://www.ebi.ac.uk/chembl/compound_report_card/CHEMBL188343
CHEMBL1201794,RIBOFLAVIN 5'-PHOSPHATE,True,oxidative_stress,pathway,"Compound annotation contains keyword 'True' (or related pathway term), suggesting relevance to MSD node oxidative_stress.",source: specs_annotated_unified.csv; ChEMBL:https://www.ebi.ac.uk/chembl/compound_report_card/CHEMBL1201794
CHEMBL374478,RIFAMPIN,True,oxidative_stress,pathway,"Compound annotation contains keyword 'True' (or related pathway term), suggesting relevance to MSD node oxidative_stress.",source: specs_annotated_unified.csv; ChEMBL:https://www.ebi.ac.uk/chembl/compound_report_card/CHEMBL374478
CHEMBL1617,RIFAXIMIN,True,oxidative_stress,pathway,"Compound annotation contains keyword 'True' (or related pathway term), suggesting relevance to MSD node oxidative_stress.",source: specs_annotated_unified.csv; ChEMBL:https://www.ebi.ac.uk/chembl/compound_report_card/CHEMBL1617
CHEMBL3545308,ROCILETINIB,True,oxidative_stress,pathway,"Compound annotation contains keyword 'True' (or related pathway term), suggesting relevance to MSD node oxidative_stress.",source: specs_annotated_unified.csv; ChEMBL:https://www.ebi.ac.uk/chembl/compound_report_card/CHEMBL3545308
CHEMBL122,ROFECOXIB,True,autophagy_flux,pathway,"Compound annotation contains keyword 'True' (or related pathway term), suggesting relevance to MSD node autophagy_flux.",source: specs_annotated_unified.csv; ChEMBL:https://www.ebi.ac.uk/chembl/compound_report_card/CHEMBL122
CHEMBL122,ROFECOXIB,True,oxidative_stress,pathway,"Compound annotation contains keyword 'True' (or related pathway term), suggesting relevance to MSD node oxidative_stress.",source: specs_annotated_unified.csv; ChEMBL:https://www.ebi.ac.uk/chembl/compound_report_card/CHEMBL122
CHEMBL63,ROLIPRAM,True,oxidative_stress,pathway,"Compound annotation contains keyword 'True' (or related pathway term), suggesting relevance to MSD node oxidative_stress.",source: specs_annotated_unified.csv; ChEMBL:https://www.ebi.ac.uk/chembl/compound_report_card/CHEMBL63
CHEMBL14762,SELICICLIB,True,oxidative_stress,pathway,"Compound annotation contains keyword 'True' (or related pathway term), suggesting relevance to MSD node oxidative_stress.",source: specs_annotated_unified.csv; ChEMBL:https://www.ebi.ac.uk/chembl/compound_report_card/CHEMBL14762
CHEMBL121,ROSIGLITAZONE,True,oxidative_stress,pathway,"Compound annotation contains keyword 'True' (or related pathway term), suggesting relevance to MSD node oxidative_stress.",source: specs_annotated_unified.csv; ChEMBL:https://www.ebi.ac.uk/chembl/compound_report_card/CHEMBL121
CHEMBL324842,ROSMARINIC ACID,True,oxidative_stress,pathway,"Compound annotation contains keyword 'True' (or related pathway term), suggesting relevance to MSD node oxidative_stress.",source: specs_annotated_unified.csv; ChEMBL:https://www.ebi.ac.uk/chembl/compound_report_card/CHEMBL324842
CHEMBL1173055,RUCAPARIB,True,oxidative_stress,pathway,"Compound annotation contains keyword 'True' (or related pathway term), suggesting relevance to MSD node oxidative_stress.",source: specs_annotated_unified.csv; ChEMBL:https://www.ebi.ac.uk/chembl/compound_report_card/CHEMBL1173055
CHEMBL450195,RUCINOL,True,oxidative_stress,pathway,"Compound annotation contains keyword 'True' (or related pathway term), suggesting relevance to MSD node oxidative_stress.",source: specs_annotated_unified.csv; ChEMBL:https://www.ebi.ac.uk/chembl/compound_report_card/CHEMBL450195
CHEMBL85139,RUTAECARPINE,True,oxidative_stress,pathway,"Compound annotation contains keyword 'True' (or related pathway term), suggesting relevance to MSD node oxidative_stress.",source: specs_annotated_unified.csv; ChEMBL:https://www.ebi.ac.uk/chembl/compound_report_card/CHEMBL85139
CHEMBL226335,RUTIN,True,oxidative_stress,pathway,"Compound annotation contains keyword 'True' (or related pathway term), suggesting relevance to MSD node oxidative_stress.",source: specs_annotated_unified.csv; ChEMBL:https://www.ebi.ac.uk/chembl/compound_report_card/CHEMBL226335
CHEMBL1287854,nan,True,oxidative_stress,pathway,"Compound annotation contains keyword 'True' (or related pathway term), suggesting relevance to MSD node oxidative_stress.",source: specs_annotated_unified.csv; ChEMBL:https://www.ebi.ac.uk/chembl/compound_report_card/CHEMBL1287854
CHEMBL310671,SACCHARIN,True,oxidative_stress,pathway,"Compound annotation contains keyword 'True' (or related pathway term), suggesting relevance to MSD node oxidative_stress.",source: specs_annotated_unified.csv; ChEMBL:https://www.ebi.ac.uk/chembl/compound_report_card/CHEMBL310671
CHEMBL396778,SAFINAMIDE,True,oxidative_stress,pathway,"Compound annotation contains keyword 'True' (or related pathway term), suggesting relevance to MSD node oxidative_stress.",source: specs_annotated_unified.csv; ChEMBL:https://www.ebi.ac.uk/chembl/compound_report_card/CHEMBL396778
CHEMBL465208,SALIDROSIDE,True,oxidative_stress,pathway,"Compound annotation contains keyword 'True' (or related pathway term), suggesting relevance to MSD node oxidative_stress.",source: specs_annotated_unified.csv; ChEMBL:https://www.ebi.ac.uk/chembl/compound_report_card/CHEMBL465208
CHEMBL217092,SARACATINIB,True,oxidative_stress,moa,"Compound annotation contains keyword 'True' (or related pathway term), suggesting relevance to MSD node oxidative_stress.",source: specs_annotated_unified.csv; ChEMBL:https://www.ebi.ac.uk/chembl/compound_report_card/CHEMBL217092
CHEMBL4297530,SAROGLITAZAR,True,oxidative_stress,pathway,"Compound annotation contains keyword 'True' (or related pathway term), suggesting relevance to MSD node oxidative_stress.",source: specs_annotated_unified.csv; ChEMBL:https://www.ebi.ac.uk/chembl/compound_report_card/CHEMBL4297530
CHEMBL972,SELEGILINE,True,oxidative_stress,pathway,"Compound annotation contains keyword 'True' (or related pathway term), suggesting relevance to MSD node oxidative_stress.",source: specs_annotated_unified.csv; ChEMBL:https://www.ebi.ac.uk/chembl/compound_report_card/CHEMBL972
CHEMBL238804,SELEXIPAG,True,oxidative_stress,moa,"Compound annotation contains keyword 'True' (or related pathway term), suggesting relevance to MSD node oxidative_stress.",source: specs_annotated_unified.csv; ChEMBL:https://www.ebi.ac.uk/chembl/compound_report_card/CHEMBL238804
CHEMBL3545185,SELINEXOR,True,oxidative_stress,pathway,"Compound annotation contains keyword 'True' (or related pathway term), suggesting relevance to MSD node oxidative_stress.",source: specs_annotated_unified.csv; ChEMBL:https://www.ebi.ac.uk/chembl/compound_report_card/CHEMBL3545185
CHEMBL276711,SEMAXANIB,True,oxidative_stress,pathway,"Compound annotation contains keyword 'True' (or related pathway term), suggesting relevance to MSD node oxidative_stress.",source: specs_annotated_unified.csv; ChEMBL:https://www.ebi.ac.uk/chembl/compound_report_card/CHEMBL276711
CHEMBL12948,SEMUSTINE,True,oxidative_stress,moa,"Compound annotation contains keyword 'True' (or related pathway term), suggesting relevance to MSD node oxidative_stress.",source: specs_annotated_unified.csv; ChEMBL:https://www.ebi.ac.uk/chembl/compound_report_card/CHEMBL12948
CHEMBL70972,SERATRODAST,True,oxidative_stress,pathway,"Compound annotation contains keyword 'True' (or related pathway term), suggesting relevance to MSD node oxidative_stress.",source: specs_annotated_unified.csv; ChEMBL:https://www.ebi.ac.uk/chembl/compound_report_card/CHEMBL70972
CHEMBL1201196,SERTACONAZOLE,True,oxidative_stress,pathway,"Compound annotation contains keyword 'True' (or related pathway term), suggesting relevance to MSD node oxidative_stress.",source: specs_annotated_unified.csv; ChEMBL:https://www.ebi.ac.uk/chembl/compound_report_card/CHEMBL1201196
CHEMBL2386081,SETIPIPRANT,True,oxidative_stress,pathway,"Compound annotation contains keyword 'True' (or related pathway term), suggesting relevance to MSD node oxidative_stress.",source: specs_annotated_unified.csv; ChEMBL:https://www.ebi.ac.uk/chembl/compound_report_card/CHEMBL2386081
CHEMBL1064,SIMVASTATIN,True,oxidative_stress,pathway,"Compound annotation contains keyword 'True' (or related pathway term), suggesting relevance to MSD node oxidative_stress.",source: specs_annotated_unified.csv; ChEMBL:https://www.ebi.ac.uk/chembl/compound_report_card/CHEMBL1064
CHEMBL413,SIROLIMUS,True,autophagy_flux,pathway,"Compound annotation contains keyword 'True' (or related pathway term), suggesting relevance to MSD node autophagy_flux.",source: specs_annotated_unified.csv; ChEMBL:https://www.ebi.ac.uk/chembl/compound_report_card/CHEMBL413
CHEMBL413,SIROLIMUS,MTOR,mTORC1,target,"Compound annotated with target MTOR, which links to MSD node mTORC1.",source: specs_annotated_unified.csv; ChEMBL:https://www.ebi.ac.uk/chembl/compound_report_card/CHEMBL413
CHEMBL413,SIROLIMUS,True,oxidative_stress,pathway,"Compound annotation contains keyword 'True' (or related pathway term), suggesting relevance to MSD node oxidative_stress.",source: specs_annotated_unified.csv; ChEMBL:https://www.ebi.ac.uk/chembl/compound_report_card/CHEMBL413
CHEMBL3301606,SOLCITINIB,True,oxidative_stress,moa,"Compound annotation contains keyword 'True' (or related pathway term), suggesting relevance to MSD node oxidative_stress.",source: specs_annotated_unified.csv; ChEMBL:https://www.ebi.ac.uk/chembl/compound_report_card/CHEMBL3301606
CHEMBL1336,SORAFENIB,True,autophagy_flux,pathway,"Compound annotation contains keyword 'True' (or related pathway term), suggesting relevance to MSD node autophagy_flux.",source: specs_annotated_unified.csv; ChEMBL:https://www.ebi.ac.uk/chembl/compound_report_card/CHEMBL1336
CHEMBL1336,SORAFENIB,True,oxidative_stress,pathway,"Compound annotation contains keyword 'True' (or related pathway term), suggesting relevance to MSD node oxidative_stress.",source: specs_annotated_unified.csv; ChEMBL:https://www.ebi.ac.uk/chembl/compound_report_card/CHEMBL1336
CHEMBL565612,SOTRASTAURIN,True,oxidative_stress,pathway,"Compound annotation contains keyword 'True' (or related pathway term), suggesting relevance to MSD node oxidative_stress.",source: specs_annotated_unified.csv; ChEMBL:https://www.ebi.ac.uk/chembl/compound_report_card/CHEMBL565612
CHEMBL403,SULBACTAM,True,autophagy_flux,pathway,"Compound annotation contains keyword 'True' (or related pathway term), suggesting relevance to MSD node autophagy_flux.",source: specs_annotated_unified.csv; ChEMBL:https://www.ebi.ac.uk/chembl/compound_report_card/CHEMBL403
CHEMBL1221,SULCONAZOLE,True,oxidative_stress,pathway,"Compound annotation contains keyword 'True' (or related pathway term), suggesting relevance to MSD node oxidative_stress.",source: specs_annotated_unified.csv; ChEMBL:https://www.ebi.ac.uk/chembl/compound_report_card/CHEMBL1221
CHEMBL21,SULFANILAMIDE,True,oxidative_stress,pathway,"Compound annotation contains keyword 'True' (or related pathway term), suggesting relevance to MSD node oxidative_stress.",source: specs_annotated_unified.csv; ChEMBL:https://www.ebi.ac.uk/chembl/compound_report_card/CHEMBL21
CHEMBL48802,SULFORAPHANE,True,oxidative_stress,pathway,"Compound annotation contains keyword 'True' (or related pathway term), suggesting relevance to MSD node oxidative_stress.",source: specs_annotated_unified.csv; ChEMBL:https://www.ebi.ac.uk/chembl/compound_report_card/CHEMBL48802
CHEMBL15770,SULINDAC,True,oxidative_stress,pathway,"Compound annotation contains keyword 'True' (or related pathway term), suggesting relevance to MSD node oxidative_stress.",source: specs_annotated_unified.csv; ChEMBL:https://www.ebi.ac.uk/chembl/compound_report_card/CHEMBL15770
CHEMBL26,SULPIRIDE,True,oxidative_stress,pathway,"Compound annotation contains keyword 'True' (or related pathway term), suggesting relevance to MSD node oxidative_stress.",source: specs_annotated_unified.csv; ChEMBL:https://www.ebi.ac.uk/chembl/compound_report_card/CHEMBL26
CHEMBL535,SUNITINIB,True,oxidative_stress,moa,"Compound annotation contains keyword 'True' (or related pathway term), suggesting relevance to MSD node oxidative_stress.",source: specs_annotated_unified.csv; ChEMBL:https://www.ebi.ac.uk/chembl/compound_report_card/CHEMBL535
CHEMBL956,SUPROFEN,True,oxidative_stress,pathway,"Compound annotation contains keyword 'True' (or related pathway term), suggesting relevance to MSD node oxidative_stress.",source: specs_annotated_unified.csv; ChEMBL:https://www.ebi.ac.uk/chembl/compound_report_card/CHEMBL956
CHEMBL265502,SURAMIN,True,oxidative_stress,pathway,"Compound annotation contains keyword 'True' (or related pathway term), suggesting relevance to MSD node oxidative_stress.",source: specs_annotated_unified.csv; ChEMBL:https://www.ebi.ac.uk/chembl/compound_report_card/CHEMBL265502
CHEMBL269732,TACROLIMUS ANHYDROUS,True,autophagy_flux,pathway,"Compound annotation contains keyword 'True' (or related pathway term), suggesting relevance to MSD node autophagy_flux.",source: specs_annotated_unified.csv; ChEMBL:https://www.ebi.ac.uk/chembl/compound_report_card/CHEMBL269732
CHEMBL269732,TACROLIMUS ANHYDROUS,MTOR,mTORC1,target,"Compound annotated with target MTOR, which links to MSD node mTORC1.",source: specs_annotated_unified.csv; ChEMBL:https://www.ebi.ac.uk/chembl/compound_report_card/CHEMBL269732
CHEMBL83,TAMOXIFEN,True,oxidative_stress,pathway,"Compound annotation contains keyword 'True' (or related pathway term), suggesting relevance to MSD node oxidative_stress.",source: specs_annotated_unified.csv; ChEMBL:https://www.ebi.ac.uk/chembl/compound_report_card/CHEMBL83
CHEMBL124660,TANDUTINIB,True,oxidative_stress,moa,"Compound annotation contains keyword 'True' (or related pathway term), suggesting relevance to MSD node oxidative_stress.",source: specs_annotated_unified.csv; ChEMBL:https://www.ebi.ac.uk/chembl/compound_report_card/CHEMBL124660
CHEMBL109480,TANESPIMYCIN,True,oxidative_stress,pathway,"Compound annotation contains keyword 'True' (or related pathway term), suggesting relevance to MSD node oxidative_stress.",source: specs_annotated_unified.csv; ChEMBL:https://www.ebi.ac.uk/chembl/compound_report_card/CHEMBL109480
CHEMBL506247,TANNIC ACID,True,oxidative_stress,pathway,"Compound annotation contains keyword 'True' (or related pathway term), suggesting relevance to MSD node oxidative_stress.",source: specs_annotated_unified.csv; ChEMBL:https://www.ebi.ac.uk/chembl/compound_report_card/CHEMBL506247
CHEMBL363535,TANSHINONE I,True,oxidative_stress,pathway,"Compound annotation contains keyword 'True' (or related pathway term), suggesting relevance to MSD node oxidative_stress.",source: specs_annotated_unified.csv; ChEMBL:https://www.ebi.ac.uk/chembl/compound_report_card/CHEMBL363535
CHEMBL187266,TANSHINONE IIA,True,oxidative_stress,pathway,"Compound annotation contains keyword 'True' (or related pathway term), suggesting relevance to MSD node oxidative_stress.",source: specs_annotated_unified.csv; ChEMBL:https://www.ebi.ac.uk/chembl/compound_report_card/CHEMBL187266
CHEMBL2107783,TAPRENEPAG,True,oxidative_stress,pathway,"Compound annotation contains keyword 'True' (or related pathway term), suggesting relevance to MSD node oxidative_stress.",source: specs_annotated_unified.csv; ChEMBL:https://www.ebi.ac.uk/chembl/compound_report_card/CHEMBL2107783
CHEMBL2387080,TASELISIB,MTOR,mTORC1,target,"Compound annotated with target MTOR, which links to MSD node mTORC1.",source: specs_annotated_unified.csv; ChEMBL:https://www.ebi.ac.uk/chembl/compound_report_card/CHEMBL2387080
CHEMBL66,(+)-TAXIFOLIN,True,oxidative_stress,pathway,"Compound annotation contains keyword 'True' (or related pathway term), suggesting relevance to MSD node oxidative_stress.",source: specs_annotated_unified.csv; ChEMBL:https://www.ebi.ac.uk/chembl/compound_report_card/CHEMBL66
CHEMBL404,TAZOBACTAM,True,autophagy_flux,pathway,"Compound annotation contains keyword 'True' (or related pathway term), suggesting relevance to MSD node autophagy_flux.",source: specs_annotated_unified.csv; ChEMBL:https://www.ebi.ac.uk/chembl/compound_report_card/CHEMBL404
CHEMBL1257051,TEDIZOLID,True,oxidative_stress,pathway,"Compound annotation contains keyword 'True' (or related pathway term), suggesting relevance to MSD node oxidative_stress.",source: specs_annotated_unified.csv; ChEMBL:https://www.ebi.ac.uk/chembl/compound_report_card/CHEMBL1257051
CHEMBL76370,TEGASEROD,True,oxidative_stress,pathway,"Compound annotation contains keyword 'True' (or related pathway term), suggesting relevance to MSD node oxidative_stress.",source: specs_annotated_unified.csv; ChEMBL:https://www.ebi.ac.uk/chembl/compound_report_card/CHEMBL76370
CHEMBL302795,TENOXICAM,True,oxidative_stress,pathway,"Compound annotation contains keyword 'True' (or related pathway term), suggesting relevance to MSD node oxidative_stress.",source: specs_annotated_unified.csv; ChEMBL:https://www.ebi.ac.uk/chembl/compound_report_card/CHEMBL302795
CHEMBL316040,TEPOXALIN,True,oxidative_stress,pathway,"Compound annotation contains keyword 'True' (or related pathway term), suggesting relevance to MSD node oxidative_stress.",source: specs_annotated_unified.csv; ChEMBL:https://www.ebi.ac.uk/chembl/compound_report_card/CHEMBL316040
CHEMBL17157,TERFENADINE,True,oxidative_stress,pathway,"Compound annotation contains keyword 'True' (or related pathway term), suggesting relevance to MSD node oxidative_stress.",source: specs_annotated_unified.csv; ChEMBL:https://www.ebi.ac.uk/chembl/compound_report_card/CHEMBL17157
CHEMBL973,TERIFLUNOMIDE,True,oxidative_stress,pathway,"Compound annotation contains keyword 'True' (or related pathway term), suggesting relevance to MSD node oxidative_stress.",source: specs_annotated_unified.csv; ChEMBL:https://www.ebi.ac.uk/chembl/compound_report_card/CHEMBL973
CHEMBL698,TETRACAINE,True,oxidative_stress,pathway,"Compound annotation contains keyword 'True' (or related pathway term), suggesting relevance to MSD node oxidative_stress.",source: specs_annotated_unified.csv; ChEMBL:https://www.ebi.ac.uk/chembl/compound_report_card/CHEMBL698
CHEMBL1440,TETRACYCLINE,True,oxidative_stress,pathway,"Compound annotation contains keyword 'True' (or related pathway term), suggesting relevance to MSD node oxidative_stress.",source: specs_annotated_unified.csv; ChEMBL:https://www.ebi.ac.uk/chembl/compound_report_card/CHEMBL1440
CHEMBL3544914,TEZACAFTOR,True,oxidative_stress,moa,"Compound annotation contains keyword 'True' (or related pathway term), suggesting relevance to MSD node oxidative_stress.",source: specs_annotated_unified.csv; ChEMBL:https://www.ebi.ac.uk/chembl/compound_report_card/CHEMBL3544914
CHEMBL468,THALIDOMIDE,True,oxidative_stress,pathway,"Compound annotation contains keyword 'True' (or related pathway term), suggesting relevance to MSD node oxidative_stress.",source: specs_annotated_unified.csv; ChEMBL:https://www.ebi.ac.uk/chembl/compound_report_card/CHEMBL468
CHEMBL213907,THIOCOLCHICOSIDE,True,autophagy_flux,pathway,"Compound annotation contains keyword 'True' (or related pathway term), suggesting relevance to MSD node autophagy_flux.",source: specs_annotated_unified.csv; ChEMBL:https://www.ebi.ac.uk/chembl/compound_report_card/CHEMBL213907
CHEMBL727,THIOGUANINE,True,oxidative_stress,pathway,"Compound annotation contains keyword 'True' (or related pathway term), suggesting relevance to MSD node oxidative_stress.",source: specs_annotated_unified.csv; ChEMBL:https://www.ebi.ac.uk/chembl/compound_report_card/CHEMBL727
CHEMBL479,THIORIDAZINE,True,oxidative_stress,pathway,"Compound annotation contains keyword 'True' (or related pathway term), suggesting relevance to MSD node oxidative_stress.",source: specs_annotated_unified.csv; ChEMBL:https://www.ebi.ac.uk/chembl/compound_report_card/CHEMBL479
CHEMBL442687,TIOXOLONE,True,oxidative_stress,pathway,"Compound annotation contains keyword 'True' (or related pathway term), suggesting relevance to MSD node oxidative_stress.",source: specs_annotated_unified.csv; ChEMBL:https://www.ebi.ac.uk/chembl/compound_report_card/CHEMBL442687
CHEMBL1324,TOLCAPONE,True,oxidative_stress,pathway,"Compound annotation contains keyword 'True' (or related pathway term), suggesting relevance to MSD node oxidative_stress.",source: specs_annotated_unified.csv; ChEMBL:https://www.ebi.ac.uk/chembl/compound_report_card/CHEMBL1324
CHEMBL121626,TOLFENAMIC ACID,True,oxidative_stress,pathway,"Compound annotation contains keyword 'True' (or related pathway term), suggesting relevance to MSD node oxidative_stress.",source: specs_annotated_unified.csv; ChEMBL:https://www.ebi.ac.uk/chembl/compound_report_card/CHEMBL121626
CHEMBL8030,TOLIMIDONE,True,oxidative_stress,moa,"Compound annotation contains keyword 'True' (or related pathway term), suggesting relevance to MSD node oxidative_stress.",source: specs_annotated_unified.csv; ChEMBL:https://www.ebi.ac.uk/chembl/compound_report_card/CHEMBL8030
CHEMBL1020,TOLMETIN,True,oxidative_stress,pathway,"Compound annotation contains keyword 'True' (or related pathway term), suggesting relevance to MSD node oxidative_stress.",source: specs_annotated_unified.csv; ChEMBL:https://www.ebi.ac.uk/chembl/compound_report_card/CHEMBL1020
CHEMBL220492,TOPIRAMATE,True,oxidative_stress,pathway,"Compound annotation contains keyword 'True' (or related pathway term), suggesting relevance to MSD node oxidative_stress.",source: specs_annotated_unified.csv; ChEMBL:https://www.ebi.ac.uk/chembl/compound_report_card/CHEMBL220492
CHEMBL1256459,TORIN1,MTOR,mTORC1,target,"Compound annotated with target MTOR, which links to MSD node mTORC1.",source: specs_annotated_unified.csv; ChEMBL:https://www.ebi.ac.uk/chembl/compound_report_card/CHEMBL1256459
CHEMBL1765602,nan,MTOR,mTORC1,target,"Compound annotated with target MTOR, which links to MSD node mTORC1.",source: specs_annotated_unified.csv; ChEMBL:https://www.ebi.ac.uk/chembl/compound_report_card/CHEMBL1765602
CHEMBL572878,TOZASERTIB,True,oxidative_stress,pathway,"Compound annotation contains keyword 'True' (or related pathway term), suggesting relevance to MSD node oxidative_stress.",source: specs_annotated_unified.csv; ChEMBL:https://www.ebi.ac.uk/chembl/compound_report_card/CHEMBL572878
CHEMBL415324,TRANILAST,True,oxidative_stress,pathway,"Compound annotation contains keyword 'True' (or related pathway term), suggesting relevance to MSD node oxidative_stress.",source: specs_annotated_unified.csv; ChEMBL:https://www.ebi.ac.uk/chembl/compound_report_card/CHEMBL415324
CHEMBL313833,nan,True,oxidative_stress,pathway,"Compound annotation contains keyword 'True' (or related pathway term), suggesting relevance to MSD node oxidative_stress.",source: specs_annotated_unified.csv; ChEMBL:https://www.ebi.ac.uk/chembl/compound_report_card/CHEMBL313833
CHEMBL455186,TREOSULFAN,True,oxidative_stress,moa,"Compound annotation contains keyword 'True' (or related pathway term), suggesting relevance to MSD node oxidative_stress.",source: specs_annotated_unified.csv; ChEMBL:https://www.ebi.ac.uk/chembl/compound_report_card/CHEMBL455186
CHEMBL38,TRETINOIN,True,autophagy_flux,pathway,"Compound annotation contains keyword 'True' (or related pathway term), suggesting relevance to MSD node autophagy_flux.",source: specs_annotated_unified.csv; ChEMBL:https://www.ebi.ac.uk/chembl/compound_report_card/CHEMBL38
CHEMBL38,TRETINOIN,True,oxidative_stress,pathway,"Compound annotation contains keyword 'True' (or related pathway term), suggesting relevance to MSD node oxidative_stress.",source: specs_annotated_unified.csv; ChEMBL:https://www.ebi.ac.uk/chembl/compound_report_card/CHEMBL38
CHEMBL585,TRIAMTERENE,True,oxidative_stress,pathway,"Compound annotation contains keyword 'True' (or related pathway term), suggesting relevance to MSD node oxidative_stress.",source: specs_annotated_unified.csv; ChEMBL:https://www.ebi.ac.uk/chembl/compound_report_card/CHEMBL585
CHEMBL24944,TRIBROMSALAN,True,oxidative_stress,pathway,"Compound annotation contains keyword 'True' (or related pathway term), suggesting relevance to MSD node oxidative_stress.",source: specs_annotated_unified.csv; ChEMBL:https://www.ebi.ac.uk/chembl/compound_report_card/CHEMBL24944
CHEMBL422,TRIFLUOPERAZINE,True,autophagy_flux,pathway,"Compound annotation contains keyword 'True' (or related pathway term), suggesting relevance to MSD node autophagy_flux.",source: specs_annotated_unified.csv; ChEMBL:https://www.ebi.ac.uk/chembl/compound_report_card/CHEMBL422
CHEMBL1475,TRIOXSALEN,True,oxidative_stress,pathway,"Compound annotation contains keyword 'True' (or related pathway term), suggesting relevance to MSD node oxidative_stress.",source: specs_annotated_unified.csv; ChEMBL:https://www.ebi.ac.uk/chembl/compound_report_card/CHEMBL1475
CHEMBL463763,TRIPTOLIDE,True,oxidative_stress,pathway,"Compound annotation contains keyword 'True' (or related pathway term), suggesting relevance to MSD node oxidative_stress.",source: specs_annotated_unified.csv; ChEMBL:https://www.ebi.ac.uk/chembl/compound_report_card/CHEMBL463763
CHEMBL408,TROGLITAZONE,True,oxidative_stress,pathway,"Compound annotation contains keyword 'True' (or related pathway term), suggesting relevance to MSD node oxidative_stress.",source: specs_annotated_unified.csv; ChEMBL:https://www.ebi.ac.uk/chembl/compound_report_card/CHEMBL408
CHEMBL153,TROLOX,True,oxidative_stress,pathway,"Compound annotation contains keyword 'True' (or related pathway term), suggesting relevance to MSD node oxidative_stress.",source: specs_annotated_unified.csv; ChEMBL:https://www.ebi.ac.uk/chembl/compound_report_card/CHEMBL153
CHEMBL306946,TRYPTANTHRIN,True,oxidative_stress,pathway,"Compound annotation contains keyword 'True' (or related pathway term), suggesting relevance to MSD node oxidative_stress.",source: specs_annotated_unified.csv; ChEMBL:https://www.ebi.ac.uk/chembl/compound_report_card/CHEMBL306946
CHEMBL3989868,TUCATINIB,True,oxidative_stress,moa,"Compound annotation contains keyword 'True' (or related pathway term), suggesting relevance to MSD node oxidative_stress.",source: specs_annotated_unified.csv; ChEMBL:https://www.ebi.ac.uk/chembl/compound_report_card/CHEMBL3989868
CHEMBL7917,TYRPHOSTIN AG-1478,True,oxidative_stress,pathway,"Compound annotation contains keyword 'True' (or related pathway term), suggesting relevance to MSD node oxidative_stress.",source: specs_annotated_unified.csv; ChEMBL:https://www.ebi.ac.uk/chembl/compound_report_card/CHEMBL7917
CHEMBL76904,TYRPHOSTIN 23,True,oxidative_stress,pathway,"Compound annotation contains keyword 'True' (or related pathway term), suggesting relevance to MSD node oxidative_stress.",source: specs_annotated_unified.csv; ChEMBL:https://www.ebi.ac.uk/chembl/compound_report_card/CHEMBL76904
CHEMBL118109,nan,True,oxidative_stress,pathway,"Compound annotation contains keyword 'True' (or related pathway term), suggesting relevance to MSD node oxidative_stress.",source: specs_annotated_unified.csv; ChEMBL:https://www.ebi.ac.uk/chembl/compound_report_card/CHEMBL118109
CHEMBL539947,TYRPHOSTIN AG 879,True,oxidative_stress,pathway,"Compound annotation contains keyword 'True' (or related pathway term), suggesting relevance to MSD node oxidative_stress.",source: specs_annotated_unified.csv; ChEMBL:https://www.ebi.ac.uk/chembl/compound_report_card/CHEMBL539947
CHEMBL296407,nan,True,oxidative_stress,pathway,"Compound annotation contains keyword 'True' (or related pathway term), suggesting relevance to MSD node oxidative_stress.",source: specs_annotated_unified.csv; ChEMBL:https://www.ebi.ac.uk/chembl/compound_report_card/CHEMBL296407
CHEMBL3137336,UPROSERTIB,True,trehalose_AKT_TFEB,moa,"Compound annotation contains keyword 'True' (or related pathway term), suggesting relevance to MSD node trehalose_AKT_TFEB.",source: specs_annotated_unified.csv; ChEMBL:https://www.ebi.ac.uk/chembl/compound_report_card/CHEMBL3137336
CHEMBL3137336,UPROSERTIB,True,oxidative_stress,pathway,"Compound annotation contains keyword 'True' (or related pathway term), suggesting relevance to MSD node oxidative_stress.",source: specs_annotated_unified.csv; ChEMBL:https://www.ebi.ac.uk/chembl/compound_report_card/CHEMBL3137336
CHEMBL865,VALDECOXIB,True,oxidative_stress,pathway,"Compound annotation contains keyword 'True' (or related pathway term), suggesting relevance to MSD node oxidative_stress.",source: specs_annotated_unified.csv; ChEMBL:https://www.ebi.ac.uk/chembl/compound_report_card/CHEMBL865
CHEMBL24828,VANDETANIB,True,oxidative_stress,moa,"Compound annotation contains keyword 'True' (or related pathway term), suggesting relevance to MSD node oxidative_stress.",source: specs_annotated_unified.csv; ChEMBL:https://www.ebi.ac.uk/chembl/compound_report_card/CHEMBL24828
CHEMBL101253,VATALANIB,True,oxidative_stress,pathway,"Compound annotation contains keyword 'True' (or related pathway term), suggesting relevance to MSD node oxidative_stress.",source: specs_annotated_unified.csv; ChEMBL:https://www.ebi.ac.uk/chembl/compound_report_card/CHEMBL101253
CHEMBL1229517,VEMURAFENIB,True,oxidative_stress,pathway,"Compound annotation contains keyword 'True' (or related pathway term), suggesting relevance to MSD node oxidative_stress.",source: specs_annotated_unified.csv; ChEMBL:https://www.ebi.ac.uk/chembl/compound_report_card/CHEMBL1229517
CHEMBL476960,VOGLIBOSE,True,oxidative_stress,pathway,"Compound annotation contains keyword 'True' (or related pathway term), suggesting relevance to MSD node oxidative_stress.",source: specs_annotated_unified.csv; ChEMBL:https://www.ebi.ac.uk/chembl/compound_report_card/CHEMBL476960
CHEMBL1096283,nan,True,oxidative_stress,pathway,"Compound annotation contains keyword 'True' (or related pathway term), suggesting relevance to MSD node oxidative_stress.",source: specs_annotated_unified.csv; ChEMBL:https://www.ebi.ac.uk/chembl/compound_report_card/CHEMBL1096283
CHEMBL428496,WORTMANNIN,MTOR,mTORC1,target,"Compound annotated with target MTOR, which links to MSD node mTORC1.",source: specs_annotated_unified.csv; ChEMBL:https://www.ebi.ac.uk/chembl/compound_report_card/CHEMBL428496
CHEMBL21536,XANOMELINE,True,oxidative_stress,pathway,"Compound annotation contains keyword 'True' (or related pathway term), suggesting relevance to MSD node oxidative_stress.",source: specs_annotated_unified.csv; ChEMBL:https://www.ebi.ac.uk/chembl/compound_report_card/CHEMBL21536
CHEMBL186784,XANTHONE,True,oxidative_stress,pathway,"Compound annotation contains keyword 'True' (or related pathway term), suggesting relevance to MSD node oxidative_stress.",source: specs_annotated_unified.csv; ChEMBL:https://www.ebi.ac.uk/chembl/compound_report_card/CHEMBL186784
CHEMBL603,ZAFIRLUKAST,True,oxidative_stress,pathway,"Compound annotation contains keyword 'True' (or related pathway term), suggesting relevance to MSD node oxidative_stress.",source: specs_annotated_unified.csv; ChEMBL:https://www.ebi.ac.uk/chembl/compound_report_card/CHEMBL603
CHEMBL1765291,ZALTOPROFEN,True,oxidative_stress,pathway,"Compound annotation contains keyword 'True' (or related pathway term), suggesting relevance to MSD node oxidative_stress.",source: specs_annotated_unified.csv; ChEMBL:https://www.ebi.ac.uk/chembl/compound_report_card/CHEMBL1765291
CHEMBL93,ZILEUTON,True,oxidative_stress,pathway,"Compound annotation contains keyword 'True' (or related pathway term), suggesting relevance to MSD node oxidative_stress.",source: specs_annotated_unified.csv; ChEMBL:https://www.ebi.ac.uk/chembl/compound_report_card/CHEMBL93
CHEMBL708,ZIPRASIDONE,True,oxidative_stress,pathway,"Compound annotation contains keyword 'True' (or related pathway term), suggesting relevance to MSD node oxidative_stress.",source: specs_annotated_unified.csv; ChEMBL:https://www.ebi.ac.uk/chembl/compound_report_card/CHEMBL708
CHEMBL19490,ZOMEPIRAC,True,oxidative_stress,pathway,"Compound annotation contains keyword 'True' (or related pathway term), suggesting relevance to MSD node oxidative_stress.",source: specs_annotated_unified.csv; ChEMBL:https://www.ebi.ac.uk/chembl/compound_report_card/CHEMBL19490
CHEMBL750,ZONISAMIDE,True,oxidative_stress,pathway,"Compound annotation contains keyword 'True' (or related pathway term), suggesting relevance to MSD node oxidative_stress.",source: specs_annotated_unified.csv; ChEMBL:https://www.ebi.ac.uk/chembl/compound_report_card/CHEMBL750
CHEMBL219410,ZOTAROLIMUS,True,autophagy_flux,pathway,"Compound annotation contains keyword 'True' (or related pathway term), suggesting relevance to MSD node autophagy_flux.",source: specs_annotated_unified.csv; ChEMBL:https://www.ebi.ac.uk/chembl/compound_report_card/CHEMBL219410
CHEMBL219410,ZOTAROLIMUS,MTOR,mTORC1,target,"Compound annotated with target MTOR, which links to MSD node mTORC1.",source: specs_annotated_unified.csv; ChEMBL:https://www.ebi.ac.uk/chembl/compound_report_card/CHEMBL219410
