compound_name,Morphology score,Infection rate (%),Inhibition of cytopathicity (%),naive_composite,naive_rank
GC376 sodium,,,13.931999999999999,0.6667511403953371,1.0
PF-02545920,0.927244421908229,8.0,14.008000000000001,0.54371731683843,2.0
calpeptin,0.814524615295161,12.5,15.106,0.5134815895084522,3.0
elesclomol,0.879489843485334,19.5,15.624,0.5127970658041385,4.0
spiperone,0.762605605424356,22.0,19.04,0.5033949505109451,5.0
CYM-50358,0.717049052463296,7.5,13.776000000000002,0.49558190878801556,6.0
VU0364739,0.765898371641526,26.0,18.098,0.4865846717673313,7.0
NPS-2143,0.702745665030754,9.5,12.774,0.47980652181581934,8.0
Endoxifen HCl,0.817044432917785,26.0,14.581999999999999,0.47348150245149645,9.0
amodiaquine,0.839130004610557,17.5,10.325999999999999,0.4717751383751734,10.0
sulforaphane,0.923952184960742,6.5,2.9480000000000004,0.46920930739602623,11.0
mibefradil,0.789811449999892,17.5,11.278,0.4672452707836476,12.0
ICI-199441,0.79286152219196,21.5,10.356,0.45052051221007994,13.0
MCOPPB,0.620223704930735,22.0,15.988,0.44948544377371324,14.0
ditiocarb-sodium-trihydrate,0.761368651652135,11.0,4.9799999999999995,0.4341928483434217,15.0
PA-452,,,2.868,0.43309680689305624,16.0
prenylamine,0.878248074456924,19.5,4.108,0.43144765271445945,17.0
tetrandrine,0.509405865603792,12.0,12.651999999999997,0.4280873002792492,18.0
CYM-5442,0.847231217852132,12.0,1.476,0.4263479974547361,19.0
afimoxifene,0.800520182027494,27.5,8.312,0.42148250546903965,20.0
bemotrizinol,,,2.1233333333333335,0.4173706144055866,21.0
L-701324,,,1.6666666666666667,0.4077265303823845,22.0
droloxifene,0.730109210455818,24.0,7.266,0.4076471694659001,23.0
TRICHLORMETHINE HYDROCHLORIDE,,,1.4866666666666666,0.4039252125922172,24.0
Shikonin,,,1.462,0.4034042912654165,25.0
ELN-441958,0.759622393693318,29.5,7.806,0.4031422832307466,26.0
gallium-triquinolin-8-olate,0.774576989603484,16.5,1.8900000000000001,0.400421511930623,27.0
homoharringtonine,0.8373607031287,23.0,2.152,0.3988041998995026,28.0
BJ1899285,,,1.106,0.3958861294137524,29.0
PD-102807,0.729296695567027,28.5,7.228,0.3948995511078814,30.0
L-733060,0.777147864275323,16.0,0.8139999999999997,0.39479862683727124,31.0
thiomersal,,,1.0066666666666666,0.3937883651517712,32.0
cinacalcet,0.845371702025965,20.0,-0.06399999999999997,0.39322580612539637,33.0
MONENSIN SODIUM,0.556065867849195,39.0,15.939999999999998,0.38808862075661765,34.0
serdemetan,0.932795890665558,37.5,3.12,0.38773464537514085,35.0
acetarsol,,,0.7066666666666667,0.3874528355014924,36.0
nitarsone,,,0.66,0.38646730866700457,37.0
PSB-603,,,0.618,0.3855803345159655,38.0
suloctidil,0.833940290322619,21.5,-0.21800000000000003,0.3854400591284774,39.0
pimavanserin,0.708985910318382,23.0,4.2219999999999995,0.38414077350159354,40.0
viomycin,,,0.5166666666666667,0.38344033338964917,41.0
rimcazole,0.62284506186464,19.5,5.494,0.38304073796757065,42.0
disulfiram,0.547813098626465,23.0,8.948,0.3807050160159144,43.0
masitinib,0.756817534745104,43.0,9.925999999999998,0.3805419711526529,44.0
Remdesivir,0.761440965219488,26.0,2.5279999999999996,0.37596491139528304,45.0
valspodar,,,0.1299999999999999,0.37527453961817875,46.0
PRT062607,0.581647690888349,17.5,4.912,0.3750262524174002,47.0
imatinib,0.73754370181251,37.0,7.343999999999999,0.3743702001804868,48.0
Comp 35,,,0.03400000000000001,0.3732471701300895,49.0
thiram,,,-0.043333333333333,0.37161401137579547,50.0
TH001579,,,-0.05,0.3714732218280115,51.0
prochlorperazine,0.741559435696641,27.5,2.938,0.3702250610772648,52.0
MECHLORETHAMINE,,,-0.12666666666666662,0.36985414202849587,53.0
LY2608204,0.766782325150287,17.0,-2.074,0.36937580297023875,54.0
NEOMYCIN TRISULFATE,,,-0.23800000000000004,0.36750295658050347,55.0
fingolimod,0.717175399020158,26.5,2.544,0.36463070369536904,56.0
NOV-002,,,-0.45999999999999996,0.3628146646392972,57.0
piperaquine-phosphate,,,-0.5800000000000001,0.36028045277918563,58.0
MG-132,0.51390306656713,66.0,23.802,0.3600606495048062,59.0
flumatinib,0.306036160182898,25.5,14.698000000000002,0.3592908828397778,60.0
AMG-548,0.653494176529938,35.0,6.946000000000001,0.35789213952761156,61.0
IT1t,0.70898230160396,35.0,4.818,0.3555485949571951,62.0
Ro-48-8071,0.727701747499509,33.5,3.628,0.3555330084114985,63.0
pepstatin,,,-0.8100000000000002,0.35542321338063865,64.0
thiethylperazine,0.72165786335514,29.5,2.2059999999999995,0.3550754429559933,65.0
clemastine,0.676677364506731,26.5,2.2399999999999998,0.3532679738009213,66.0
phenylmercuric-acetate,,,-1.0133333333333334,0.3511291321732275,67.0
ARQ-092,0.702396936278263,29.5,1.4780000000000002,0.34556435952646386,68.0
thaliblastine,0.442845555018682,30.5,10.236,0.34537551225109503,69.0
UNC0642,0.243323578294661,25.5,14.410000000000002,0.342981804620548,70.0
nelfinavir,0.722492390068189,47.5,7.433999999999999,0.3428875519411576,71.0
dynole-34-2,0.659268009145253,35.5,4.568,0.3411010328568714,72.0
pyrintegrin,0.709874209822425,60.5,12.489999999999998,0.340086451050898,73.0
lonafarnib,0.736178338953795,43.5,5.006,0.339841401364488,74.0
lindane,,,-1.5599999999999998,0.3395843892549418,75.0
UNC0638,0.296710578640456,22.5,10.68,0.3370792436717212,76.0
CCT-031374,0.645546411289721,35.0,3.732,0.3334572927644548,77.0
BNTX,0.7321658636442,23.5,-3.614,0.3328921429763236,78.0
BETP,0.641632284982186,33.5,3.004,0.3315395391331103,79.0
AP1903,,,-1.9966666666666668,0.33036267387509155,80.0
fendiline,0.770574861074767,44.0,1.8880000000000003,0.3243594052184078,81.0
haloprogin,0.570351120933543,32.0,3.464,0.3226430038780039,82.0
VE-822,0.565244466394747,52.0,10.908,0.31923711233876123,83.0
delivert,,,-2.54,0.31888832573069775,84.0
cot-inhibitor-2,0.683069614001061,40.5,2.466,0.3180632541265011,85.0
asenapine,0.669929360396992,41.0,1.738,0.30857992828002456,86.0
zolantidine,0.670116646101943,44.0,2.87,0.30839454646174064,87.0
BMS-191011,0.593001447431712,39.5,3.4199999999999995,0.30699968473534184,88.0
nemonapride,0.641863217985434,36.5,0.528,0.30596566281386756,89.0
GANT-61,0.576381159005557,42.0,4.706,0.3054368675763688,90.0
propiverine,0.67657574805959,41.0,0.95,0.30454642023710754,91.0
crizotinib-(S),0.601859823680091,61.0,10.806999999999999,0.30227447719375916,92.0
P22077,0.533692043140012,38.5,4.166,0.30147668156639834,93.0
URMC-099,0.839581088449167,61.0,2.482,0.29780774528093973,94.0
GW-803430,0.519528780484698,53.0,9.606,0.2969285134717961,95.0
roxarsone,,,-3.6766666666666663,0.29488370783353046,96.0
BS-181,0.714201385082756,41.0,-2.402,0.2895186818171805,97.0
PIK-293,0.372563376047334,45.0,10.193999999999999,0.289456813970907,98.0
KU-60019,0.61788549637758,60.0,7.790000000000001,0.2874181848612272,99.0
amlodipine,0.697116805352426,47.0,0.046,0.28646716151891455,100.0
NU-6027,0.620863566241312,54.5,5.332,0.28582067588261967,101.0
GNF-5837,0.567063041038564,51.5,5.704,0.28438394122861327,102.0
revaprazan,0.590059585172956,42.5,1.45,0.2842652345849251,103.0
balicatib,0.589597726272754,46.0,2.7960000000000003,0.28407234922329055,104.0
BMS-566419,0.572212318149955,55.0,6.536,0.28185060392330774,105.0
duloxetine,0.746942238487353,47.0,-2.246,0.28167956224914514,106.0
3PO,0.622980845038406,49.5,2.554,0.280408383604134,107.0
"3,4-methylenedioxy-beta-nitrostyrene",0.579780786246899,41.0,0.3960000000000001,0.2786031669266256,108.0
NKP-1339,0.442600857686676,43.0,5.39,0.27705347376222944,109.0
STF-62247,0.455063346032893,61.0,11.225999999999999,0.2717936526792959,110.0
APY0201,0.260718749135409,50.5,13.022,0.2688664491671438,111.0
SAR405,0.550459870514301,70.0,10.122,0.26115681856494644,112.0
BAY-61-3606,0.45980611656816,27.0,-3.7159999999999997,0.2605860405697521,113.0
stemregenin-1,0.691828126811344,67.0,4.262,0.26029638414073747,114.0
AY-9944,0.523062819416293,49.0,1.61,0.2523746304207916,115.0
ebastine,0.605653722382288,50.0,-0.8260000000000002,0.2513028765185145,116.0
curcumin,0.548081850619879,61.5,5.482,0.2511761341848711,117.0
alantolactone,0.303982379454528,32.0,1.902,0.2509864541929545,118.0
harringtonine,0.554777646425763,49.0,0.28400000000000036,0.2502627881724105,119.0
R-96544,0.533266272036019,54.5,2.4840000000000004,0.24582347157886061,120.0
tecalcet,0.53364688851009,50.5,0.508,0.2429291048427622,121.0
A-7,0.525720837361825,52.0,0.9620000000000001,0.2402216454973217,122.0
UNC0646,0.45792534433648,52.0,2.8280000000000003,0.237918056243318,123.0
cycloheximide,0.392347140854964,69.0,11.267999999999999,0.23594885335950855,124.0
TA-01,0.580871998073007,59.5,1.252,0.2343310161543076,125.0
7-methoxytacrine,0.59662754911469,64.5,2.608,0.23380340027428706,126.0
PPY-A,0.629265180492162,72.0,4.304,0.2326832081937852,127.0
salmeterol,0.464571979993025,54.5,2.61,0.23106650569569168,128.0
tie2-kinase-inhibitor,0.618700650243767,72.5,4.484,0.23017830437965123,129.0
IKK-16,0.629079283265187,56.0,-2.386,0.22926261656787106,130.0
WAY-600,0.490988540196168,69.0,6.790000000000001,0.22688995074355958,131.0
PhiKan-083,0.514453838673604,56.0,0.9,0.22629037155537812,132.0
norfluoxetine,0.568370472209594,59.0,0.008000000000000007,0.22409301963702485,133.0
mepazine,0.537916843529759,60.5,1.508,0.22361858645925445,134.0
AMG900,0.201515221425159,19.5,-3.6659999999999995,0.2226085218747167,135.0
selamectin,0.601542684629916,71.0,3.3760000000000003,0.2225694933950203,136.0
ZLN005,0.556708607497982,64.0,1.9100000000000001,0.22116511492493232,137.0
difenpiramide,0.431219788802664,62.0,5.134,0.22074695713002723,138.0
chloroquine,0.553941756275188,57.5,-0.898,0.2185277226198673,139.0
desmethylclozapine,0.467229833017586,53.5,0.25199999999999995,0.21780493862741965,140.0
KW-2449,0.96370398362524,94.5,0.09,0.21770610897387963,141.0
carfilzomib,0.002727995444341,42.0,10.458,0.21528832905213044,142.0
NU-7441,0.352483726470613,68.0,9.136,0.21459472302194516,143.0
KG-5,0.111186846174778,36.0,4.484,0.21432756608746006,144.0
triflupromazine,0.464604249135482,56.0,0.33399999999999996,0.21095364324268875,145.0
P7C3,0.392480867395101,59.5,3.936,0.21032214320763912,146.0
mepacrine,0.480905914242084,55.5,-0.5139999999999997,0.21006270965904753,147.0
Y-134,0.427438476004738,74.5,8.129999999999999,0.20682309716161615,148.0
Y-26763,0.477465574406897,59.0,0.44000000000000006,0.20643205150678914,149.0
azaguanine-8,0.322247853217221,51.5,2.504,0.20610517762614874,150.0
BLU9931,0.56713648916965,67.0,0.27,0.20379842086462405,151.0
RU-SKI-43,0.447000621435623,58.5,0.6859999999999999,0.20259201564524978,152.0
merimepodib,0.446726211185918,62.5,2.2439999999999998,0.202568067468202,153.0
A12B4C3,0.496188381540056,69.5,3.336,0.2023936497913407,154.0
PD-156707,0.488528700372125,69.0,3.214,0.20115659351216977,155.0
AM-1241,0.612365052578848,72.5,0.446,0.20031007160313033,156.0
kenpaullone,0.532625905135824,69.5,1.782,0.1997523193790948,157.0
VU0240551,0.490257971007284,68.5,2.7180000000000004,0.19942494450289397,158.0
XL019,0.607024484024397,73.5,0.8299999999999998,0.19906476812011453,159.0
ML277,0.424153893678619,61.5,1.652,0.19599248135181693,160.0
LY2109761,0.686231842447033,80.0,0.316,0.1957250234519997,161.0
bifemelane,0.517233017012803,65.0,-0.18200000000000002,0.19471640301168244,162.0
promethazine,0.528302783934657,67.5,0.39199999999999996,0.1944474104028294,163.0
L-760735,0.430401290322651,58.0,-0.13600000000000004,0.1943914741278845,164.0
NS-3861,0.427472175295592,69.5,4.298,0.1935166964241776,165.0
butenafine,0.502308999395294,71.0,2.452,0.19346625625924163,166.0
BCX-1470,0.57778135348999,76.0,1.89,0.19303639452543045,167.0
GBR-13069,0.456169739755211,65.5,1.42,0.19072141751853441,168.0
GDC-0834,0.450192982891372,69.0,2.664,0.18855458258413746,169.0
mifepristone,0.44301247909896,65.5,1.2360000000000002,0.18642981452759888,170.0
eticlopride,0.425660380896067,63.5,0.954,0.1859575217366638,171.0
JW-642,-0.14249097139172,24.5,3.5799999999999996,0.18161389655408597,172.0
Y-29794,0.361329749917228,94.5,14.34,0.1808383210164339,173.0
SB-216641,0.282271721312203,53.0,0.6920000000000001,0.18014740948928135,174.0
PNU-89843,0.452311272137604,75.0,3.568,0.1790072313562989,175.0
CCT129202,0.470390031841055,74.5,2.6759999999999997,0.17821126340703053,176.0
clofazimine,0.421940365668923,64.0,0.13999999999999985,0.1780140976256683,177.0
pimozide,0.480371175559578,66.5,-0.8280000000000001,0.17767589143941345,178.0
LY344864,0.43776165018102,70.5,2.054,0.17733111913706534,179.0
chlorhexidine,0.277352459273294,58.0,2.39,0.17731896283840345,180.0
pexidartinib,0.472567200385154,77.5,3.6020000000000003,0.17702891073764937,181.0
PFK-158,0.388761234145163,63.5,0.8780000000000001,0.1770193772939468,182.0
BAN-ORL-24,0.505504032419514,63.5,-2.9859999999999998,0.17640499515231922,183.0
alverine,0.396820645782442,62.0,-0.13599999999999998,0.17581509985233656,184.0
BIX-01294,0.455500222037774,73.5,2.38,0.17546892120395152,185.0
genz-123346,0.392500693256641,71.5,3.3520000000000003,0.17342871816441452,186.0
terbinafine,0.413154195890864,81.0,6.215999999999999,0.17233697620548258,187.0
BCTC,0.327552693868089,58.5,0.21200000000000002,0.1720530983395722,188.0
SPP86,0.471220695628293,69.5,-0.21400000000000005,0.17171754528660718,189.0
primaquine,0.490524985005265,76.5,1.8519999999999999,0.1715316414186209,190.0
cepharanthine,0.461078436321847,77.5,3.154,0.1712588570333925,191.0
metixene,0.383466652876003,86.0,8.928,0.17100601088856357,192.0
cyclosporin-A,0.508332505808322,87.0,5.224,0.17063559026746677,193.0
PD-407824,0.685264259981105,93.5,2.012,0.17055838098665252,194.0
axitinib,0.56316896530793,80.5,0.41999999999999993,0.16706556145176257,195.0
CID-2745687,0.433158651326872,74.0,2.0799999999999996,0.166903050431965,196.0
simvastatin,-0.077378134473595,26.5,0.12800000000000003,0.1666774651419821,197.0
colforsin-daproate,0.50013072711226,88.5,5.508,0.16666862757316017,198.0
chlorprothixene,0.434046683037032,68.5,-0.16799999999999998,0.16630786156883362,199.0
dapoxetine,0.466907784543136,76.0,1.5899999999999999,0.16567500855339165,200.0
EMD-386088,0.431965310220212,76.0,2.7,0.16553128268707903,201.0
lofemizole,-0.094183957891062,102.0,29.711999999999996,0.16482197483619618,202.0
danazol,0.376944117353913,72.0,2.652,0.16359222196294762,203.0
SCH-900776,0.534958466769374,82.0,1.286,0.1626389338048548,204.0
benzydamine,0.39990138242811,70.5,1.186,0.16259882987326216,205.0
fluoxetine,0.538858975503185,66.0,-5.093999999999999,0.16233118863653676,206.0
3'-fluorobenzylspiperone,0.325382960464864,103.0,16.056,0.16150775928586467,207.0
homochlorcyclizine,0.289506042063146,59.5,0.332,0.16150112654641866,208.0
trequinsin,0.541005774311453,87.5,2.622,0.15839352316892583,209.0
STA-5326,-0.333719615906638,43.5,13.73,0.1576029986599823,210.0
piperacetazine,0.383581637912762,75.0,2.632,0.15676629191353875,211.0
xanomeline,0.439567446090619,71.5,-0.6359999999999999,0.15607392339134055,212.0
CID-5458317,0.213342001865284,85.5,12.104000000000001,0.15598655668284359,213.0
LH846,0.406648504751659,76.5,2.2079999999999997,0.15493627386319955,214.0
dimethisoquin,0.410361519495586,71.5,0.08000000000000007,0.1544630432230917,215.0
"1-(1,2-diphenylethyl)piperidine-(+/-)",0.348634711904247,69.0,1.1,0.1544166956133126,216.0
17-hydroxyprogesterone-caproate,0.523358442308259,85.5,1.7120000000000002,0.1534332041723473,217.0
ASC-J9,0.3347611209773,80.5,5.862,0.15335845089959857,218.0
bifonazole,0.40698451009858,79.0,2.9079999999999995,0.1531098263644014,219.0
tyrphostin-AG-835,0.485451164586461,78.0,-0.06000000000000005,0.15281832491790617,220.0
cyclopiazonic-acid,0.360747122796901,76.5,3.34,0.15245171432778223,221.0
biperiden,0.479874012266427,75.5,-0.924,0.15229671731169067,222.0
CGP-52411,0.389508413572101,72.0,0.496,0.1512764104410437,223.0
PI4KIII-beta-inhibitor-1,0.324730766235868,66.0,0.2540000000000001,0.1512143077713274,224.0
ML298,0.25858074439921,75.5,6.004,0.15067049222276221,225.0
SB-202190,0.313349722781669,71.0,2.484,0.15065930384009274,226.0
SB-239063,0.395683092342513,85.0,5.212000000000001,0.15036163670201294,227.0
LDN-57444,0.394906468400037,76.0,1.5779999999999998,0.1491934770979786,228.0
ZM-226600,0.347474138733374,78.0,3.876,0.14910382039155712,229.0
Toremifene citrate,0.421535575423821,77.0,1.0619999999999998,0.14889318609977112,230.0
azelastine,0.458422664616602,72.0,-2.136,0.14844253785517483,231.0
EHop-016,0.234755463279946,93.0,13.184000000000001,0.14797393543883167,232.0
budipine,0.395293219368992,76.5,1.5859999999999999,0.14797174856022668,233.0
toceranib,-0.072104662235952,26.0,-2.928,0.14773188479374033,234.0
oxelaidin,0.422930740195885,73.5,-0.638,0.14680664077839176,235.0
moxaverine,0.495294217791718,86.0,1.8559999999999999,0.14668962567287933,236.0
flupentixol,0.506041835481051,79.0,-1.3219999999999998,0.14589143412213568,237.0
glafenine,0.534638597881945,83.0,-0.7579999999999999,0.14544515696281027,238.0
ETC-159,0.382112396646977,80.5,3.2019999999999995,0.14541687726718347,239.0
MOMETASONE FUROATE,0.481308757900951,78.0,-0.984,0.14537048614430045,240.0
doramapimod,0.481880456237812,86.0,2.1019999999999994,0.14536658430450647,241.0
cetrorelix,0.394059328570545,79.5,2.388,0.14513969077019528,242.0
JTE-607,0.414464637826318,76.5,0.502,0.14470691491645193,243.0
ORY-1001,0.432180333793719,79.5,1.068,0.14452898196755545,244.0
wnt-c59,0.392461740075254,75.5,0.7060000000000001,0.1438644283288437,245.0
GW-1929,0.317368528204195,70.0,0.8640000000000001,0.1429028045172165,246.0
securinine,0.327413135309093,85.5,6.422,0.14196597906879493,247.0
colforsin,0.454557116469589,83.0,1.2440000000000002,0.14130101471226145,248.0
eperisone,0.374057250493736,80.0,2.6420000000000003,0.14100646956292187,249.0
BMS-191095,0.454779265565719,81.0,0.378,0.14071989879209745,250.0
GTS21,0.51682983204887,87.0,0.626,0.14020319270408552,251.0
arglabin,0.144013046202531,68.0,5.3020000000000005,0.140129765406146,252.0
talarozole,0.325655740619816,74.5,1.922,0.13994275930077218,253.0
DPPE,0.389902534896527,71.0,-1.538,0.1397801082016056,254.0
VU0155069,0.459723272049962,87.0,2.324,0.13915119136105444,255.0
CY208-243,0.609280141677502,95.5,0.616,0.13796271746167266,256.0
ABT-239,0.43963111953864,80.5,0.20199999999999996,0.13739734203848072,257.0
C-021,0.415088938414857,51.5,-10.334,0.13687532254589338,258.0
BD-1008,0.355370666647249,74.5,0.51,0.1367700790466125,259.0
pixantrone,0.327817355968767,71.0,-0.16,0.13534167951430973,260.0
desloratadine,0.351187942582956,76.0,1.0239999999999998,0.13533746651539488,261.0
flunarizine,0.364279644887023,69.5,-1.9600000000000002,0.1350726381950528,262.0
beta-lapachone,0.360795350505759,78.5,1.3619999999999997,0.13307413020639344,263.0
"1,12-Besm",0.31227330547601,80.5,3.626,0.13249696739241887,264.0
CGP-53353,0.328882619027997,77.5,1.9080000000000001,0.13238235119956254,265.0
halofantrine,0.405817096168198,79.5,0.13999999999999996,0.131992574347801,266.0
Triparanol,0.08478664880531,77.5,9.684000000000001,0.13153268082251104,267.0
Ro-04-5595,0.297535086102471,72.0,0.6519999999999999,0.13142923012518878,268.0
honokiol,0.431507528302925,80.5,-0.484,0.13071825277774715,269.0
tarafenacin,0.37127944459284,74.0,-1.076,0.13059453787613765,270.0
SB-772077B,0.488320980695046,87.0,0.15,0.13036000234952852,271.0
SNS-314,0.392531539532234,80.0,0.344,0.12903695116902517,272.0
penfluridol,0.173020562911035,79.0,6.911999999999999,0.12801464074384714,273.0
pirfenidone,0.288555256139592,83.0,4.726000000000001,0.12800841482832945,274.0
MR-16728,0.404033222144543,75.5,-1.932,0.12792949240900794,275.0
AZ191,0.377301594940971,100.5,8.508,0.12702795844903178,276.0
melperone,0.388645315687391,80.5,0.368,0.12695475796460076,277.0
CBiPES,0.372266232334396,87.0,3.3939999999999997,0.12676660000881687,278.0
neurodazine,0.197613770708863,70.0,2.43,0.12665454586227343,279.0
auranofin,0.299836468989342,79.0,2.5200000000000005,0.12597739108166406,280.0
ozanimod,0.262394232501324,101.0,12.234,0.1257227613424017,281.0
azelnidipine,0.294674561872922,71.5,-0.3280000000000001,0.12524522745320174,282.0
NVP-BVU972,0.441863742736214,83.0,-0.6299999999999999,0.12521833717820208,283.0
AMG-PERK-44,0.063103308911717,76.0,8.894,0.12513184771827504,284.0
cloperastine,0.41206999566647,75.5,-2.6100000000000003,0.12498696327416751,285.0
UK-383367,0.510262419816915,85.0,-2.108,0.12492612754856225,286.0
10-DEBC,0.331089333505747,93.0,6.714,0.12436689391251195,287.0
tolterodine,0.350268168388241,77.5,-0.06399999999999997,0.12337069175349495,288.0
trimipramine,0.450965332833099,80.5,-2.246,0.12274587295201851,289.0
GDC-0879,0.096157698004786,79.5,8.842,0.12273052029073213,290.0
"1,2,3,4,5,6-hexabromocyclohexane",0.416400102226607,85.0,0.5720000000000001,0.12241640324819618,291.0
4-PPBP,0.28566036320039,73.5,0.26399999999999996,0.12189528894081685,292.0
AZD4547,0.373449612857741,79.5,-0.33999999999999997,0.12124248921708025,293.0
U-18666A,0.234241295919393,84.0,5.91,0.12124184809726342,294.0
thiothixene,0.381480785981986,80.5,-0.32,0.12047999946877692,295.0
ORG-25543,0.33383726802662,77.5,0.028000000000000115,0.1202764695494627,296.0
costunolide,0.222125798716199,78.5,3.996,0.12003651528336905,297.0
merbromin,,,-11.969999999999999,0.11974151039026862,298.0
pergolide,0.343314522572765,78.0,-0.29799999999999993,0.11877376094196605,299.0
DCC-2618,0.414618276244314,97.5,4.914,0.11842302847669968,300.0
cinchocaine,0.434579752737103,88.0,0.5660000000000001,0.11831754687663816,301.0
copanlisib,-0.039685542014918,34.0,-5.078,0.11812198030924655,302.0
AZD2858,0.224344098548742,99.0,11.594,0.11801671504587503,303.0
SAR131675,0.464070007082954,92.0,1.08,0.11772277322555413,304.0
benazepril,0.413119812117662,90.5,2.1100000000000003,0.11746876758120195,305.0
Ro-60-0175,0.449514682213638,90.5,0.8899999999999999,0.11716890901814488,306.0
carbetapentane,0.362764208532047,83.0,0.766,0.11703189316784542,307.0
brinzolamide,0.267332502879646,69.0,-1.582,0.11702164161565627,308.0
sunitinib,0.395952359234068,99.0,5.898000000000001,0.11700067296047434,309.0
Salinomycin (Procoxacin),-0.003857540932231,107.5,22.012,0.116160959863986,310.0
U-50488-(-),0.415143725472332,88.5,1.074,0.11610126123426952,311.0
piroctone-olamine,0.406315550552012,88.0,1.114,0.1157384959965941,312.0
rebastinib,0.567279987810861,106.5,3.04,0.11540695530512468,313.0
P5091,0.270778570643534,82.5,3.29,0.11521751204264656,314.0
BI-78D3,0.391830879984307,76.5,-2.9859999999999998,0.11499876986740609,315.0
SB-297006,0.369792845728442,84.5,0.774,0.11459049920849924,316.0
benztropine-mesylate,0.481040082102585,84.5,-2.85,0.1144140722161134,317.0
LCQ908,0.270300379297334,73.5,-0.406,0.11368086771631258,318.0
UBP-302,0.279636786374183,79.0,1.29,0.11271870462247402,319.0
kainic-acid,0.338177960608262,79.0,-0.6060000000000001,0.11270359808736567,320.0
ebselen,0.339675885160052,84.0,1.276,0.1126318188254722,321.0
dicycloverine,0.311309125757329,90.0,4.518,0.11260032177177781,322.0
lumateperone,0.348156736182968,86.0,1.7559999999999998,0.112477654623507,323.0
Ro-20-1724,0.429169095761285,86.0,-0.9299999999999999,0.11201878578446545,324.0
NSC-697923,0.214912709947758,68.0,-1.0080000000000005,0.1118568384769667,325.0
flumethasone-pivalate,0.324124550174847,80.0,0.07200000000000006,0.11154370151562225,326.0
Ebselen,0.339675885160052,84.5,1.268,0.11120938278777937,327.0
tolperisone,0.383491633007499,83.5,-0.5439999999999999,0.11116437094501053,328.0
rucaparib,0.233750813219943,83.0,4.106,0.111163172350349,329.0
K02288,0.509951644810182,95.0,-0.17600000000000007,0.11113321984600404,330.0
thiazovivin,0.654110857246723,99.0,-3.332,0.11081744133877307,331.0
SNAP-5089,0.212197677135686,98.5,10.754000000000001,0.11070353630683509,332.0
McN-5652-(+/-),0.327800291155729,86.5,2.35,0.11065715476844114,333.0
CYC116,0.442872389524066,93.0,1.128,0.1105010359635747,334.0
YIL-781,0.294569973596097,76.0,-0.674,0.11049066813342989,335.0
walrycin-B,0.399926902276967,86.5,-0.18999999999999986,0.10920247369654834,336.0
mosapride,0.330355789858756,89.5,3.2020000000000004,0.10904003893974863,337.0
metatinib,0.55124913325923,101.5,0.704,0.10897318771833357,338.0
GBR-12783,0.330023326455581,82.5,0.47000000000000003,0.10885815696749772,339.0
SX-011,0.323204650121502,82.0,0.4960000000000001,0.1088544676854795,340.0
algestone-acetophenide,0.363038806837898,88.5,1.72,0.10878276722009794,341.0
SKLB1002,0.402972156380701,102.0,5.66,0.10872719373880546,342.0
LCL-161,0.403290389562659,87.0,-0.28200000000000003,0.10795469776722337,343.0
PRIMA1,0.27312461064566,83.5,2.536,0.10771177579525663,344.0
isopropyl-palmitate,0.286087898371914,77.0,-0.40800000000000003,0.10769928236554083,345.0
BMS-833923,0.212855304933482,98.0,10.059999999999999,0.1073340226041594,346.0
MNITMT,0.299202392808534,87.0,2.996,0.10732585890930883,347.0
troglitazone,0.34202164474461,89.0,2.38,0.10727640595831552,348.0
TC1,0.31612033552854,88.5,2.98,0.1069676362348095,349.0
flavoxate,0.399549477411305,88.0,0.05600000000000001,0.10674987247598917,350.0
3-alpha-bis-(4-fluorophenyl)-methoxytropane,0.265698456206058,73.0,-1.486,0.1063963437538296,351.0
ACDPP,0.22635002753895,79.0,2.07,0.10607435685950177,352.0
lidoflazine,0.340147296352352,76.5,-2.634,0.10570662127958334,353.0
blebbistatin-(+/-),0.464194529538277,90.75,-1.193,0.10516569950753751,354.0
JNJ-38877605,0.389916287473303,95.5,2.98,0.10464770824775083,355.0
pimethixene,0.372827493033889,85.5,-0.41600000000000004,0.10417236925425351,356.0
PHCCC,0.246065857497228,79.0,1.062,0.1034685038255333,357.0
clotrimazole,0.254356069236479,78.5,0.588,0.10338586447884739,358.0
LDC1267,0.685089283391714,110.5,-1.0059999999999998,0.10282530289447467,359.0
promazine,0.410157807496973,91.5,0.48600000000000004,0.10262987040629083,360.0
ZK-93426,0.285637956111853,88.5,3.3240000000000003,0.10244738036649621,361.0
dyclonine,0.347476004821011,91.5,2.4859999999999998,0.10243412588820096,362.0
yoda-1,0.285673638762264,89.0,3.418,0.10175109713060597,363.0
zardaverine,0.28893473789681,83.5,1.034,0.10073896451296367,364.0
RS-16566,0.379809407007467,85.0,-1.4120000000000001,0.10011718046244937,365.0
aloxistatin,0.331046319394349,90.0,2.098,0.10005959187357023,366.0
phenazopyridine,0.340169308126473,87.5,0.806,0.09987279149153576,367.0
ruxolitinib-(S),0.620254195978457,105.25,-1.423,0.09946903036708055,368.0
ML188,0.332518594509095,83.0,-0.7699999999999999,0.09933133904205176,369.0
EIPA,0.273746928018936,96.0,6.1739999999999995,0.09931011111945069,370.0
nilotinib,0.334383657817237,96.5,4.38,0.09912413769081707,371.0
hydroxychloroquine,0.362211951255786,88.0,0.17599999999999996,0.0990916322542118,372.0
GSK2606414,0.028956258101557,92.0,12.5,0.09902395440481944,373.0
iodophenpropit,0.215727195037112,80.5,1.972,0.09886696056150608,374.0
GSK650394,0.30897789156693,89.5,2.432,0.09875119378348456,375.0
MI-14,0.266377781869305,82.0,0.8800000000000001,0.09861628802366389,376.0
eact,0.291962733319094,85.0,1.192,0.09844241500913331,377.0
cyclobenzaprine,0.227944138289513,78.0,0.45599999999999985,0.09780791201547645,378.0
SR-3677,0.293971839248248,76.5,-2.322,0.09738727439756405,379.0
carsalam,0.264545426830514,85.0,1.918,0.097309256990271,380.0
strychnine,0.313570806833869,90.0,2.246,0.09712168799463454,381.0
ceftaroline-fosamil,0.241791353557773,87.5,3.566,0.09689786695534908,382.0
GSK256066,0.344804887526347,91.0,1.59,0.0968845734790514,383.0
pifithrin-mu,0.168358452197002,92.0,7.664,0.09672748676389209,384.0
ceritinib,0.181674277684575,104.0,11.89,0.09672188252115228,385.0
NVP-BHG712,-0.061302510610007,74.0,8.06,0.09639412505801996,386.0
diphenylpyraline,0.29102524358685,82.5,-0.05599999999999996,0.0962742512055168,387.0
tipifarnib,0.397592833859151,89.0,-1.014,0.09603979941554464,388.0
NE-100,0.35349101977341,86.5,-0.58,0.09588210629493214,389.0
norcyclobenzaprine,0.314043055383848,81.0,-1.4620000000000002,0.09571701623086848,390.0
GW-5074,0.38416424381235,98.5,3.052,0.09564790058744022,391.0
KU-55933,0.284077089645253,83.0,0.26399999999999996,0.09557844154714494,392.0
vemurafenib,0.249980776763173,85.5,2.334,0.09555471155340893,393.0
chlorpropamide,0.266363828646957,79.5,-0.5519999999999999,0.09536317988953136,394.0
KN-62,0.307036728440688,83.0,-0.5280000000000001,0.09523183713610688,395.0
PNU-120596,0.267772060335175,87.0,2.274,0.09508564018767125,396.0
FERb-033,0.342032115266585,76.5,-4.24,0.09483045558706449,397.0
AS-1892802,0.489074305333414,94.0,-2.218,0.09473639352331276,398.0
GS-39783,0.349439644045232,88.0,-0.046,0.09462019562928592,399.0
Ro-106-9920,0.189873347782223,85.5,4.128,0.0944951038941602,400.0
nicergoline,0.275445636919676,81.0,-0.40800000000000003,0.09434672915048685,401.0
ixazomib-citrate,0.101264909200101,106.5,15.084,0.09406352560101901,402.0
2-hydroxysaclofen,0.265580802944436,84.5,1.192,0.09380050567396896,403.0
ezatiostat,0.201734819490751,78.5,0.922,0.0937534680153757,404.0
tyrphostin-A9,0.115604833033123,80.5,4.482,0.09373490797571289,405.0
hydroquinidine,0.301270153031771,90.0,2.152,0.09365871540326653,406.0
lomitapide,0.222963085931973,87.5,3.7079999999999997,0.0936096595810167,407.0
BTT-3033,0.267626834847236,83.5,0.6460000000000001,0.09315513992837639,408.0
GSK37647,0.216607681227777,80.5,1.076,0.09276010436229502,409.0
nitromide,0.264928949375874,83.5,0.6759999999999999,0.09275192737255437,410.0
Sufentanil,0.276831857830078,82.5,-0.10600000000000001,0.09268997856627914,411.0
SCH-221510,0.307145800382391,85.0,-0.2,0.09210114409867565,412.0
apremilast,0.345066628667072,89.0,0.11999999999999993,0.09206062962100399,413.0
L-798106,0.189835647286095,79.5,1.436,0.09192968774772985,414.0
ML218,0.324298524152719,86.0,-0.3939999999999998,0.0919094820017089,415.0
orphenadrine,0.315732396317129,87.0,0.26999999999999996,0.09190066670238299,416.0
Y-320,0.178142395583856,94.0,7.438,0.09190020833265744,417.0
JNJ-42041935,0.315927933615235,88.5,0.836,0.09183118049555113,418.0
CCT128930,0.534831740741856,99.5,-2.008,0.0916078279678219,419.0
MRS-1334,0.304387520439391,89.0,1.3079999999999998,0.0911595635763462,420.0
SR-1078,0.26514210034896,85.0,0.982,0.09085618825517121,421.0
thioridazine,0.303770076414409,109.0,9.04,0.09080338178069873,422.0
GSK163090,0.325206990458091,84.0,-1.384,0.09061176779069684,423.0
bortezomib,-0.096144501316638,96.5,17.062,0.09035342832146269,424.0
dimemorfan,0.368062009099877,92.5,0.48600000000000004,0.09031103803796998,425.0
GSK461364,0.064327174302387,94.0,10.89,0.09028103094927371,426.0
lasofoxifene,0.106488503537313,97.0,10.576,0.08947542918665918,427.0
TCN238,0.323568702935945,93.0,1.982,0.08934339302565297,428.0
PNU-74654,0.268135798925145,82.5,-0.328,0.08914683717755367,429.0
ipidacrine,0.220007667396615,83.5,1.61,0.08909675217674184,430.0
A-987306,0.246701590874079,83.5,0.7380000000000001,0.08903740849437802,431.0
OAC2,0.251583391267772,85.5,1.298,0.08862678078647364,432.0
fexaramine,0.271965213895028,86.0,0.8019999999999999,0.08841068829916203,433.0
4-iodo-6-phenylpyrimidine,0.254447272960098,81.5,-0.38400000000000006,0.0883675412198582,434.0
DS2-(806622),0.20409838221207,84.0,2.1979999999999995,0.08824677939787462,435.0
pitolisant,0.242514821912247,81.0,-0.22000000000000003,0.08817072583925396,436.0
CU-CPT-4a,0.160439061152247,79.5,1.848,0.0881353870320822,437.0
guanfacine,0.255023145849137,86.0,1.282,0.08793137369970412,438.0
alvespimycin,0.254591427350385,91.0,3.226,0.08785659911758008,439.0
D-7193,0.235562844329649,84.0,1.072,0.08748581634200685,440.0
EVP-6124,0.352385491026931,86.5,-1.752,0.08738007369318457,441.0
daprodustat,0.205658477627679,81.5,1.0539999999999998,0.08737950317674008,442.0
CC-401,0.363283550562384,94.5,0.99,0.08730624226444716,443.0
ponatinib,0.435404233753165,97.0,-0.3920000000000002,0.08717132493244568,444.0
JHW-007,0.045461242532523,86.0,7.952000000000001,0.08716057935437434,445.0
L-693403,0.227580185545982,80.5,-0.07600000000000003,0.0871494249923831,446.0
VE-821,0.277856024476657,87.0,0.812,0.08709037312920358,447.0
MDL-27531,0.267757696867045,86.5,0.9440000000000002,0.08708598444651998,448.0
Testolactone,0.176030985350192,80.5,1.464,0.0862507790523966,449.0
cis-ACPD,0.188383020236227,82.0,1.634,0.08616209242514745,450.0
medroxyprogesterone,0.254302828113038,86.5,1.232,0.08604923967277082,451.0
benzyldimethylhexadecylammonium,0.297587695411482,80.0,-2.706,0.08594472241760716,452.0
nafadotride,0.327034734794562,89.0,-0.16799999999999998,0.08592680735415703,453.0
APR-246,0.211693646572974,80.5,0.26399999999999996,0.0859249620968785,454.0
"L-732,138",0.310495014419589,93.0,1.906,0.08583108570599014,455.0
captan,0.232490293746764,93.0,4.428,0.08582041813206824,456.0
RS-39604,0.264819077937512,102.0,6.87,0.08578298090901766,457.0
PETCM,0.209747912039717,83.5,1.4,0.0852819796235621,458.0
telotristat-ethyl,0.342557749681527,95.5,1.702,0.08486616609846553,459.0
hexachlorophene,0.167248367310498,83.5,2.706,0.08479699890018833,460.0
SU11274,0.493260217426227,104.5,0.31000000000000005,0.08479693704507281,461.0
ARTENIMOL,0.225456520200832,84.0,1.012,0.08476190671270911,462.0
efatutazone,0.360383981807264,93.5,0.33399999999999996,0.08476025876796023,463.0
S26948,0.31754681459211,88.5,-0.22200000000000003,0.0847520856345172,464.0
Lopinavir,0.184272916661141,82.0,1.532,0.08450806054163244,465.0
VU29,0.224702143385585,86.5,1.932,0.08423582851122569,466.0
SIB-1757,0.260000553965686,81.0,-1.3940000000000001,0.08388845323010674,467.0
Oridonin (Isodonol),0.107700564699326,97.0,9.703999999999999,0.08361303092483525,468.0
loxistatin-acid,0.296222319153124,88.0,0.07800000000000003,0.08337376308180844,469.0
pacritinib,0.285868025655986,80.0,-2.7039999999999997,0.08328984875022372,470.0
1-azakenpaullone,0.30021876238601,91.5,1.2840000000000003,0.08321065229065232,471.0
AGN-192403,0.109229963675697,82.0,3.768,0.08315859393461993,472.0
norfloxacin,0.204244034668998,86.0,2.2359999999999998,0.08308296849890336,473.0
UH-232-(+),0.333909752373806,92.0,0.34800000000000003,0.08292812303492292,474.0
CGP-37157,0.244868635820011,89.0,2.0460000000000003,0.0828002986200435,475.0
DPI-201106,0.124326555130551,75.0,0.504,0.08274541108357562,476.0
NLG919,0.0,53.0,-4.014,0.08273711356245873,477.0
dichloroacetate,0.23572306433179,88.5,2.136,0.0827172256585889,478.0
EED226,0.196595893691707,83.0,1.262,0.08268150665638092,479.0
atizoram,0.369210731606458,93.5,-0.24799999999999994,0.08267342293251607,480.0
FG-7142,0.240632777708643,85.5,0.8019999999999999,0.08264138666174958,481.0
edaglitazone,0.290295270186602,90.5,1.112,0.08247219844898945,482.0
L-741742,0.195414467417889,84.0,1.65,0.08241153399200789,483.0
saroglitazar,0.335989129529676,92.0,0.168,0.08213455938279868,484.0
uprosertib,0.441308192772611,96.5,-1.584,0.08149091292631006,485.0
pyrrolidine-dithiocarbamate,0.105560796515394,98.0,9.798,0.0810552060694359,486.0
2-PMDQ,0.221416666904482,93.0,4.106,0.08103187891980941,487.0
closantel,0.257116949007619,91.5,2.358,0.08095535651728773,488.0
bisacodyl,0.260547748693105,85.5,-0.11999999999999993,0.08068627961677699,489.0
homidium,0.276260216195051,99.5,4.79,0.08057699091055948,490.0
PF-06463922,0.320025072790244,90.5,-0.13499999999999995,0.0804644198476578,491.0
guvacine,0.200100594342762,93.0,4.708,0.0804152764850619,492.0
NS-8593,0.267867125883952,89.0,0.9600000000000002,0.08039293556279774,493.0
FH1,0.242507610605741,90.0,2.168,0.08038919165957252,494.0
ML167,0.497483583369231,106.0,0.10599999999999996,0.08022432174226952,495.0
copper-histidine,0.241061408725274,84.0,-0.14,0.0802061729370021,496.0
isoliquiritigenin,0.402921591741622,103.0,1.9919999999999998,0.08016263501375769,497.0
AV-608,0.194901679297973,81.5,0.35800000000000004,0.0800303516493589,498.0
buclizine,0.306869663652556,90.5,0.22599999999999998,0.08000975368524958,499.0
SSR-180711,0.27269109711944,92.0,1.8940000000000001,0.0798696623680688,500.0
Ulipristal acetate,0.286393741016868,103.5,5.904,0.07979774244805667,501.0
autotaxin-modulator-1,0.31703822373964,91.0,0.05800000000000001,0.07977671541715396,502.0
dipyrocetyl,0.209234990313976,85.0,1.17,0.07944773009318624,503.0
X-77,0.267632635955937,90.5,1.3960000000000001,0.07931038601260347,504.0
proflavine-hemisulfate,0.259839726892033,80.5,-2.252,0.07917807625700087,505.0
gilteritinib,0.272470117210162,91.5,1.5939999999999999,0.07907361500746035,506.0
linsitinib,0.274656256293483,88.5,0.33599999999999997,0.0789125292285859,507.0
SLV-320,0.409271144862082,93.0,-2.318,0.07859089303110067,508.0
3-CPMT,0.250762236917508,98.5,4.94,0.07855842801653934,509.0
GSK429286A,0.426337516307085,99.0,-0.6319999999999999,0.07795258098752238,510.0
hexylresorcinol,0.19880231137261,88.0,2.44,0.07781528240111953,511.0
GSK-3-inhibitor-IX,-0.051665454986149,67.0,2.376,0.07770209181676137,512.0
nitazoxanide,0.224187708893285,88.0,1.59,0.07761281300677099,513.0
ML281,0.229927909683347,83.0,-0.58,0.0773055809693044,514.0
diclofenamide,0.298102349618088,84.5,-2.2039999999999997,0.07730066171752588,515.0
liranaftate,0.341206503974971,94.0,0.08599999999999994,0.07728100839261882,516.0
JNJ-26990990,0.211745980692866,87.5,1.732,0.0771451500371531,517.0
wortmannin,0.259678218946092,79.5,-2.96,0.07688958605393555,518.0
oglemilast,0.291364982090105,92.0,0.8579999999999999,0.07682941896985596,519.0
dipyridamole,0.260189077041433,90.5,1.282,0.07681274344906952,520.0
8-bromo-cAMP,0.42179654262895,102.0,0.514,0.07678897234080455,521.0
SIS3,0.336866938944253,93.5,-0.05599999999999998,0.07665926174381184,522.0
kifunensine,0.190417120981045,94.0,4.85,0.07647739781924245,523.0
MLN1117,0.240583419876441,92.0,2.41,0.076190063067191,524.0
ML179,0.19915425948388,86.5,1.586,0.07598207947770792,525.0
semaxanib,0.208368429595839,96.0,4.962,0.07588943928892682,526.0
benproperine,0.214101306582596,79.0,-1.8259999999999998,0.0758591180441756,527.0
U-54494A,0.211212371062932,90.0,2.5220000000000002,0.07575421569328837,528.0
GW-842166,0.326481961847366,96.0,1.108,0.07565761293929112,529.0
N-[2-(piperidinylamino)ethyl]-4-iodobenzamide,0.316799821578867,91.5,-0.37,0.07534340689632606,530.0
FPL-62064,0.166101276352427,87.5,2.94,0.07525404468227952,531.0
hycanthone,0.244399166117769,82.0,-1.754,0.07506905397487877,532.0
GSK690693,0.337335543432231,105.0,4.162,0.07503772893282486,533.0
HLCL-61,0.260090663772683,87.0,-0.3379999999999999,0.07494921968429635,534.0
bazedoxifene,0.201416223839407,101.0,6.952,0.07465355217236869,535.0
tonabersat,0.372356224292583,94.5,-1.1039999999999999,0.07463172154962605,536.0
desipramine,0.211598672305362,81.0,-1.1560000000000001,0.0745411552344976,537.0
elinogrel,0.235478123474598,87.5,0.5879999999999999,0.07449657404227945,538.0
NGD-98-2,0.200041896456099,86.5,1.342,0.07446659100340214,539.0
asunaprevir,0.191591109546478,85.0,1.014,0.07433148213314238,540.0
ML204,0.281507144738221,93.0,1.2079999999999997,0.07431604321001335,541.0
pyrrolidine-1-carbonitrile,0.253996526195522,92.0,1.704,0.07427479561810395,542.0
fenigam,0.25640668285031,89.0,0.40800000000000003,0.07389722583603182,543.0
TC-F-2,0.287492059716261,87.0,-1.422,0.07355862144565876,544.0
eliprodil,0.217765609186082,87.0,0.8240000000000001,0.0734902913368991,545.0
KB-R7943,0.26835839335201,85.5,-1.4,0.07345448814581534,546.0
SM-21,0.185756537897456,88.5,2.4,0.07319663321798701,547.0
ORG-12962,0.273434406122842,89.5,-0.051999999999999956,0.07317071626500675,548.0
palonosetron,0.323757001761646,91.5,-0.9039999999999999,0.07316870374555647,549.0
PJ-34,0.201923070806625,92.5,3.402,0.07300287681021918,550.0
ondansetron,0.252697777381824,90.0,0.786,0.07298126861027254,551.0
S-sulfo-L-cysteine,0.254177464385268,90.0,0.712,0.07279732047386134,552.0
C-1,0.447948787092587,102.5,-0.712,0.07274817539266516,553.0
cyclic-AMP,0.255351238896799,86.5,-0.7,0.0726877268277234,554.0
clomifene,0.171533848611592,96.5,5.856,0.072428171434748,555.0
HTH-01-015,0.142572231175743,104.5,9.838,0.07200593811901797,556.0
heclin,0.263110867331231,77.0,-4.742,0.0719575648957083,557.0
butabindide,0.203442391578729,86.5,0.866,0.0718902038716804,558.0
M-25,0.248881326428344,93.0,1.8800000000000001,0.071616604691818,559.0
AEG3482,0.289399648174982,97.5,2.298,0.07149137310882965,560.0
propidium-iodide,0.271348362137083,93.5,1.302,0.0712981463679121,561.0
OG-L002,0.246357715651751,87.0,-0.4219999999999999,0.07123046154282557,562.0
ER-50891,0.10406545420314,87.5,4.369999999999999,0.0711929089741133,563.0
diminazene-aceturate,0.317975409511989,86.0,-3.136,0.07116725471501588,564.0
PD-160170,0.224765120356456,95.5,3.564,0.07114843359473284,565.0
cyclovalone,0.06835950542108,93.0,7.651999999999999,0.07113773745465746,566.0
SB-243213,0.281133903148132,90.5,-0.24400000000000005,0.07084032380007887,567.0
R-59022,0.149297230015782,81.5,0.46799999999999997,0.07041906751626022,568.0
linopirdine,0.249265417921573,91.0,0.892,0.07021355211759987,569.0
siramesine,0.091882123779587,94.5,7.279999999999999,0.0697775617754205,570.0
tosedostat,0.2429913864167,97.0,3.354,0.0697225003788516,571.0
GK921,0.098801602435979,86.0,3.7340000000000004,0.06961541057194949,572.0
5-HMF,0.25712726975701,86.5,-1.216,0.06945981688672472,573.0
firocoxib,0.218054649367868,84.5,-0.754,0.06927842102508985,574.0
TRAM-39,0.163636936837326,89.0,2.748,0.06924289355318143,575.0
T-0070907,0.143189397684547,87.0,2.616,0.06912158909073818,576.0
1-phenylbiguanide,0.21854842126209,86.5,-0.07000000000000002,0.06874139071631402,577.0
lithium-citrate,0.239449701998959,89.0,0.22200000000000003,0.06872622316117043,578.0
CCG-1423,0.226894696975103,89.5,0.8220000000000001,0.06872460355613781,579.0
ANR-94,0.235571949269233,88.0,-0.061999999999999965,0.06857616072695145,580.0
Cilastatin Sodium,0.214766008184644,88.5,0.796,0.06851171792939297,581.0
titanocene-dichloride,0.16259542241902,84.0,0.728,0.06844716447017811,582.0
CP-99994,0.240011217533352,86.0,-1.036,0.06819515739383226,583.0
azosemide,0.286463013003075,98.5,2.31,0.06817483839698402,584.0
cyclovirobuxin-D,0.331212517145713,97.0,0.2699999999999999,0.06810359281696292,585.0
SPP301,0.182896866629199,85.5,0.602,0.0680851333817523,586.0
SERTRALINE HYDROCHLORIDE,0.142606705567589,89.5,3.3900000000000006,0.06760684541890094,587.0
PHA-665752,0.158716072936475,106.0,9.264,0.0675433989211357,588.0
JTE-907,0.281009608533315,95.5,1.224,0.06748476846719138,589.0
CGM097,0.24358687968278,93.5,1.656,0.06746792262112011,590.0
SNAP-94847,0.375250474568403,90.5,-3.7879999999999994,0.06732584156006538,591.0
BMS-587101,0.280790603974493,92.5,0.041999999999999996,0.06731095299419743,592.0
fasudil,0.473979758935746,100.5,-3.13,0.06711930474213967,593.0
ITI214,0.380392069196405,105.0,1.638,0.06707546901892629,594.0
naloxegol,0.249958474956199,92.0,0.8039999999999999,0.0670196694545735,595.0
uridine,0.318337528993945,96.5,0.338,0.06701634104037157,596.0
oxybutynin,0.299054202060981,98.0,1.534,0.06694575027109684,597.0
GZD824,0.452675990197083,98.0,-3.4480000000000004,0.06685978618568544,598.0
I-BZA2,0.221167495419528,91.0,1.302,0.06670092068733062,599.0
salirasib,0.160612196749832,89.0,2.482,0.06668156018958442,600.0
VUF10460,0.205795798124915,94.5,3.1420000000000003,0.06659007865678952,601.0
danofloxacin,0.319212741502199,100.0,1.59,0.06646623975290662,602.0
AG-490,0.213715969392203,98.0,4.226,0.06646171299956083,603.0
metharbital,0.220786327011878,91.5,1.474,0.06645878605001765,604.0
Torcetrapib (CP-529414),0.259375792118993,93.0,0.804,0.06643206055223982,605.0
ivosidenib,0.219340133903576,91.5,1.51,0.06638286170248724,606.0
YM-976,0.374781829367048,100.0,-0.25599999999999995,0.06612626568524449,607.0
PPT,0.265319714506163,88.0,-1.3780000000000001,0.06608674886564052,608.0
carmofur,0.222098054292609,96.0,3.1,0.06590861757849338,609.0
cardionogen-1,0.254169824744132,89.0,-0.664,0.06584150022699779,610.0
VCH-916,0.154805825199453,83.0,0.20400000000000001,0.06571677235942415,611.0
ginkgolide-B,0.264159929210019,93.0,0.546,0.06570538008180042,612.0
N-benzylnaltrindole,0.148499435710587,101.5,7.582000000000001,0.06567141702881725,613.0
mesoridazine,0.323051532536824,91.0,-2.1420000000000003,0.06565929250971976,614.0
chlorthalidone,0.130389519724366,78.5,-0.7639999999999999,0.06563724782393865,615.0
TC-S-7005,0.19085634690447,84.5,-0.396,0.06560460971591169,616.0
ibuproxam,0.233914767801208,93.5,1.702,0.06558908194421327,617.0
igmesine,0.315858473599465,97.5,0.602,0.06557796053164815,618.0
"tropanyl-3,5-dimethylbenzoate",0.230447179139182,90.0,0.4379999999999999,0.06546434055255212,619.0
GR-113808,0.228188545877342,96.0,2.836,0.06543719994500659,620.0
bemesetron,0.215791656490019,89.5,0.714,0.06543581405540551,621.0
rac-BHFF,0.239084782283012,95.5,2.288,0.06542711643529375,622.0
spironolactone,0.291259443012642,98.5,1.7579999999999998,0.06538135107426468,623.0
diphenhydramine,0.202720155076613,86.5,-0.07600000000000003,0.06509453926629956,624.0
arbidol,0.125677628519843,87.5,2.802,0.06507680831782821,625.0
AM-251,0.253745297088559,93.0,0.792,0.0650653387065951,626.0
L-glutamine,0.277829459661714,94.0,0.362,0.06479087556559548,627.0
wiskostatin,0.145665616864083,109.5,10.645999999999999,0.06473709889322228,628.0
9-anthracenecarboxylic-acid,0.252117631339703,89.5,-0.57,0.06466973923554187,629.0
SD-169,0.192104513137008,87.5,0.5880000000000001,0.06461898248396358,630.0
baicalein,0.196318588654072,85.0,-0.52,0.0646095256357108,631.0
enisamium-iodide,0.172007280551461,90.0,2.206,0.06460145776329314,632.0
NNC-05-2090,0.027787192851412,97.5,9.745999999999999,0.06434367682628461,633.0
BD-1047,0.207576066374206,82.5,-1.936,0.06403592310443629,634.0
pizotifen,0.28462021883819,94.5,0.22400000000000003,0.0639997857289512,635.0
DCEBIO,0.171064385774405,83.5,-0.374,0.06398444092017926,636.0
"3,3'-dichlorobenzaldazine",0.288262119808495,99.0,1.846,0.06395211621010499,637.0
A740003,0.296878989679243,97.0,0.77,0.06380446288544513,638.0
tozadenant,0.275269572708738,97.0,1.44,0.06359974078426207,639.0
tafamidis-meglumine,0.242200799775983,90.5,-0.02799999999999998,0.06349450822033172,640.0
NVP-ADW742,0.076239619726731,92.0,5.918,0.06345808419985104,641.0
NVP-AEW541,0.150327950942147,106.0,8.948,0.06340867397729504,642.0
ML365,0.25729543481401,96.5,1.798,0.06339269405706416,643.0
RKI-1447,0.391805736923895,97.75,-2.097,0.06319103007849584,644.0
MK-2206,0.2552531939363,106.5,5.702,0.06308732428172847,645.0
ICI-63197,0.27579745133436,96.5,1.154,0.0630727857205939,646.0
AMG458,0.316340560241561,98.0,0.418,0.06302636339018479,647.0
L-778123,0.276221766417789,95.0,0.5459999999999999,0.062987774564502,648.0
apocynin,0.33113601225236,97.0,-0.458,0.06296143060787684,649.0
PS178990,0.189139421978129,91.5,1.98,0.06281372489757031,650.0
droxinostat,0.198763308965816,90.0,1.03,0.06241625628267785,651.0
eliglustat,0.20033922419973,92.5,1.9259999999999997,0.06225191444044279,652.0
cromoglicic-acid,0.204484933243139,87.0,-0.352,0.062187421073251814,653.0
rolipram,0.390399556652564,100.5,-1.128,0.062178389166299475,654.0
cetaben,0.209928459980995,91.5,1.206,0.062099514191958506,655.0
cefprozil,0.273068532909282,99.0,2.07,0.06206888181881631,656.0
sipatrigine,0.203529157428776,82.0,-2.286,0.06201661253377414,657.0
dabigatran,0.26909138948736,96.0,1.0139999999999998,0.06192618919879774,658.0
NBI-74330-(+/-),0.141992636821249,84.0,0.42800000000000005,0.061643392232191396,659.0
DDR1-IN-1,0.027664851898834,103.5,11.644,0.0612833012464683,660.0
eprazinone,0.349765397224451,96.0,-1.7060000000000002,0.06115092433326352,661.0
CGH2466,0.370335688588956,99.5,-1.014,0.06114393017666161,662.0
GR46611,0.15545969676588,88.5,1.65,0.061017442229783524,663.0
dorsomorphin,0.321055964140275,96.5,-0.616,0.06091975632256552,664.0
efonidipine-monoethanolate,0.112653670896391,85.5,1.8559999999999999,0.06091596189687898,665.0
BIIB021,0.256326925289007,98.5,2.25,0.06088949562516377,666.0
Nandrolone,0.239857499919807,89.5,-0.718,0.060835863138691305,667.0
meldonium,0.253025664301739,88.5,-1.5559999999999998,0.06066784381045857,668.0
"L-655,708",0.285720244947797,95.0,-0.10600000000000001,0.06056114994291625,669.0
broxaldine,0.245815973142893,103.0,4.284000000000001,0.0605190226305408,670.0
carbadox,0.226559045755152,85.0,-2.084,0.060486525454989414,671.0
neridronic-acid,0.207916306637946,91.0,0.8440000000000001,0.06045911038147356,672.0
flecainide,0.192768378427185,87.5,-0.025999999999999978,0.0604479272351374,673.0
INS316,0.266798971330186,97.0,1.262,0.060417680463145586,674.0
zolimidine,0.210821076697443,85.0,-1.616,0.060196949900676144,675.0
vanoxerine,0.274757099809312,86.0,-3.308,0.06011424008641871,676.0
BAY-K-8644-(+/-),0.191945630992821,91.75,1.6009999999999998,0.060101768553681434,677.0
SF-11,0.267176115225678,86.5,-2.8739999999999997,0.06007681458803893,678.0
E7449,0.219463750391776,91.0,0.4119999999999999,0.06004778727052581,679.0
MY-5445,0.199787720672993,94.0,2.196,0.059928617265026705,680.0
LB42708,0.342089195961282,94.5,-2.234,0.05978431850451804,681.0
clobetasone-butyrate,0.34367858070885,96.0,-1.714,0.059708441050488004,682.0
LXR-623,0.288672925319726,95.5,-0.13399999999999998,0.059670346378321915,683.0
BU-239,0.176672797806276,93.0,2.496,0.05950867596915784,684.0
SC-12267,0.159041375743593,94.5,3.646,0.05949046207877828,685.0
NT157,0.193941826905926,103.5,6.005999999999999,0.059461440501260086,686.0
SB-268262,-0.073642606739578,81.0,5.898000000000001,0.05923884785597925,687.0
triclosan,0.237111100940185,95.0,1.2739999999999998,0.0592057347014587,688.0
CID-16020046,0.168809337742942,91.5,2.118,0.059155346787274486,689.0
tedizolid-phosphate,0.193815545663489,88.0,-0.07199999999999998,0.058996465331057256,690.0
manidipine,0.24686630228132,91.0,-0.6540000000000001,0.05878416287164737,691.0
methyl-aminolevulinate,0.118067453555569,90.0,3.118,0.05873759600755021,692.0
BAY-11-7085,0.173179626076244,89.5,1.124,0.05861784491703359,693.0
GR-127935,0.067390455128939,102.0,9.368,0.05840663223220736,694.0
SUN-11602,0.21131810427757,91.0,0.42600000000000005,0.05829130956410226,695.0
buramate,0.237371889588905,84.5,-2.96,0.05814850214188968,696.0
ivacaftor,0.362627758919644,93.0,-3.728,0.05804300336373717,697.0
DU-728,0.088617726166009,97.5,6.882,0.05803571821750767,698.0
tacrolimus,0.199258156763151,93.0,1.552,0.05800683521806793,699.0
ciproxifan,0.180824889889588,95.5,3.098,0.057861407612821436,700.0
doconexent-ethyl-ester,0.193068971448646,88.5,-0.025999999999999978,0.05778414167337812,701.0
JW-55,0.269233686923277,93.0,-0.756,0.057695441317786623,702.0
CD-437,0.22564222024483,87.5,-1.5079999999999998,0.05750187214356317,703.0
GSK2194069,0.268812910692457,90.5,-1.762,0.057348503628982285,704.0
GSK0660,0.112429352562144,95.0,5.0200000000000005,0.057181499572171224,705.0
taltirelin,0.070662721027272,87.0,3.2560000000000002,0.05711015509846351,706.0
amorolfine,0.198072011353492,93.0,1.448,0.05700460541358506,707.0
fenoldopam,0.226310117273267,95.0,1.302,0.056943102355505704,708.0
olvanil,0.21953565039287,96.0,1.8980000000000001,0.056863622470054644,709.0
tempol,0.209115336333663,97.0,2.62,0.056840837931641075,710.0
progesterone,0.205996324765643,96.0,2.3280000000000003,0.05680724988957945,711.0
YM-201636,0.168263704929106,94.5,2.9539999999999997,0.05671937011200027,712.0
otilonium,0.299115878594873,101.0,1.24,0.05669346837386887,713.0
deptropine,0.240151382829899,100.0,2.734,0.056514541259325535,714.0
JTC-801,0.313129396026823,89.0,-3.9080000000000004,0.056432460881709536,715.0
golvatinib,0.062085955954573,104.5,10.204,0.05625302605248813,716.0
tipranavir,0.183206822439332,94.5,2.3600000000000003,0.0559409577865481,717.0
loratadine,0.221348889941019,90.0,-0.6220000000000001,0.055930516100879624,718.0
dioxybenzone,0.1645259316687,88.0,0.43599999999999994,0.055902315504170796,719.0
ML141,0.152011259770541,87.0,0.44800000000000006,0.0558690290236569,720.0
rosiglitazone,0.278585963946216,92.5,-1.526,0.05577098371160009,721.0
flurofamide,0.21005014830712,94.5,1.466,0.055760769418822465,722.0
dimaprit,0.245256670402168,94.5,0.318,0.05569712746961486,723.0
ADX-47273,0.242263092395452,93.5,0.014000000000000012,0.05560763102873715,724.0
gliquidone,0.283053795397504,98.5,0.624,0.05552988901823156,725.0
GW-3965,0.267187111705923,102.0,2.4859999999999998,0.055461190876873435,726.0
quinine-ethyl-carbonate,0.214833503937378,99.0,3.0140000000000002,0.055452125181852975,727.0
RS-102221,0.222306736087038,93.0,0.43200000000000005,0.05537153689450088,728.0
PIK-93,0.334558213858899,104.0,1.064,0.055329179516937464,729.0
VU1545,0.232546060906493,93.5,0.284,0.05529540362129293,730.0
dacarbazine,0.135405205537571,87.0,0.9,0.05526913040694592,731.0
GSK9027,0.220025518798512,91.5,-0.09200000000000008,0.055261703511902883,732.0
acetylcysteine,0.182684397882009,95.5,2.6580000000000004,0.055187508430279676,733.0
KI-20227,0.332472173684187,101.0,-0.05400000000000005,0.05518070544175335,734.0
etravirine,0.3635493552484,98.0,-2.238,0.05508050015416077,735.0
G-1,0.149448037046482,91.0,1.9619999999999997,0.05501410628253367,736.0
CC-223,0.210305326333193,82.5,-3.318,0.05492890722840745,737.0
lypressin,0.16441257119803,91.0,1.4620000000000002,0.054902282102289535,738.0
TC-I-2000,0.194960995790252,87.0,-1.082,0.05487969011244657,739.0
itopride,0.190247407411055,90.5,0.426,0.054858942041481264,740.0
NNC-63-0532,0.246696290416422,94.5,0.15199999999999997,0.054856422847766116,741.0
WR99210,0.204918857032691,89.5,-0.442,0.05482208567319998,742.0
AG-556,0.166794436960215,89.5,0.78,0.05474214801867613,743.0
harmane,0.126604250729929,87.0,1.0959999999999999,0.05464460233452099,744.0
bardoxolone,0.163641354562856,104.0,6.478,0.054517543718298755,745.0
tasquinimod,0.168445736909017,92.0,1.658,0.054468263151862706,746.0
enprofylline,0.188400905522185,94.0,1.7879999999999998,0.05446335976253761,747.0
trans-4-hydroxycrotonic-acid,0.095770575144466,90.5,3.4219999999999997,0.05443374747897537,748.0
fludarabine-phosphate,0.103422700880844,82.5,0.06800000000000014,0.05442390344993416,749.0
licofelone,0.309918529426868,105.0,2.096,0.05425041665132735,750.0
presatovir,0.214724433054301,89.0,-1.048,0.0541553333863681,751.0
isopropyl-myristate,0.235314895454058,95.5,0.792,0.054037531566418474,752.0
PRT4165,0.190495408460747,99.0,3.59,0.05396428274610062,753.0
BMS-265246,0.383295584888773,104.0,-0.71,0.05394024215945096,754.0
MLN9708,-0.046394538942894,108.5,14.918000000000001,0.0538035992954066,755.0
GBR-12935,0.23879969264032,94.0,0.051999999999999956,0.053720281400465066,756.0
CP-94253,0.23972205825693,96.0,0.7939999999999999,0.05368914560728211,757.0
3-MPPI,0.215922194723784,96.0,1.56,0.053661376916089076,758.0
bicyclol,0.198914829536896,88.0,-1.0,0.053625104253250656,759.0
PF-04620110,0.118471860864297,92.5,3.344,0.05359001359313764,760.0
ME0328,0.238787852830681,95.5,0.609,0.053540213338102806,761.0
SGX523,0.144228640516355,87.0,0.368,0.05353351354779412,762.0
MK2-IN-1,0.127707210167615,105.5,8.078,0.05349896536432389,763.0
ethotoin,0.220726083917204,97.0,1.768,0.05348735067245369,764.0
AZD9272,0.136124665587979,89.0,1.3900000000000001,0.053417838069109415,765.0
paritaprevir,0.302947192827149,98.0,-0.516,0.05340138311602775,766.0
triptolide,0.3813019383341,89.0,-6.548,0.053373361106322105,767.0
XAV-939,0.148599545933734,94.0,2.912,0.053311659276365574,768.0
thioproperazine,0.251416639691661,102.5,2.884,0.0533053296990591,769.0
SYM-2206,0.256447983854449,96.5,0.384,0.05324588069125158,770.0
ubenimex,0.237419490685355,96.0,0.792,0.05315069660743673,771.0
bufexamac,0.234246306097368,94.0,0.1,0.05302122107604279,772.0
chlorisondamine-diiodide,0.224318701876714,90.5,-0.952,0.05291769178287505,773.0
rosmarinic-acid,0.152151240390795,94.5,2.932,0.05289516575133076,774.0
AZD7687,0.134450207290542,89.5,1.56,0.05286710001390819,775.0
compound-401,0.171902532249696,92.5,1.504,0.052805288924363904,776.0
omecamtiv-mecarbil,0.271852502678561,99.0,0.7619999999999999,0.052584315485255474,777.0
inimur,0.187321387425684,92.0,0.772,0.05252988998467001,778.0
acetophenazine,0.201161485831008,96.5,2.068,0.05250981438356106,779.0
GR-79236,0.22649943097982,100.0,2.558,0.052166596701547184,780.0
ospemifene,0.190290368215631,97.5,2.752,0.05211686697081497,781.0
CPCCOEt,0.224390768073266,90.5,-1.076,0.052061208419735085,782.0
dipivefrine,0.127242711471175,89.5,1.6759999999999997,0.05204229654771194,783.0
atiprimod,0.28322300534664,82.5,-6.106,0.05190858783049938,784.0
pefloxacin,0.158493303075968,91.5,1.38,0.05161091353054781,785.0
triciribine,0.167153388269106,87.5,-0.472,0.051474948170395475,786.0
brivanib-alaninate,0.385463001757314,106.5,-0.17199999999999988,0.051390471705748286,787.0
cyromazine,0.127923783197749,86.5,0.394,0.051369510183454405,788.0
proadifen,0.32283375887126,89.5,-4.756,0.051306865074362294,789.0
L-152804,0.279785385132728,98.0,-0.094,0.05109734041373781,790.0
cyt387,0.411923583734974,103.0,-2.446,0.050971482752350084,791.0
quinethazone,0.339144419422537,88.0,-5.924,0.050897587720688975,792.0
otenzepad,0.170825694206057,94.5,2.044,0.05089689455126375,793.0
FPL-55712,0.196859557678004,99.5,3.14,0.05087972290484873,794.0
arsenic-trioxide,0.1527512855302,97.0,3.594,0.05086134861978705,795.0
H-89,0.342460453759284,99.0,-1.768,0.05085418055995835,796.0
climbazole,0.216744925203778,91.5,-0.6140000000000001,0.050839997713877705,797.0
EMD-1214063,0.207085262685264,100.5,3.186,0.05080002634928086,798.0
reversan,0.226191824830351,98.0,1.594,0.05077496937835028,799.0
kartogenin,0.214325074787177,97.5,1.7759999999999998,0.050719826861222485,800.0
saclofen,0.193735901167653,94.5,1.2559999999999998,0.050567190802326224,801.0
RI-1,0.233821764401692,99.0,1.7,0.05052650066513494,802.0
GSK2330672,0.091198687721842,90.5,3.0140000000000002,0.050520472208873936,803.0
IEM1754,0.229043840588844,97.5,1.246,0.05034084885712838,804.0
mesulergine,0.205053578185933,93.5,0.4640000000000001,0.050301570857887,805.0
ASP3026,-0.030704117335255,71.0,-0.65,0.05024525455470471,806.0
silver-sulfadiazine,0.18077979958646,86.5,-1.478,0.0502286544755464,807.0
necrostatin-1,0.186071339031465,93.5,1.048,0.050089748129939715,808.0
A66,0.159990243777269,94.5,2.278,0.0500765453370224,809.0
PD-173074,0.129812160676771,107.0,8.104000000000001,0.0500629972887067,810.0
KU14R,0.227568517525978,93.0,-0.496,0.05003718183415662,811.0
CH55,0.125534198742784,90.5,1.826,0.04997689341693775,812.0
benzoylpas,0.205949167724025,91.5,-0.388,0.04997237206496097,813.0
OTS167,0.294308226623976,96.0,-1.502,0.04995756375424657,814.0
benzbromarone,0.144567127711414,85.5,-0.734,0.04995145474039542,815.0
C34,0.21719641872173,92.5,-0.368,0.04994228857489905,816.0
ziprasidone,0.328483623101455,100.5,-0.8640000000000001,0.049936525382480834,817.0
metenkephalin,0.246721639934556,91.0,-1.9200000000000004,0.04983924014287622,818.0
MRS-1845,0.059108771421292,87.5,2.786,0.04980426779017385,819.0
moexipril,0.183224477807796,90.0,-0.26399999999999996,0.049768471790116085,820.0
oseltamivir-phosphate,0.23873174179142,85.5,-3.808,0.04975646776032253,821.0
raloxifene,0.081209826780043,101.0,7.295999999999999,0.04970019902791256,822.0
efinaconazole,0.162291728666623,92.0,1.146,0.049462581508213255,823.0
foscarnet,0.201720938001632,98.0,2.186,0.04936951764104184,824.0
dehydroacetic-acid,0.120557977749626,93.5,3.058,0.04931955975772362,825.0
Rivaroxaban (Xarelto),0.19256842256405,97.5,2.2800000000000002,0.04931302122446035,826.0
NS_EX3r2,0.214269494804369,91.5,-0.756,0.04927665535239423,827.0
tilorone,0.187342555818386,105.0,5.35,0.04924231252564367,828.0
paeoniflorin,0.191600216422524,92.5,0.36,0.049237934575843544,829.0
latrepirdine,0.241387205271124,96.5,0.286,0.049126179383637024,830.0
milrinone,0.236087763240022,93.5,-0.742,0.04887946143196568,831.0
pyronaridine,0.282222164943548,100.0,0.2819999999999993,0.048834637605149535,832.0
PD-128907,0.173138903120853,87.0,-1.254,0.0486992948277973,833.0
levcromakalim,0.221027302222945,97.0,1.068,0.04862831377312238,834.0
hydroxypropyl-beta-cyclodextrin,0.25447530391424,99.0,0.754,0.04857064240476405,835.0
SGI-1776,0.20063337227759,107.5,5.792,0.04854991462037713,836.0
thioguanine,0.218036475284224,98.5,1.734,0.04853713581515103,837.0
azithromycin,0.236412464136968,98.5,1.1300000000000001,0.0484701059469325,838.0
prednisolone-hemisuccinate,0.16580231225369,94.0,1.6600000000000001,0.04841586686622749,839.0
valganciclovir,0.118348760754188,101.5,6.088,0.048288141688075714,840.0
OSI-930,0.067850001892157,90.0,3.252,0.04824472761389768,841.0
ADX-10059,0.221053220606456,97.5,1.2,0.04819730703466907,842.0
DMH4,0.150797395749728,96.5,3.082,0.048178291722250965,843.0
6-diazo-5-oxo-L-norleucine,0.196000530850084,93.5,0.44800000000000006,0.04812726385425644,844.0
LY393558,0.178190718835546,97.5,2.552,0.047953485065973155,845.0
dofequidar,0.139953450601659,89.5,0.6659999999999999,0.04782707596096051,846.0
ETP-46464,0.220460764880204,103.5,3.482,0.0477330302420946,847.0
kanamycin,0.226583002656425,100.0,1.916,0.047666284225414524,848.0
altiratinib,0.121756353922504,88.5,0.828,0.0475556368669513,849.0
ticlopidine,0.198975901173167,92.5,-0.13000000000000003,0.047468275626313505,850.0
oxyquinoline,0.201998969595813,93.5,0.15599999999999997,0.04743777740770313,851.0
butein,0.255520083100443,106.0,3.2620000000000005,0.04733789907395055,852.0
epomediol,0.172766091448193,100.5,3.7939999999999996,0.04726442935939682,853.0
ML347,0.293881032083925,100.5,-0.125,0.04725855596458187,854.0
L-838417,0.166120805912012,96.5,2.444,0.04717674748312073,855.0
orlistat,0.22631375152741,100.0,1.8539999999999999,0.04716851932724101,856.0
difluprednate,0.214548020107372,100.5,2.4219999999999997,0.047121379894030424,857.0
loracarbef,0.166954874034228,101.0,4.154,0.047109116478572,858.0
etonogestrel,0.248846864411435,90.5,-2.6,0.04690249895122408,859.0
NMS-E973,0.24693719942364,95.5,-0.6,0.04688535828463658,860.0
quinpirol-(-),0.203430778407658,92.5,-0.37,0.0467933224962962,861.0
rosuvastatin,0.321892690328288,99.0,-1.682,0.04677562228855192,862.0
3-methyladenine,0.258440202220411,93.0,-1.9600000000000002,0.046761880588046346,863.0
GSK269962,0.305739797048634,97.0,-1.94,0.046745375189904625,864.0
cabozantinib,0.329085905475192,97.5,-2.512,0.04666934737778661,865.0
veliparib,0.205540022202706,109.0,5.934,0.04656856463449347,866.0
W-54011,0.105861071015757,85.5,0.03199999999999994,0.04652905768871659,867.0
napabucasin,0.308665969622488,89.0,-5.180000000000001,0.04646177727330003,868.0
vesamicol,0.230001965739548,98.5,1.05,0.04644706732707249,869.0
bafetinib,0.35799112739212,104.0,-0.9559999999999998,0.04644587702949091,870.0
bromindione,0.203602099944763,93.5,-0.06599999999999992,0.04624009871022816,871.0
GW-1100,0.179567417895644,90.5,-0.454,0.046232018556988885,872.0
oxfenicine,0.245862424977888,103.0,2.2459999999999996,0.04618314631547852,873.0
TMC647055,0.152866969108415,97.5,3.114,0.04614262419378575,874.0
NVS-PAK1-1,0.064168045955634,89.0,2.6799999999999997,0.04611188503374101,875.0
canrenone,0.218566497642272,94.0,-0.378,0.04608554498552064,876.0
cilnidipine,0.171144115333931,95.0,1.528,0.0459709189189574,877.0
SB-408124,0.204272736621647,99.0,2.0060000000000002,0.045951299390933786,878.0
SirReal-2,0.210852599002322,96.5,0.8220000000000001,0.04594560940939548,879.0
ibudilast,0.092359279833377,97.0,4.848,0.04593561573228777,880.0
LX7101,0.155934956876851,94.0,1.58,0.04560558870019064,881.0
lenvatinib,0.238737237599056,100.0,1.212,0.04547840949068808,882.0
lumefantrine,0.149776384007053,91.5,0.784,0.04543025705575362,883.0
M8-B,0.24743101580534,98.0,0.13599999999999995,0.04534827071277551,884.0
asymmetrical-dimethylarginine,0.216669178764021,95.5,0.148,0.04525786779078689,885.0
solithromycin,0.351323014679813,104.5,-0.732,0.04513805210100719,886.0
baricitinib,0.418332763026279,111.5,-0.188,0.04510215900637463,887.0
AM-281,0.109973154071252,87.5,0.46799999999999997,0.04507024493842404,888.0
antalarmin,0.192778190113772,93.0,-0.07999999999999999,0.04504270749411743,889.0
amifostine,0.164309983129748,100.5,3.75,0.045028959552866565,890.0
oxymetazoline,0.233281477601959,100.0,1.322,0.045010296776183546,891.0
andrographolide,0.122620360424012,106.0,7.215999999999999,0.044906373355459515,892.0
butaclamol,0.273448283952199,101.0,0.38400000000000006,0.04482232381561798,893.0
AS-77,0.199668704597995,98.5,1.782,0.04469208780063538,894.0
vatalanib,0.199324966865515,96.0,0.8019999999999999,0.04454572071303068,895.0
drofenine,0.275236436416982,99.5,-0.30000000000000004,0.04451290281531487,896.0
acrisorcin,0.293243369660826,97.0,-1.8539999999999999,0.04450492447154708,897.0
risedronate,0.123468246865442,89.0,0.526,0.044453448564383935,898.0
atosiban,0.174523508485625,91.0,-0.36,0.04437894585245006,899.0
SB-205384,0.151297409475298,93.0,1.16,0.04432512721101282,900.0
FR-139317,0.257457622970331,100.0,0.44200000000000006,0.044321256742107774,901.0
TH005487,0.029108945434351,84.5,1.782,0.04410141093225983,902.0
palmatine-chloride,0.18904350994553,92.0,-0.488,0.04405233217150987,903.0
roquinimex,0.21050607296214,94.5,-0.21599999999999991,0.044024197425657295,904.0
cyclamic-acid,0.146118886753076,87.5,-0.85,0.04402378084278028,905.0
HER2-Inhibitor-1,0.173884534673048,95.0,1.16,0.044004474471901,906.0
acyclovir,0.109338158145675,104.5,6.928,0.04395257207260165,907.0
tamoxifen,0.134943451582339,95.5,2.602,0.0439211207094804,908.0
WAY-200070,0.128207870488341,94.5,2.42,0.04383826385662115,909.0
ranirestat,0.147700680770056,94.5,1.782,0.04378622857241506,910.0
irsogladine,0.167804340759095,94.5,1.1300000000000001,0.04377475108842758,911.0
acitazanolast,0.235475202002991,95.0,-0.8880000000000001,0.043613836822370744,912.0
captamine,0.105915768470786,91.0,1.75,0.043608013840838344,913.0
etazolate,0.253918209128822,100.5,0.64,0.04354291259918042,914.0
oleamide,0.241958253715418,94.5,-1.302,0.04354201659649185,915.0
miglitol,0.110073278821055,105.5,7.234,0.04354182276950221,916.0
mafenide,0.135631138139569,91.0,0.776,0.043518725714812335,917.0
EXO-1,0.170837549056356,99.0,2.7399999999999998,0.043503988584592,918.0
PYR-41,0.148551493165254,85.0,-1.9740000000000002,0.04349599349805766,919.0
beclamide,0.277988847905034,97.5,-1.338,0.04329722039686734,920.0
SKF-86002,0.209502615380223,94.0,-0.49399999999999994,0.04320482277543092,921.0
BMS-777607,0.363840052531918,107.0,-0.4640000000000001,0.043044570399957384,922.0
cefathiamidine,0.162198272376263,92.0,0.236,0.04303537402603678,923.0
cyacetacide,0.167484605786263,101.5,3.748,0.043005605708615634,924.0
IPAG,0.037036754415399,113.0,12.420000000000002,0.0429239406800311,925.0
RS-45041-190,0.132302762958419,93.5,1.766,0.042899227204286926,926.0
ML9,0.243921167550794,95.0,-1.268,0.04286225837483012,927.0
rufinamide,0.217701235110126,102.0,2.2800000000000002,0.042741503772850985,928.0
rifamycin-sv,0.117445237315754,94.25,2.503,0.04265459653990037,929.0
FK-3311,0.114972550726157,92.5,1.9,0.042628100722377514,930.0
osthol,0.243082636781477,107.0,3.376,0.042575745206335704,931.0
PGL5001,0.195123886962398,99.5,2.016,0.04257208125428177,932.0
gemifloxacin,0.163228009483822,91.5,-0.05800000000000001,0.04256639275544242,933.0
NECA,0.184032029110128,92.0,-0.5479999999999998,0.04248868521608884,934.0
SN-2,0.152940668084584,95.0,1.6199999999999999,0.04247302973773215,935.0
imidacloprid,0.113908157287222,98.5,4.215999999999999,0.04229569048791182,936.0
ilepcimide,0.196832775613565,95.5,0.368,0.04228915417743943,937.0
phenylmethylsulfonyl-fluoride,0.191441255591853,95.0,0.344,0.042258501257613955,938.0
lersivirine,0.161571873158502,97.0,2.08,0.042212316529486794,939.0
NPC-15199,0.14455419100309,96.0,2.2399999999999998,0.04219538979354601,940.0
Calhex-231,0.13439458599152,91.5,0.8200000000000001,0.04218073908020107,941.0
balapiravir,0.088188428186557,88.0,0.9480000000000001,0.04212197833359129,942.0
L-670596,0.144041128636178,90.0,-0.094,0.04204185108638414,943.0
hyoscyamine,0.139327797853536,90.5,0.24800000000000005,0.042009852354260545,944.0
sulbactam-pivoxil,0.183709244985021,89.0,-1.78,0.04193926186761417,945.0
hordenine,0.163246250531471,90.5,-0.542,0.04189568022017217,946.0
CL316243,0.159135820520679,93.5,0.754,0.04188604207518043,947.0
GNF-7,0.465407589204019,103.5,-5.282,0.041821464302891166,948.0
trioxsalen,0.132961261587469,94.0,1.782,0.04179570032758003,949.0
scopolamine-N-oxide,0.141918601737085,107.0,6.536,0.04178212985746085,950.0
SMER-28,0.190065088829882,101.0,2.648,0.041770616298255514,951.0
aminohydroxybutyric-acid,0.22602566195414,92.0,-2.012,0.04174621580710839,952.0
GSK3787,0.178430603081967,99.0,2.232,0.041657121144803834,953.0
EN460,0.184944888818495,97.0,1.23,0.04155156188001504,954.0
rosamicin,0.12895187493232,96.0,2.648,0.04151433822363815,955.0
RS-67333,0.237440680375121,95.0,-1.256,0.04147091293783778,956.0
eseroline-(-),0.13682379316244,97.0,2.774,0.04146176552360459,957.0
KD-023,0.208368947079075,96.5,0.258,0.04140973527943762,958.0
ginsenoside-RE3,0.155686853822721,92.5,0.40199999999999997,0.04135494380065933,959.0
SB-747651A,0.370527178874981,105.5,-1.5219999999999998,0.04121804164942696,960.0
BRL-52537,0.168028578041093,91.5,-0.43599999999999994,0.040998716981293204,961.0
brolitene,0.198528707860822,93.5,-0.6540000000000001,0.04094550847442635,962.0
BU-224,0.125103966452267,93.0,1.524,0.04092239216985816,963.0
K145,0.166930109377731,92.0,-0.21799999999999997,0.04091704554409573,964.0
ferrostatin-1,0.116600120148979,94.0,2.184,0.04089960250559895,965.0
bephenium-hydroxynaphthoate,0.170896757829676,94.5,0.6119999999999999,0.04083254644436093,966.0
erythritol,0.135362487537744,87.5,-0.976,0.040687222318656215,967.0
2-iodomelatonin,0.045457885088349,88.0,2.1239999999999997,0.040669259655813174,968.0
bendroflumethiazide,0.135865100696053,87.5,-1.0,0.040632736338028407,969.0
candicidin,0.19827776014906,100.5,2.012,0.04052992312142234,970.0
LY225910,0.148913257427587,93.0,0.692,0.0404877022906955,971.0
EB-47,0.183387269625905,100.0,2.286,0.0404338077893985,972.0
roflumilast,0.201770842177382,97.0,0.522,0.04039943251775232,973.0
PSB-11,0.140338344426392,90.5,-0.014000000000000012,0.040395643828299965,974.0
itacitinib,0.219886133280377,97.5,0.12400000000000003,0.04035704535766801,975.0
L-701252,0.235383355631752,100.5,0.7699999999999999,0.040237051502593414,976.0
D-(+)-maltose,0.128922242413171,86.0,-1.4140000000000001,0.04023563714522368,977.0
phenylbutazone,0.20863376182853,97.5,0.46799999999999997,0.04021609208513688,978.0
FR-122047,0.21094080245538,93.5,-1.172,0.04012569962173059,979.0
"trans-4-[8-(3-fluorophenyl)-1,7-naphthyridin-6-yl]cyclohexanecarboxylic-acid",0.315091038299628,103.0,-0.8640000000000001,0.04005599412345525,980.0
miltefosine,0.182373868799197,94.5,0.12999999999999998,0.040053232385569536,981.0
raltegravir,0.323495518203111,110.0,1.5779999999999998,0.040034690168258634,982.0
SB-206553,0.204103397514068,99.0,1.168,0.04001365327813888,983.0
imidafenacin,0.132979589419204,93.0,1.138,0.03999869117361662,984.0
alpha-methylhistamine-dihydrobromide-(S)-(+),0.17037712132208,99.0,2.254,0.03997794809935221,985.0
propyl-benzoate,0.105230978429917,90.0,0.8640000000000001,0.03994732819200756,986.0
zacopride,0.169236397305018,89.0,-1.596,0.039938584305159584,987.0
masoprocol,0.064541912830923,90.0,2.1740000000000004,0.03990281076928037,988.0
CCG-50014,0.218379824431176,96.0,-0.48200000000000004,0.03984644685901836,989.0
perindoprilat,0.27632742280788,104.5,0.9399999999999998,0.03982910592310814,990.0
CJ-033466,0.221331005554603,103.0,2.1260000000000003,0.039751801422837296,991.0
AFN-1252,0.182492624159001,94.0,-0.11399999999999996,0.03972876460584618,992.0
3-alpha-hydroxy-5-beta-androstan-17-one,0.22256282822792203,101.83333333333333,1.6286666666666667,0.03971897487616468,993.0
SC-10,0.101919466003915,88.5,0.332,0.03954654704535765,994.0
mibampator,0.145901301459592,93.0,0.644,0.03946388636063325,995.0
menadione,0.143552076042691,91.0,-0.06399999999999997,0.03940942167890674,996.0
protionamide,0.198291828265874,98.0,0.876,0.03936688167111783,997.0
zaltoprofen,0.241184725657561,104.5,2.0100000000000002,0.039358203666138104,998.0
caffeic-acid-phenethyl-ester,-0.012491959525138,79.0,0.31399999999999995,0.039320892041613896,999.0
procaterol,0.141688647986154,88.0,-1.184,0.039297564718792866,1000.0
dazoxiben,0.196091648134522,99.0,1.324,0.0392872740325777,1001.0
TMC-353121,0.226876416831989,96.5,-0.65,0.03923264679186692,1002.0
NTNCB,-0.018623503147653,97.5,7.678,0.03921680215752321,1003.0
"4-acetyl-1,1-dimethylpiperazinium",0.10297390868856,88.5,0.24999999999999994,0.03920944103170354,1004.0
vardenafil,0.227386977418427,97.5,-0.28400000000000003,0.039193126445531044,1005.0
trifluoperazine,0.155783054916545,96.5,1.6260000000000001,0.03906421051605121,1006.0
sucralfate,0.061052129832717,86.5,0.808,0.03905498830670898,1007.0
4-propylbenzoic-acid,0.187072677445999,95.0,0.028000000000000025,0.03903915808801206,1008.0
AZD8835,0.198925361867992,94.0,-0.744,0.03903616639865878,1009.0
ATN-161,0.095731484405837,93.0,2.202,0.039006081729850574,1010.0
darglitazone,0.276211272383079,98.5,-1.502,0.03900569350598578,1011.0
GSK2838232,0.202857318954081,96.0,-0.10400000000000005,0.03897238645340891,1012.0
alpha-methylserotonin,0.251132253777566,97.0,-1.282,0.03894142531375955,1013.0
piclamilast,0.362927113013944,107.0,-1.018,0.03893679369935662,1014.0
sulfamonomethoxine,0.101770335293804,89.5,0.638,0.03893442474257536,1015.0
LY294002,0.265941907837684,98.5,-1.19,0.038863339823046315,1016.0
sumatriptan,0.20549419867321,98.0,0.5700000000000001,0.03885301720918973,1017.0
KW-3902,0.133665518015462,94.0,1.334,0.0388023967102501,1018.0
CP-471474,0.192793318003036,99.0,1.348,0.03870508369876554,1019.0
thiostrepton,0.147985977620354,92.5,0.2599999999999998,0.03860159629664791,1020.0
ethoxzolamide,0.204599721893118,97.5,0.366,0.03857938238345763,1021.0
RG4733,0.217012013677547,86.0,-4.518,0.038446025183434616,1022.0
NMDA,0.150797199925916,90.5,-0.6300000000000001,0.03844114968100132,1023.0
AS-1269574,0.268798861376951,101.0,-0.39399999999999996,0.03828678461798666,1024.0
BD-1063,0.156265439430935,94.0,0.526,0.038261241232833997,1025.0
NIDA-41020,0.153822266192368,86.0,-2.5119999999999996,0.03817684186144384,1026.0
SR-27897,0.16178964982911,93.0,-0.06400000000000002,0.03809823363575574,1027.0
NAN-190,0.184748591503529,99.0,1.518,0.03806974716643833,1028.0
apatinib,0.309853510915578,107.0,0.56,0.03795849166282624,1029.0
BIRT-377,0.25010488907778,96.5,-1.584,0.03794765877249617,1030.0
tyrphostin-AG-18,0.204165769866448,100.5,1.438,0.03783015574481441,1031.0
salicin,0.152620596717314,99.0,2.52,0.03780670690672187,1032.0
motolimod,0.139510361575796,93.0,0.612,0.0377831967695477,1033.0
PF-8380,0.127282543369818,99.5,3.502,0.03758304891661849,1034.0
4EGI-1,0.230444781359831,102.5,1.326,0.03756184495679423,1035.0
NVP-BSK805,0.045680742999198,116.5,12.732,0.03752593538630611,1036.0
Ro-3306,0.113861567356323,97.0,2.9560000000000004,0.0375136995801747,1037.0
EW-7197,0.295177172483333,109.0,1.7399999999999998,0.03745831119709497,1038.0
nisoxetine,0.135307308869523,96.5,2.06,0.0374563457479834,1039.0
T-5224,0.159171649800044,96.0,1.084,0.037386628021039016,1040.0
sivelestat,0.167948744467159,95.0,0.41000000000000003,0.037373092603168644,1041.0
clofoctol,0.121140261767921,94.0,1.532,0.037343802183977294,1042.0
enalapril,0.198314949580326,96.5,0.0019999999999999575,0.037318004569219,1043.0
clorsulon,0.205983387755376,98.0,0.332,0.03728902596549758,1044.0
sodium-orthovanadate,0.220646043548697,98.5,0.04800000000000002,0.03726286109406559,1045.0
tracazolate,0.174468410447886,92.5,-0.788,0.03725514124648303,1046.0
WAY-213613,0.232572004232203,98.0,-0.558,0.03707898983728194,1047.0
kaempferol,0.214611061793004,108.0,3.904,0.03707643876256598,1048.0
BRL-54443,0.213853722119378,101.0,1.21,0.03706529868963778,1049.0
O-acetyl-L-serine,0.071933516840811,88.0,0.754,0.037054544058797934,1050.0
BAY-60-7550,0.148046241871613,100.0,2.934,0.03694707970034061,1051.0
rhein,0.271725783140567,99.5,-1.262,0.03694143484207594,1052.0
ripasudil,0.437563127019471,112.0,-1.7879999999999998,0.03685225864017542,1053.0
BW-180C,0.159300636117535,97.0,1.388,0.03682376311898772,1054.0
CGS-20625,0.194380945538712,96.0,-0.14800000000000005,0.03673230162062776,1055.0
A-582941,0.148597869892839,91.0,-0.608,0.03672903848845969,1056.0
isopropamide-iodide,0.191706174037583,100.0,1.484,0.036682633901671924,1057.0
cyclopentolate,0.178246690912693,93.0,-0.7979999999999999,0.036679064454421116,1058.0
alprostadil,0.110274548490844,90.5,0.41200000000000003,0.036547950273152906,1059.0
topiroxostat,0.144673473656388,94.5,0.85,0.036536041444956924,1060.0
midafotel,0.094876668361199,89.0,0.32,0.03649207742344851,1061.0
SRT2104,0.214593065938309,98.0,-0.06399999999999997,0.03646209860833279,1062.0
hydroxyurea,0.222868188588334,100.0,0.442,0.036444109730381334,1063.0
grapiprant,0.242601586049989,93.5,-2.7199999999999998,0.0364387859374633,1064.0
ozagrel,0.119911176559365,92.0,0.6659999999999999,0.036432192684756094,1065.0
CP-91149,0.224931738151682,102.0,1.146,0.036405358754821315,1066.0
BIBR-1532,0.229527329011115,103.0,1.3820000000000001,0.036381001525670364,1067.0
simeprevir,0.060864400526259,88.5,1.206,0.036349467322083405,1068.0
UPF-1069,0.075164171618167,87.0,0.16,0.03634106082342411,1069.0
clofarabine,0.109924683982821,94.5,1.938,0.03628155541390702,1070.0
VT-464,0.164584516535731,102.5,3.2640000000000002,0.036205812914902324,1071.0
LY231617,0.19484923929459,99.0,0.9259999999999999,0.03620262484997161,1072.0
flosequinan,0.195381951798525,96.5,-0.06200000000000001,0.03619953836580422,1073.0
sodium-ascorbate,0.158600443817312,95.5,0.736,0.036172927798930145,1074.0
bepotastine,0.092055542791506,90.0,0.728,0.035989481077085585,1075.0
piboserod,0.132371482064874,92.5,0.392,0.035974875299774944,1076.0
Ro-3,0.120029997503985,94.0,1.3719999999999999,0.03596464226768573,1077.0
kynurenic-acid,0.121690604893303,97.0,2.478,0.03593175763605424,1078.0
torin-2,0.161539167283064,86.5,-2.888,0.03592126925115827,1079.0
"hydroxytacrine-maleate-(R,S)",0.265495623555039,90.5,-4.7,0.035911064137271666,1080.0
faropenem,0.120925780172289,92.5,0.752,0.03590252599254876,1081.0
Perampanel,0.109543293687147,90.5,0.3419999999999998,0.03588865618853413,1082.0
azathioprine,0.171769490460592,95.5,0.25600000000000006,0.035793001858674955,1083.0
lauric-acid,0.185105026196343,96.5,0.2,0.03570348891315004,1084.0
clopidogrel,0.229296594711355,99.0,-0.2699999999999999,0.035628200870751324,1085.0
A-317491,0.188887750087855,95.5,-0.33799999999999997,0.03550994062911165,1086.0
ONO-4817,0.130729714538923,98.5,2.6980000000000004,0.035440583302819594,1087.0
butacaine,0.20561779581833,100.5,1.044,0.0353872755165204,1088.0
sulfamethoxazole,0.127566726507822,94.5,1.236,0.03535751314599952,1089.0
BIO-5192,0.156708072456597,91.0,-1.066,0.035351916576866836,1090.0
OLDA,0.132675090237944,99.5,3.008,0.035333606613975964,1091.0
dapiprazole,0.108752510463361,87.5,-0.8800000000000001,0.03530304889222576,1092.0
isoprenaline,0.240935378771248,100.5,-0.11400000000000006,0.035278530987997526,1093.0
montelukast,0.169182661752409,92.5,-0.9080000000000001,0.0352066658737068,1094.0
PR-619,0.12470732571841,98.5,2.856,0.03518132556282764,1095.0
QX-222,0.198264773165128,97.0,-0.10800000000000001,0.03516611502481123,1096.0
CP-376395,0.248027930203332,100.0,-0.554,0.035162487397263055,1097.0
diclazuril,0.16025345580934,93.0,-0.442,0.03508746949402867,1098.0
SU3327,0.247563304067981,90.5,-4.2379999999999995,0.03507952626094927,1099.0
nimodipine,0.13962593893335,92.0,-0.17600000000000007,0.0349946497734878,1100.0
DMeOB,0.131904446875564,92.0,0.07199999999999998,0.03498200354581623,1101.0
lopinavir,0.184272916661141,105.0,3.386,0.03471772156656187,1102.0
acedapsone,0.232924601942352,98.0,-0.9079999999999998,0.034695470797227866,1103.0
sulfaphenazole,0.178147166146952,99.5,1.4460000000000002,0.034693423825660465,1104.0
RS-56812,0.181074250959366,97.5,0.5700000000000001,0.03465791558076644,1105.0
taxifolin,0.187062238385832,99.5,1.1480000000000001,0.03462591348082248,1106.0
DAA-1106,0.098730700820203,95.0,2.258,0.03461883139112809,1107.0
ezutromid,0.1737024945436,98.5,1.19,0.03461136076423821,1108.0
sudan-IV,0.125804427730373,92.0,0.2120000000000001,0.03457835624549873,1109.0
kevetrin,0.194844608892241,92.0,-2.05,0.034377768705565415,1110.0
taurine,0.190265799694804,94.5,-0.95,0.034247847930666486,1111.0
ACTB-1003,0.226793262118048,96.5,-1.358,0.03422975974863551,1112.0
cefmetazole,0.147935200090431,98.5,1.9600000000000002,0.03416370152880873,1113.0
isoflupredone-acetate,0.154711096841095,98.0,1.544,0.03414449275402424,1114.0
O4I1,0.14348813610882,99.5,2.48,0.03407924722420778,1115.0
acefylline,0.123938275162153,100.0,3.2920000000000003,0.03397703905073801,1116.0
XL888,0.188142268315,98.5,0.6300000000000001,0.033957662816195645,1117.0
AZ3146,0.125932929333896,98.0,2.446,0.03394037013356351,1118.0
phloretin,0.241402972946112,103.5,0.844,0.03393211552268627,1119.0
tianeptine,0.236838002522967,104.5,1.3780000000000001,0.033919362743364344,1120.0
AG-14361,0.092037421756317,97.5,3.344,0.033908823895364794,1121.0
glipizide,0.217897991335704,96.0,-1.318,0.033851714585789804,1122.0
RWJ-50271,0.106816018791261,97.5,2.856,0.033839129472905315,1123.0
ICA-110381,0.180498445398224,99.5,1.242,0.03379283372810397,1124.0
CGP-13501,0.077096868430924,94.0,2.452,0.03378999829938593,1125.0
ETHINYL ESTRADIOL,0.128022626648247,102.0,3.8980000000000006,0.03370862207004858,1126.0
coumarin,0.114325675952735,89.5,-0.514,0.033684209045289716,1127.0
trelagliptin,0.19414774602266,99.0,0.576,0.03357905477184986,1128.0
netupitant,0.112115035963691,94.0,1.2819999999999998,0.033528593345178215,1129.0
orantinib,0.122582167530127,92.5,0.35600000000000004,0.033492106594442496,1130.0
piribedil,0.097942006957985,98.5,3.478,0.0334645408537683,1131.0
metamizole,0.14142031348735,93.5,0.12200000000000007,0.033402691231390204,1132.0
aminophylline,0.187282414832926,95.0,-0.7859999999999999,0.03335678756510082,1133.0
trolox,0.096451009480458,98.5,3.5100000000000002,0.033350255174466735,1134.0
rose-bengal,0.318442503110085,98.25,-3.7840000000000003,0.03324210052121179,1135.0
tetramisole,0.190574679205574,103.5,2.39,0.03323988045656079,1136.0
5-hydroxymethyl-tolterodine,0.191410791232567,94.5,-1.136,0.03319925720786291,1137.0
TCS-5861528,0.119016454060902,92.0,0.23200000000000004,0.03317330188280868,1138.0
ivermectin,0.110525005824857,94.0,1.278,0.03313833349956926,1139.0
cefotiam,0.211526779693202,100.5,0.532,0.03312873224060494,1140.0
colistimethate,0.032664069259564,93.5,3.598,0.03310455606181869,1141.0
AZD3839,0.163221493399092,92.5,-1.014,0.033102928008315456,1142.0
tasuldine,0.175093599817333,99.5,1.3119999999999998,0.033054736798047234,1143.0
opipramol,0.236787089500977,102.0,0.284,0.03303718100997011,1144.0
L-monomethylarginine,0.197375231222348,97.0,-0.384,0.03302064143254927,1145.0
oprozomib,-0.312421619686766,108.0,20.358,0.032881397846876194,1146.0
KML29,0.159149960051761,93.5,-0.536,0.032808336277410755,1147.0
amiloride,0.100137907403342,98.0,3.114,0.03276836974976116,1148.0
rimegepant,0.176831904137766,96.5,0.05,0.032763506467531234,1149.0
PHT-427,0.158258451724316,93.0,-0.708,0.03276064074201749,1150.0
hydroxyfasudil,0.355303313501151,107.5,-1.456,0.03275119355603847,1151.0
scopine,0.146111856934431,93.5,-0.12400000000000003,0.032739397884455824,1152.0
AMG-487-(+/-),0.180640466733631,98.75,0.791,0.03269955266271093,1153.0
reparixin,0.135333231000694,100.0,2.732,0.03262993634168687,1154.0
azaperone,0.130105136591319,83.0,-3.7,0.03260949688910445,1155.0
niacin,0.194797014825456,101.5,1.3860000000000001,0.03259829013413521,1156.0
aloe-emodin,0.290062208243375,101.0,-1.8940000000000001,0.03256992898964998,1157.0
schisandrin-B,0.243974302315756,99.5,-0.986,0.03256440955751486,1158.0
tryptanthrin,0.144862921135532,96.0,0.8460000000000001,0.032452666275062825,1159.0
RN-1,0.085489967358701,94.0,1.9740000000000002,0.032336511606943695,1160.0
dequalinium,0.17499782455226,94.0,-0.9219999999999999,0.03233405555045488,1161.0
4E1RCat,0.184241345657155,93.0,-1.6179999999999999,0.03227187220535658,1162.0
SB-705498,0.071361416374606,94.5,2.6079999999999997,0.03221588628441404,1163.0
hetacillin,0.138225847187694,96.5,1.214,0.032165594633811856,1164.0
estropipate,0.227260573057673,99.0,-0.7140000000000001,0.03203900409975524,1165.0
4-mu-8C,0.205886038140618,106.0,2.692,0.03202209941126118,1166.0
YM-90709,0.13368105353694,91.0,-0.7979999999999999,0.031994490174982425,1167.0
cefoxitin,0.228353977859192,100.5,-0.176,0.03197688636168694,1168.0
RP-001,0.180603531135242,96.5,-0.192,0.03191887592734229,1169.0
afloqualone,0.166152688594499,96.0,0.061999999999999986,0.031782093291588064,1170.0
propantheline,0.213896716852707,99.5,-0.13000000000000003,0.031740550952704595,1171.0
NSC-632839,0.168167232137256,93.0,-1.174,0.031736798090940765,1172.0
cinanserin,0.163929557079366,92.0,-1.4280000000000002,0.031715953876829274,1173.0
cinromide,0.135375457435929,96.0,1.048,0.03171403450912772,1174.0
cefetamet-pivoxil,0.224929423854621,96.5,-1.658,0.031693459518645994,1175.0
abamectin,0.124703886300715,95.5,1.1919999999999997,0.03166357323062655,1176.0
cholesterol,0.177908474367225,98.0,0.434,0.031613475428136605,1177.0
anisomycin,0.04496681061159,102.0,6.286,0.03160436468840677,1178.0
liarozole,0.137973105293497,98.0,1.714,0.03152941506607528,1179.0
FR-180204,0.263568077812922,103.0,-0.41600000000000004,0.031476214515572,1180.0
sulfisoxazole-acetyl,0.178506859835832,91.0,-2.3280000000000003,0.03143239390758734,1181.0
niridazole,0.232723753052082,95.0,-2.532,0.03141434095853505,1182.0
piroxicam,0.184436720821017,98.5,0.386,0.0313961558122812,1183.0
N-salicoylaminophenol,0.167508245261376,102.5,2.476,0.031324533515071806,1184.0
CaMKII-IN-1,0.103969495368739,94.5,1.426,0.031321151510961154,1185.0
LY2183240,0.00131266483294,85.0,1.0579999999999998,0.03130858566359773,1186.0
JX-401,0.026740725508667,104.0,7.595999999999999,0.031210922712260187,1187.0
danirixin,0.190250205122673,98.0,-0.02999999999999998,0.031157774203878552,1188.0
TH011272,0.134428821736009,94.0,0.22199999999999998,0.031148327108803924,1189.0
filgotinib,0.154046880660521,97.0,0.75,0.031136124366782147,1190.0
efloxate,0.189756866697971,96.5,-0.602,0.031117204476871274,1191.0
tyrphostin-AG-879,0.165541042266106,101.5,2.114,0.03106048658947791,1192.0
amthamine,0.147515575556049,92.5,-0.8,0.03103262430840148,1193.0
TC-S-7009,0.097010707320378,94.5,1.6059999999999999,0.031003513502303754,1194.0
valethamate,0.095219215983384,95.0,1.85,0.030947044517967554,1195.0
lafutidine,0.053353630880703,94.0,2.816,0.03094525528854634,1196.0
ARC-239,0.21312313765651,100.0,-0.028000000000000025,0.0309162881101539,1197.0
brefeldin-A,0.039736433592402,107.0,8.291999999999998,0.030873226003386156,1198.0
cariporide,0.168736726802241,101.0,1.7879999999999998,0.030859499206629743,1199.0
chromanol-(+/-),0.24127885621667,98.5,-1.532,0.030839253987629506,1200.0
zamifenacin,0.151905631877749,96.0,0.38600000000000007,0.030818362560601293,1201.0
propagermanium,0.128486249368965,94.0,0.362,0.030780535596247754,1202.0
1-hexadecanal,0.185116142333157,100.0,0.858,0.030775155013593774,1203.0
remimazolam,0.131768303765554,95.0,0.642,0.03076678010135196,1204.0
istaroxime,0.150757709312338,101.5,2.548,0.030748970709103245,1205.0
novobiocin,0.16537730399585,95.0,-0.44799999999999995,0.03074761979332034,1206.0
AVN-944,-0.000547197373704,97.0,5.696,0.030747245013914643,1207.0
niclosamide,0.097471216193676,97.0,2.524,0.030740025604793792,1208.0
TG-100713,0.242051318038656,101.0,-0.604,0.030717202766877543,1209.0
cebranopadol,0.057847940762966,93.0,2.246,0.030688495162567626,1210.0
doxifluridine,0.320289376164674,107.5,-0.622,0.030648297461709457,1211.0
oxyphenbutazone,0.131358573551389,102.5,3.54,0.03058207330814337,1212.0
oxyfedrine,0.216998991428383,102.0,0.5700000000000001,0.030544073552528788,1213.0
pentacosanoic-acid,0.21139418144156,96.0,-1.5779999999999998,0.030540319952121253,1214.0
dizocilpine-(-),0.246539795203817,106.0,1.158,0.030481732988853816,1215.0
nuclomedone,0.237574599699318,99.0,-1.27,0.03047389632172866,1216.0
YM-511,0.208097035052982,102.0,0.8460000000000001,0.030459702306462704,1217.0
AZD7545,0.280380990010606,104.5,-0.528,0.030418283122030394,1218.0
CGP-71683,-0.042675611006944,93.5,5.65,0.03039225109548575,1219.0
obeticholic-acid,0.174362126636954,100.75,1.4380000000000002,0.03035983000374091,1220.0
AP-18,0.112115204592136,97.5,2.184,0.030315398822400235,1221.0
SQ-109,0.121749214289631,94.5,0.7060000000000001,0.03030175207429035,1222.0
phenylpiracetam,0.174545369157088,94.0,-1.2060000000000002,0.03023180506054109,1223.0
mebhydrolin,0.24174585295991,104.0,0.5,0.030222500090674693,1224.0
mebeverine,0.178261321700481,94.5,-1.134,0.030218771305449848,1225.0
ifosfamide,0.187916037038906,97.5,-0.284,0.030204300648992415,1226.0
gedunin,0.145397906532209,105.5,4.194,0.03018638611667353,1227.0
AVE-0991,0.159104728779421,97.0,0.446,0.03014796090151454,1228.0
SCOPOLAMINE HYDROBROMIDE,0.140504405350056,97.5,1.238,0.030121203970275918,1229.0
FK-888,0.179203380200932,104.0,2.506,0.030100722422067887,1230.0
pyrithione-zinc,0.03986463707096,91.5,2.154,0.03004383669516904,1231.0
PK-44,0.171967960937876,98.5,0.5960000000000001,0.030034901087106936,1232.0
deoxyarbutin,0.198331708341388,97.0,-0.8480000000000001,0.02997214508856368,1233.0
prinaberel,0.143481368619891,96.5,0.732,0.029969420880499736,1234.0
omadacycline,0.179436089814835,97.5,-0.06999999999999998,0.02977958710934092,1235.0
limonin,0.288582347138684,103.0,-1.472,0.029739094734629618,1236.0
SU4312,0.175023279668772,101.0,1.416,0.02967246758997603,1237.0
colistin,0.133679753502988,96.25,0.90875,0.029664559853608274,1238.0
eltrombopag,0.142816244384271,99.0,1.6800000000000002,0.029660773781314265,1239.0
oxfendazole,0.150322319652073,101.0,2.198,0.029552121356822208,1240.0
meisoindigo,0.088170766719647,96.5,2.458,0.02952352338100624,1241.0
zimelidine,0.165914320714098,97.0,0.12999999999999998,0.029474253143986773,1242.0
dimetindene,0.120850216246582,94.75,0.711,0.02944915805538532,1243.0
talmapimod,0.103202007936239,88.5,-1.1460000000000001,0.02943427626532232,1244.0
OPC-21268,0.183729857532604,101.5,1.2919999999999998,0.02941622509489646,1245.0
ellagic-acid,0.105343343575918,94.0,0.916,0.02941000849131159,1246.0
salvianolic-acid-B,0.090492010388746,94.5,1.588,0.02939228213083526,1247.0
MM-11253,0.132352489314458,98.0,1.58,0.029306126762489632,1248.0
KL-001,0.000273642329953,91.0,3.116,0.02916576805573153,1249.0
cefoperazone,0.206152000198949,103.5,1.286,0.02901576356587554,1250.0
chlorambucil,0.143397041980971,94.0,-0.376,0.02898107708878687,1251.0
trofinetide,0.185535937208194,100.0,0.5820000000000001,0.02892786029549055,1252.0
aminocaproic-acid,0.135782948130045,89.5,-1.8880000000000003,0.028898490712328972,1253.0
spaglumic-acid,0.120712109809943,88.5,-1.816,0.028705450066516442,1254.0
emoxipin,0.142792556528824,99.5,1.738,0.028697548750846735,1255.0
"2-(chloromethyl)-5,6,7,8-tetrahydro[1]benzothieno[2,3-d]pyrimidin-4(3H)-one",0.19274566677376,103.5,1.672,0.028679940660170322,1256.0
phthalylsulfacetamide,0.21039378836196,99.5,-0.45199999999999996,0.028676107695235802,1257.0
polythiazide,0.200436624734258,100.5,0.25,0.028618008130454786,1258.0
AZD3988,0.114880354035861,91.0,-0.6759999999999999,0.02857177141772027,1259.0
isoetharine,0.127931250961509,93.0,-0.322,0.028571382185635374,1260.0
TYLOSIN TARTRATE,-0.000375846669111,81.0,-0.8360000000000001,0.028520247869371056,1261.0
zafirlukast,0.281794176952294,105.0,-0.6639999999999999,0.02841662292697274,1262.0
APTO-253,0.210434350547842,102.5,0.668,0.028372838397798545,1263.0
H2L-5765834,0.172890174460889,99.5,0.718,0.02837149511308616,1264.0
AZD2461,0.118450863144698,103.0,3.836,0.028360130010032014,1265.0
piroximone,0.14217739168904,100.5,2.098,0.028359426993150787,1266.0
azapropazone,0.164683369682162,94.0,-1.154,0.028351957624149698,1267.0
NFKB-activation-inhibitor-II,0.238148990801713,102.0,-0.426,0.02834930159204374,1268.0
PF-670462,0.196559957009306,103.0,1.3059999999999998,0.02833825095882825,1269.0
GW-4064,0.150536941783859,96.5,0.27,0.028323967405936457,1270.0
CI-923,0.208634908940316,98.0,-1.028,0.028319174927238084,1271.0
PU-H71,0.254519715939601,96.5,-3.1,0.028281211712355907,1272.0
Golgicide A,0.281084385978143,104.5,-0.866,0.028199126062486424,1273.0
pyrantel-pamoate,0.102857198194076,93.5,0.614,0.02808402981372023,1274.0
octadecan-1-ol,0.165504336983247,95.5,-0.6479999999999999,0.028002533668458174,1275.0
niceritrol,0.128962711708791,96.5,0.916,0.02795831105587343,1276.0
pexmetinib,0.225955543615077,105.0,1.0739999999999998,0.0279349491049371,1277.0
MIRA-1,0.140381669479847,97.0,0.728,0.027869239743121204,1278.0
metacetamol,0.044778885932528,97.0,3.816,0.027835261118928423,1279.0
diaveridine,0.190979178743878,101.0,0.6220000000000001,0.027716803317573386,1280.0
BMY-45778,0.19358605981359,101.5,0.73,0.02770461885187847,1281.0
adaptavir,0.150658089284212,93.0,-1.184,0.027678998065503706,1282.0
CB-03-01,0.188481485227821,101.5,0.876,0.02756990374285621,1283.0
SB-216763,0.004578255979981,102.0,6.9959999999999996,0.0274045970211592,1284.0
NU-2058,0.091077686793996,90.5,-0.292,0.027220404086135946,1285.0
diphenylguanidine,0.215746393718648,98.0,-1.422,0.02716513882083471,1286.0
macelignan,0.185444735231916,101.5,0.916,0.027159915410884694,1287.0
Sisomicin (sulfate),0.22184168073717,102.25,0.029000000000000005,0.027155495129224178,1288.0
actarit,0.181311707179346,99.5,0.246,0.026966720590322752,1289.0
nimorazole,0.096226744135862,91.5,-0.10799999999999998,0.026956036476807516,1290.0
NDT-9513727,0.13878912872964,99.5,1.6199999999999999,0.02695517879690597,1291.0
thiotepa,0.127397587553506,96.0,0.626,0.026926552803657227,1292.0
BL-5583,0.06755588104532,88.0,-0.5439999999999999,0.026920371369542912,1293.0
TC-G-1008,0.193066531843822,97.5,-0.9359999999999999,0.02678749773686569,1294.0
BAM7,0.050093818887066,91.5,1.3519999999999999,0.02672769553395889,1295.0
EI1,0.126064171931415,95.0,0.24400000000000005,0.026666050471669773,1296.0
UNC1999,0.070493468151681,109.5,7.664,0.02662621717118674,1297.0
G-15,0.101552344751121,96.5,1.6099999999999999,0.02660147011901437,1298.0
voxelotor,0.188211634610553,102.0,0.9399999999999998,0.02659285625403407,1299.0
arecoline,0.184032665375325,100.0,0.29599999999999993,0.026572225533727734,1300.0
acetyl-l-leucine,0.134092210914374,94.5,-0.246,0.026411074163999015,1301.0
enasidenib,0.23706057579299,100.0,-1.4440000000000002,0.02639972674111113,1302.0
SGC-707,0.182459476723316,98.0,-0.45599999999999996,0.02638475283342334,1303.0
azasetron,0.143323053930026,98.0,0.808,0.026370007066657486,1304.0
GSK2879552,0.106317320802505,98.0,2.004,0.026361804654344862,1305.0
sulmazole,0.164525079782202,98.5,0.308,0.026312543805734594,1306.0
A922500,0.201724460606872,102.5,0.6549999999999999,0.026297798003544,1307.0
megestrol-acetate,0.210227750441299,100.0,-0.592,0.026286648369897286,1308.0
clorprenaline,0.124667549522243,96.5,0.8019999999999999,0.02617766153719414,1309.0
ritodrine,0.153639652200931,96.0,-0.33399999999999996,0.026144832057080774,1310.0
impentamine,0.128337343614129,92.5,-0.882,0.02608787566278718,1311.0
suritozole,0.141143378510069,101.0,1.998,0.026053880370899136,1312.0
MRK-016,0.149044691577712,95.0,-0.592,0.026014464309095486,1313.0
ML786,0.226838081528156,99.0,-1.5580000000000003,0.02600147002541553,1314.0
nafamostat,0.17178148002563,108.0,3.7019999999999995,0.025900765893989635,1315.0
tremorine,0.106841605552482,96.0,1.1440000000000001,0.025891731781830723,1316.0
LPA2-antagonist-1,0.141886458711321,100.0,1.56,0.025872053409268164,1317.0
dideoxyadenosine,0.10344831073058,99.0,2.4059999999999997,0.025806066574272497,1318.0
pancuronium,0.25419332629983,102.0,-1.31,0.025780224224423016,1319.0
folic-acid,0.206563852851896,102.0,0.22999999999999998,0.025774228435857638,1320.0
fenspiride,0.207772011022206,101.0,-0.2,0.025754630778184368,1321.0
carvedilol,0.134277360655743,97.5,0.8119999999999999,0.02570428459005399,1322.0
BMS-817378,0.137538959903906,102.0,2.446,0.025654481642876387,1323.0
carteolol,0.111466405127174,96.5,1.1540000000000001,0.02564922466234909,1324.0
pemirolast,0.106194070987858,94.5,0.542,0.02560486222216825,1325.0
GW-9662,0.102708756078555,94.5,0.654,0.025599563340950704,1326.0
suxibuzone,0.183182952542964,94.5,-1.964,0.025496821598511854,1327.0
U-0124,0.152331465990852,100.5,1.36,0.02547670794407571,1328.0
acetanilide,0.174418795233095,101.5,1.018,0.025366974467644837,1329.0
VU0361737,0.132679737992135,96.5,0.426,0.02535545575238359,1330.0
SB-258585,0.195435259533008,98.5,-0.834,0.025312720863994425,1331.0
CFM-2,0.119723325283245,94.5,0.05999999999999996,0.025292888406309277,1332.0
CPI-613,0.194921347821795,103.5,1.1179999999999999,0.02527554401468135,1333.0
RX-821002,0.068107124093506,92.5,0.95,0.025267804717057918,1334.0
FG-2216,0.169967869318449,102.5,1.536,0.02526756171963525,1335.0
naphazoline,0.145974211976303,99.0,0.9520000000000002,0.025255206886027965,1336.0
gallopamil,0.175986319696867,98.0,-0.40800000000000003,0.025248497897482625,1337.0
norethisterone-enanthate,0.145804874593836,96.5,-0.014000000000000012,0.025247109153176295,1338.0
riboflavin-5-phosphate-sodium,0.173139907227427,101.5,1.036,0.02520244037821573,1339.0
"Tofacitinib (CP-690550, Tasocitinib)",0.281360738912377,106.0,-0.72,0.025191463719247187,1340.0
haloperidol-decanoate,0.165839104717429,96.0,-0.882,0.02506541331751307,1341.0
SB-399885,0.131664533110447,97.5,0.8019999999999999,0.025038863414073836,1342.0
tasimelteon,0.169214323969822,98.5,-0.03200000000000003,0.02498701596753561,1343.0
cathepsin-inhibitor-1,0.185834305318018,97.5,-0.966,0.024929298580060877,1344.0
BTB06584,0.245102712153641,104.0,-0.37600000000000006,0.02482038467318785,1345.0
parthenolide-(alternate-stereo),0.110845277481872,105.83333333333333,4.676666666666667,0.024804595158473292,1346.0
LDN-209929,0.048848445429473,91.5,1.116,0.02478276654787041,1347.0
telmisartan,0.215428465176716,100.0,-0.982,0.02472562525661696,1348.0
JZL-195,0.161975275952046,95.5,-1.004,0.024692796944455326,1349.0
A-674563,0.111088046915213,92.5,-0.534,0.024609384021932024,1350.0
enflurane,0.187584422879401,98.5,-0.6839999999999999,0.02458074985168135,1351.0
BMS-182874,0.115247290736763,95.5,0.48999999999999994,0.024568283590274187,1352.0
felodipine,0.224402494486992,112.0,3.3619999999999997,0.024561910162536615,1353.0
phenytoin,0.167860769806135,97.0,-0.6439999999999999,0.024468967849153683,1354.0
tenovin-6,-0.102059115627944,86.0,3.816,0.024450084032174708,1355.0
LY3000328,0.123245151129443,95.5,0.21000000000000002,0.02441860466240146,1356.0
oritavancin,0.039883788723355,92.0,1.548,0.024416154637201815,1357.0
"2,4-dinitrophenol",0.059596250451615,97.5,3.038,0.02436682666079541,1358.0
fluvoxamine,0.058566917238238,90.0,0.14999999999999983,0.02429420635616031,1359.0
5-hydroxytryptophan,0.197316389411719,104.0,1.082,0.024201432017657416,1360.0
camylofine-chlorhydrate,0.180138869010891,98.0,-0.6940000000000001,0.02418087883884142,1361.0
licarbazepine,0.187701666335288,97.0,-1.328,0.02417238724340028,1362.0
daltroban,0.136130924209458,97.5,0.534,0.02416942700118881,1363.0
sulfacetamide,0.147056303822315,100.5,1.3439999999999999,0.02416274911866878,1364.0
SC-9,0.180464951266354,98.0,-0.7100000000000002,0.02414250680936732,1365.0
iobenguane,0.132025457396088,100.0,1.6300000000000001,0.02411914387953414,1366.0
AMD-3465,0.129327248348857,100.5,1.9080000000000001,0.02409552780883173,1367.0
sanazole,0.122107649184038,93.0,-0.77,0.024091471467759473,1368.0
pimobendan,0.128747558715041,94.0,-0.6020000000000001,0.02405398808903514,1369.0
umeclidinium,0.162226152797868,101.0,1.024,0.023998667559381515,1370.0
indirubin,0.172727319335078,99.0,-0.098,0.0239563143364316,1371.0
TC-G-1000,0.165232104369762,94.0,-1.798,0.023943499044916994,1372.0
flindokalner,0.16542453750173,99.5,0.32999999999999996,0.023940007851088557,1373.0
ceftibuten,0.160576186348696,103.0,1.8399999999999999,0.023902648837822078,1374.0
N6022,0.065997613285844,89.0,-0.538,0.023875499194664213,1375.0
moxidectin,0.271848117213267,98.5,-3.5120000000000005,0.023862710628328492,1376.0
isoconazole,0.221864373264349,104.0,0.238,0.023850492970157584,1377.0
6-benzylaminopurine,0.1861743155624,99.0,-0.55,0.02383679198620096,1378.0
aloperine,0.199049753502761,102.0,0.18,0.023711048058069784,1379.0
fenofibric-acid,0.137300349539391,97.0,0.23600000000000004,0.02370409940405734,1380.0
daidzein,0.125800161772791,95.0,-0.176,0.02364934620876284,1381.0
alclometasone-dipropionate,0.139097786945822,98.0,0.558,0.023647906049686696,1382.0
1-octacosanol,0.11832485220959,100.0,2.002,0.023617752972938666,1383.0
nizofenone,0.147740033910569,98.0,0.274,0.023616817138357876,1384.0
SNG-1153,0.140071976892411,103.5,2.654,0.023597183208605526,1385.0
pruvanserin,0.116712928957323,98.5,1.464,0.023561787078307844,1386.0
CHC,0.159930869306761,94.5,-1.488,0.023552351977853585,1387.0
ZD-7155,0.263616069028041,98.5,-3.2939999999999996,0.02352260972806497,1388.0
S-111,0.109620648957684,97.0,1.1039999999999999,0.0235107914460575,1389.0
BMS-CCR2-22,0.07002931103777,93.5,1.012,0.02340975679680383,1390.0
Gue-1654,0.083312338813324,94.5,0.962,0.023350522933443085,1391.0
CU-T12-9,0.117013553552816,97.0,0.842,0.02335005486380426,1392.0
betrixaban,0.089324253299393,91.0,-0.592,0.02334312641918131,1393.0
S-14506,0.241410255102506,103.0,-0.866,0.023262387791237127,1394.0
SR-11302,0.171260537431098,106.0,2.56,0.023207527900212372,1395.0
ATB-346,0.117456861659256,97.0,0.8019999999999999,0.023169431542399994,1396.0
6-iodo-nordihydrocapsaicin,0.035675105457937,90.0,0.728,0.023149809038588615,1397.0
AGI-6780,0.195809451172701,101.5,0.008000000000000007,0.023128455205347415,1398.0
BTS,0.150079845866076,100.5,1.098,0.023119597225202144,1399.0
iodoquinol,0.155029864300398,99.5,0.5479999999999999,0.023107406408752824,1400.0
ufenamate,0.128595906845479,100.0,1.5939999999999999,0.023084701715470946,1401.0
amuvatinib,0.059509565030333,92.5,0.908,0.02301420089822385,1402.0
aztreonam,-0.044717867859542,94.0,4.851999999999999,0.022943539151138337,1403.0
casin,0.104961883581924,101.5,2.912,0.022882131148027656,1404.0
JLK-6,0.019334754525118,100.5,5.292,0.022868226199318015,1405.0
NBI-27914,0.142659242017476,102.5,2.068,0.02279349489752669,1406.0
putrescine,0.036401023943185,94.0,2.202,0.02276235237453328,1407.0
ITD-1,0.023539358002686,97.0,3.778,0.022730824874606797,1408.0
nomegestrol-acetate,0.146671582669761,95.0,-0.994,0.022644159781051127,1409.0
YZ9,0.064719016081973,93.5,1.0719999999999998,0.022622797366719165,1410.0
CPP,0.103356152330089,97.5,1.374,0.022618699078380544,1411.0
tiquizium,0.138407042435987,93.5,-1.318,0.022579623288011625,1412.0
NO-ASA,0.178296378321383,101.0,0.29800000000000004,0.02254772362593486,1413.0
GABA-linoleamide,0.104561700017246,97.5,1.318,0.022499031034601897,1414.0
flurbiprofen-(+/-),0.23238871562876504,106.66666666666667,0.7393333333333333,0.022490380563796375,1415.0
prulifloxacin,0.196560393834208,97.0,-1.8560000000000003,0.022472965556469233,1416.0
xanthone,0.219118878205825,104.0,0.12199999999999997,0.022408674453303228,1417.0
NSC-636819,0.191754069007192,97.5,-1.516,0.022405710080111014,1418.0
2-chloro-N6-cyclopentyladenosine,0.105508345903014,95.0,0.29000000000000004,0.02230863164221582,1419.0
L-(+)-rhamnose-monohydrate,0.232199412595607,103.5,-0.514,0.022276553120017195,1420.0
SKF-81297,0.159643652223067,97.5,-0.5,0.022245225590598345,1421.0
1-naphthyl-PP1,0.129108484456592,96.5,0.09600000000000009,0.022219136825457952,1422.0
tolazoline,0.14647493183836,99.5,0.6940000000000001,0.02218693181218645,1423.0
dosulepin,0.188375831329957,99.5,-0.6679999999999999,0.022141370675544853,1424.0
vicriviroc,0.188912442552592,100.0,-0.49399999999999994,0.02212232347208169,1425.0
butibufen,0.268118455766113,108.0,0.04400000000000004,0.022089442013495053,1426.0
zonisamide,0.164660072294049,95.5,-1.462,0.02208013235427671,1427.0
AC-186,0.09021573870711,93.0,-0.026000000000000002,0.022066010170608535,1428.0
PP-2,0.202251882215929,99.0,-1.342,0.02192291436079319,1429.0
cimetidine,0.151311941930874,97.5,-0.2780000000000001,0.02191058627420417,1430.0
Sclareolide (Norambreinolide),0.18422934584028,106.5,2.1479999999999997,0.021894565400143118,1431.0
SRT3190,0.11215041053179,99.0,1.568,0.021888737640368878,1432.0
vasopressin,0.0922895667484,95.5,0.8480000000000001,0.02186019087868026,1433.0
N-acetylmannosamine,0.179531117057044,100.5,-0.03799999999999999,0.021829769889510204,1434.0
zolmitriptan,0.126500970071998,92.5,-1.436,0.02176980279244911,1435.0
PAC-1,0.152296545663636,100.5,0.8320000000000001,0.021751911380432126,1436.0
tolbutamide,0.121099621502267,96.5,0.288,0.021746836099461153,1437.0
"2,3-cis/exo-pinanediol",0.08923947350193,95.5,0.9299999999999999,0.02174282190191031,1438.0
epicatechin-gallate-(-),0.105705183258375,100.0,2.132,0.021658973119560592,1439.0
CP-775146,0.108508305351169,96.0,0.4880000000000001,0.02165339674304619,1440.0
celecoxib,0.193442097751813,102.5,0.2619999999999999,0.02164511812035519,1441.0
torasemide,0.215501059828844,102.0,-0.646,0.021642940964832953,1442.0
JNJ-17203212,0.092707855398672,93.5,0.025999999999999978,0.021633479363683723,1443.0
chlorpromazine,0.071033635778743,98.5,2.636,0.021409383526194963,1444.0
eletriptan,0.207366266737289,102.5,-0.22199999999999998,0.021409000358095415,1445.0
rutaecarpine,0.245670220853597,105.0,-0.49399999999999994,0.021386726220976964,1446.0
acetazolamide,0.039165339538103,85.5,-1.3820000000000001,0.021386434319708585,1447.0
candesartan-cilexetil,0.130147384032237,92.5,-1.6099999999999999,0.021375341605423537,1448.0
tetracycline,0.15697932987356,100.5,0.616,0.02129780759000825,1449.0
remoxipride,0.158671042695976,98.5,-0.21800000000000005,0.02127662273494224,1450.0
perindopril,0.103685645801024,95.0,0.2,0.02125999017059081,1451.0
Hygromycin B,0.021261141598359,86.5,-0.442,0.0211939303955679,1452.0
ketotifen,0.143535640297108,101.0,1.23,0.021192358091405666,1453.0
ICG-001,0.076073704707154,93.0,0.27999999999999997,0.02099948595872107,1454.0
etafenone,0.151373952056302,97.5,-0.41600000000000004,0.02095326013088446,1455.0
GSK-J1,0.189649608752604,101.0,-0.304,0.02089546062478483,1456.0
STF-083010,0.102543993654891,98.5,1.536,0.020841898849757252,1457.0
acriflavine,0.320457634978811,108.0,-1.8299999999999996,0.020816806599428417,1458.0
halazone,0.129899881733844,95.0,-0.712,0.020809826828990758,1459.0
telcagepant,0.056066571688676,102.5,4.576,0.02072851724839501,1460.0
maltobionic-acid,0.137936082730013,92.5,-1.954,0.020727503156673193,1461.0
desoximetasone,0.06696696598915,91.0,-0.24400000000000005,0.020701378029586603,1462.0
CX-4945,0.237234218044194,103.0,-1.1,0.02066412967889771,1463.0
efaroxan,0.16476752557364,95.0,-1.862,0.020654932248031093,1464.0
chlorzoxazone,0.167921618169589,99.0,-0.41600000000000004,0.020623344984714593,1465.0
GDC-0068,0.096347886579626,96.0,0.73,0.02058762466359935,1466.0
PF-06447475,0.303582392559634,108.0,-1.3199999999999998,0.020563894705386516,1467.0
AZD1446,0.187190467712756,105.0,1.278,0.020542925154293974,1468.0
Carmofur,0.222098054292609,105.5,0.33999999999999997,0.020523375831299668,1469.0
spiradoline,0.160833945903773,99.0,-0.20199999999999996,0.020515698050021142,1470.0
oxolinic-acid,0.161852830588868,96.0,-1.4,0.02051115886047587,1471.0
telaprevir,0.229449884722524,106.5,0.488,0.020507230608861837,1472.0
isosteviol,0.144112596628032,100.0,0.722,0.020479935866705306,1473.0
AZD1981,0.186989298191664,97.0,-1.834,0.020448182128127084,1474.0
trimebutine,0.103149583828231,91.0,-1.4600000000000002,0.020381340585936325,1475.0
oxotremorine-M,0.060450361220895,89.5,-0.67,0.020316876993182003,1476.0
phthalylsulfathiazole,0.162310432829396,101.5,0.6900000000000001,0.020300555216157406,1477.0
NS-9283,0.143112789517868,98.5,0.144,0.020281789768848757,1478.0
HEMADO,0.142783831306861,96.0,-0.818,0.020265499055317937,1479.0
verinurad,0.121830811207445,98.0,0.632,0.020236571507917873,1480.0
vinpocetine,0.175953304241117,102.5,0.624,0.020210637895393013,1481.0
Encorafenib (LGX818),0.050104830487642,95.0,1.766,0.02008170534511322,1482.0
CUDC-427,0.184903196233381,101.5,-0.076,0.020053427675447155,1483.0
fosfestrol,0.110036108866022,96.0,0.20999999999999996,0.0200443529247006,1484.0
adrafinil,0.20022176596457,100.0,-1.16,0.02000953485178769,1485.0
methoxyamine,0.19223699975224,99.0,-1.2899999999999998,0.020008250460947157,1486.0
2-pyridylethylamine,0.066739233485833,104.0,4.708,0.019989882228600136,1487.0
SB-203580,0.08672891764123,95.0,0.5660000000000001,0.019974836560710234,1488.0
norgestrel,0.190627787409099,102.25,0.01799999999999997,0.019969635113064488,1489.0
ergocalciferol,0.061437859738155,93.5,0.792,0.019904516940483674,1490.0
cetirizine,0.153243246368084,98.25,-0.33899999999999997,0.019871819096109727,1491.0
nTZDpa,0.148912134212517,101.5,1.0539999999999998,0.01981169359688169,1492.0
epigallocatechin-gallate-(-),0.156186715355081,100.0,0.23599999999999993,0.019808422116732505,1493.0
DHBP,0.193350952788718,106.5,1.556,0.01980448342025276,1494.0
ceforanide,0.129988543949286,100.5,1.276,0.019797176764487112,1495.0
gidazepam,0.100752586074068,100.5,2.218,0.01977037938017549,1496.0
SKF-83566,0.118335206123954,100.0,1.4540000000000002,0.019762477289048935,1497.0
repsox,0.188143933539851,97.0,-1.972,0.01973968253147318,1498.0
ethyl-vanillin,0.190027729486699,100.0,-0.8699999999999999,0.019729467334253032,1499.0
GR-235,0.049194509379453,91.0,0.188,0.019695061844267798,1500.0
mefloquine,-0.113264539323744,112.5,13.788,0.019691539019738042,1501.0
methylatropine-nitrate,0.13056546055195,104.5,2.788,0.019643287632749695,1502.0
chloralose,0.161695027598243,103.0,1.194,0.019609943238939203,1503.0
chloroxoquinoline,0.158958755959138,99.5,-0.08600000000000003,0.019539115045780764,1504.0
bisindolylmaleimide-IX,0.089247250118784,91.0,-1.1300000000000001,0.01953835143771591,1505.0
amonafide,0.150114493940219,101.5,0.9720000000000001,0.019508273138210463,1506.0
methoxyflurane,0.105841492446868,100.0,1.8119999999999998,0.019437382421358767,1507.0
JW-67,0.177323262735541,102.5,0.466,0.01941038488317992,1508.0
pipobroman,0.2303980702787,98.5,-2.8200000000000003,0.019294495806850536,1509.0
N-acetylglycyl-D-glutamic-acid,0.127229833130768,98.0,0.31400000000000006,0.019227551807900516,1510.0
1-EBIO,0.182487277525161,92.5,-3.6100000000000003,0.019215894705318,1511.0
NSC-663284,0.142640176362264,94.0,-1.7419999999999998,0.019192787886435487,1512.0
TTP-22,0.15025191480548,103.0,1.5,0.01915805177551873,1513.0
RU-28318,0.104641768865367,104.0,3.3560000000000003,0.01910415741122821,1514.0
3-carboxy-4-hydroxyphenylglycine-(S),0.115393503738667,95.0,-0.48900000000000005,0.019076052933833004,1515.0
SU16f,0.223834288018492,105.5,0.07600000000000003,0.019060351081537624,1516.0
ligustilide,0.02791569719542,108.5,7.578,0.019056709685402923,1517.0
dehydrocholate-acid,0.231392297122386,94.75,-4.358,0.01894009923481414,1518.0
xylazine,0.24107269816405,108.0,0.45199999999999996,0.018802344034542468,1519.0
JIB04,0.053376998875534,103.0,4.578,0.018763972171612225,1520.0
diacetamate,0.115612881000741,99.5,1.206,0.018762844528484608,1521.0
beta-CCB,0.156421355877733,94.0,-2.25,0.01875515928161353,1522.0
dinoprostone,0.144492052794386,95.5,-1.2820000000000003,0.018754319742221304,1523.0
sarafloxacin,0.212568651067972,93.0,-4.456,0.01874489053526233,1524.0
daminozide,0.076457787811451,95.0,0.718,0.018705764482431737,1525.0
o-mercapto-benzoic-acid,0.20096573062851,101.0,-0.984,0.018685667553927903,1526.0
ZOLPIDEM,0.136679747340352,98.5,0.11799999999999997,0.018633748970969515,1527.0
tetrabenazine,0.158876823169182,101.5,0.5640000000000001,0.01863163569487351,1528.0
hemomex-s,0.173216188242213,103.5,0.8719999999999999,0.018600856897337963,1529.0
IRL-2500,0.027148200568683,95.0,2.292,0.018556493990338613,1530.0
doxylamine,0.111692240612679,96.0,-0.05599999999999996,0.01854900737615295,1531.0
IDRA-21,0.134560873639937,100.0,0.748,0.018487722135791862,1532.0
RS-23597-190,0.08326353493594,100.0,2.404,0.01846301268309003,1533.0
mepivacaine,0.170942242075139,97.5,-1.408,0.018426439059003874,1534.0
6-aminochrysene,0.144352709833787,101.0,0.8080000000000002,0.018407772125668614,1535.0
SNX-2112,0.19607898675168,102.5,-0.284,0.018402069449158676,1536.0
TRAMADOL HYDROCHLORIDE,0.169882314810211,103.5,0.9460000000000001,0.01836254605941623,1537.0
g-caryophyllene,0.054522586807849,95.0,1.378,0.01835645591360317,1538.0
ethimizol,0.114114266802387,96.5,0.028000000000000025,0.01832577794294843,1539.0
CK-636,0.142210521337292,103.0,1.614,0.01812926354978439,1540.0
CP-93129,0.005846645313691,90.0,0.974,0.018088603220305404,1541.0
LY303511,0.175349581667635,101.0,-0.242,0.018075323730206594,1542.0
V-51,0.122800113918425,102.0,1.842,0.018046119372139364,1543.0
madrasin,0.043888854874018,107.0,6.33,0.01800741368327574,1544.0
blonanserin,0.247657462840638,107.0,-0.26799999999999996,0.017965727319184072,1545.0
mephenesin,0.141126321129187,99.5,0.266,0.017955981664289317,1546.0
sclareol,0.141829170175147,95.5,-1.318,0.01789447297448299,1547.0
NS-309,0.117436217901918,93.5,-1.31,0.01786019556683886,1548.0
CV-1808,0.143734505407193,102.5,1.332,0.01785731222775903,1549.0
BAY-11-7082,0.172996094462833,112.5,4.266,0.01785255666022234,1550.0
sarpogrelate,0.197508934317614,100.0,-1.3820000000000001,0.01782897026021805,1551.0
desoxypeganine,0.169015007210238,94.5,-2.6,0.017793208826932177,1552.0
somantadine,0.178139758380006,96.0,-2.32,0.017743906516855274,1553.0
VU0364770,0.228249951192228,105.5,-0.254,0.017742914660599147,1554.0
etanidazole,0.067343928699944,94.5,0.6759999999999999,0.017700702452360068,1555.0
moclobemide,0.18180255453394,103.0,0.26800000000000007,0.017670529580707733,1556.0
ODM-201,0.201108499415892,105.5,0.6060000000000001,0.017615867764101067,1557.0
K-Ras(G12C)-inhibitor-12,-0.138278224398255,111.0,13.719999999999999,0.017614779924102947,1558.0
capreomycin,0.147539258505894,100.5,0.39399999999999996,0.0175852301971325,1559.0
micronomicin,0.069690156804536,96.0,1.162,0.017557840786089057,1560.0
PF-5274857,0.240705824696286,105.0,-0.8800000000000001,0.0175389323599003,1561.0
prolylleucylglycinamide,0.102813614624656,99.0,1.252,0.017537968577539826,1562.0
flufenamic-acid,0.155902013836213,99.5,-0.272,0.017533651961786356,1563.0
BW-723C86,0.058586911056518,90.0,-0.8140000000000001,0.017512703400192137,1564.0
NS-19504,0.129623436046323,102.5,1.722,0.01738915577897515,1565.0
etamsylate,0.085253443286892,94.5,0.04800000000000004,0.017358493659460666,1566.0
dexrazoxane,0.065872454931443,97.0,1.642,0.017335133749619997,1567.0
medroxyprogesterone-acetate,0.152756843232154,105.0,1.932,0.01730507937242069,1568.0
drotaverine,0.155799227929294,104.0,1.4440000000000002,0.01729490547719718,1569.0
methylergometrine,0.112370848471175,96.5,-0.074,0.017210717798334756,1570.0
azeliragon,0.128989774928915,93.0,-1.9760000000000002,0.01716914715790759,1571.0
lanoconazole,0.095601289296439,99.5,1.626,0.017162130221846206,1572.0
N-acetyltryptamine,0.038285270863968,94.5,1.536,0.017137044947640567,1573.0
GS-6201,0.163413190397806,103.0,0.786,0.017129118403387194,1574.0
sertaconazole,0.201456062941582,104.0,-0.06200000000000001,0.017091009121348755,1575.0
gestrinone,0.085328804446513,103.0,3.3,0.017043992617409038,1576.0
4-pyrimidinecarbonitrile,0.078253147460544,97.0,1.1960000000000002,0.017015015990225296,1577.0
ZD-7288,0.203307257705656,94.0,-4.014,0.017014976525173548,1578.0
RQ-00203078,0.114359296153784,102.0,1.964,0.01698268497208244,1579.0
nisin,0.114648764063862,103.0,2.338,0.01694913040167449,1580.0
trifluridine,0.175247355183135,101.0,-0.404,0.016911648074721453,1581.0
posaconazole,0.203563472459735,102.5,-0.74,0.01689653027209222,1582.0
baicalin,0.16491179607053,100.0,-0.45999999999999996,0.01689593247889154,1583.0
cefotetan,0.103735219482796,98.0,0.74,0.016875876200158697,1584.0
L-asparagine,0.140041422558146,94.0,-1.996,0.01681293927927167,1585.0
pipemidic-acid,0.135702506480827,101.5,1.0539999999999998,0.01680342874746114,1586.0
R112,0.182831406971907,100.5,-0.8600000000000001,0.016794903573599695,1587.0
daclatasvir,0.069338254139312,90.5,-1.072,0.016778830941317602,1588.0
carzenide,0.174134084267611,102.0,0.0,0.01676982825574506,1589.0
piperacillin,0.110218102121439,96.0,-0.26799999999999996,0.016720928557195796,1590.0
carbinoxamine,0.074977297004378,96.0,0.8720000000000001,0.01672044732040952,1591.0
riboflavin,0.207691646122423,101.5,-1.308,0.01657046789274441,1592.0
etilefrine,0.130547741816881,100.0,0.604,0.016560115845689765,1593.0
SKF-89976A,0.075683579034336,88.5,-2.09,0.01652216212122859,1594.0
ixazomib,-0.033676202175229,93.5,3.374,0.01641986067902231,1595.0
cinnarazine,0.021085177735746,102.0,4.89,0.01633862432449044,1596.0
CIM-0216,0.017996711724137,92.0,1.104,0.0163062224425559,1597.0
tetrahydrouridine,0.167395977222428,103.0,0.54,0.01630441796176067,1598.0
L-368899,0.049013312172511,95.0,1.258,0.01625707636385265,1599.0
CGP-55845,0.127256421979267,105.5,2.782,0.01611523387734141,1600.0
cetylpyridinium,0.093932960160217,86.0,-3.718,0.016048475773560795,1601.0
diiodothyropropionic-acid,0.20725506095578,92.0,-5.058,0.016029287095659168,1602.0
riluzole,0.187878123702993,105.0,0.6119999999999999,0.01601123500277783,1603.0
monastrol,0.053391249541345,93.0,0.304,0.016002895525076055,1604.0
TCS2002,-0.002422709604738,92.5,1.9140000000000001,0.0159919079372024,1605.0
perfluamine,0.159838305689297,92.5,-3.338,0.015972719915000783,1606.0
moguisteine,0.164878714396284,99.5,-0.7859999999999999,0.015959649287942357,1607.0
Testosterone (undecanoate),0.10664235521716,98.5,0.704,0.015918384810891768,1608.0
valrubicin,0.121625599100761,97.0,-0.364,0.01591075894805216,1609.0
pipenzolate,0.153368556700295,98.0,-1.004,0.01590216400813634,1610.0
nevirapine,0.172536170708956,104.0,0.7020000000000001,0.015883163259718353,1611.0
NU-7026,0.257616668404608,109.5,0.08399999999999999,0.015881059537887283,1612.0
chlorocresol,0.049817494799052,95.5,1.3619999999999999,0.015806200514770514,1613.0
SP-420,0.128491890965062,101.5,1.1400000000000001,0.015766730502549176,1614.0
lesinurad,0.085949664451601,95.0,-0.009999999999999964,0.01574263611273456,1615.0
4-iodo-L-phenylalanine,0.202039900729494,105.0,0.11200000000000002,0.015716596734888604,1616.0
MK-0893,0.163621705263909,106.0,1.7420000000000002,0.015709623139853024,1617.0
cilomilast,0.246203899509103,103.5,-1.9,0.01570911777532021,1618.0
edaravone,0.12681775074192,101.0,0.986,0.015667514646339937,1619.0
didox,0.098112240345348,96.0,-0.039999999999999945,0.0155690282089046,1620.0
8-bromo-cGMP,0.052093864768023,97.0,1.832,0.015534798224939564,1621.0
ganciclovir,0.108359473509148,97.0,0.0,0.015451997455292207,1622.0
magnolol,0.248557720989529,107.5,-0.49000000000000005,0.015241861384132749,1623.0
CHLORTETRACYCLINE HYDROCHLORIDE,0.129426841831606,102.0,1.226,0.015218924271366063,1624.0
BW-A4C,0.093734238448166,97.5,0.634,0.015218260902066646,1625.0
Lu-AA-47070,0.076195290351671,93.5,-0.36399999999999993,0.015127631334680647,1626.0
genipin,0.291113213779411,112.0,-0.14,0.015101875902516585,1627.0
KY02111,0.197292132109289,100.5,-1.572,0.015075976374589647,1628.0
T-62,0.067648322266045,96.5,1.0633333333333332,0.015032166204007491,1629.0
chlorotrianisene,0.084324166087206,95.5,0.12200000000000007,0.014935547696933801,1630.0
MDMS,0.095497191745432,93.5,-1.0219999999999998,0.01489133029664306,1631.0
satraplatin,0.001010082315887,104.5,6.292,0.014805613845371823,1632.0
acifran,0.118879852854777,101.5,1.314,0.014802623696596018,1633.0
cytochlor,0.156162457427788,102.5,0.49399999999999994,0.014788481865758577,1634.0
ciclopirox,0.097510827390549,96.5,0.06199999999999992,0.014783973257959474,1635.0
"6,7-dehydro-17-acetoxy-progesterone",0.109100052707542,105.5,3.176,0.014753988064961013,1636.0
TC-LPA5-4,0.089524771184109,102.5,2.6420000000000003,0.014733695757831863,1637.0
galantamine,0.113214708330323,102.0,1.67,0.014652418487038835,1638.0
A-33903,0.189208525161964,105.0,0.36400000000000005,0.014568420593072432,1639.0
meglitinide,0.130491131475497,102.0,1.088,0.014489849999024843,1640.0
TC-E-5002,0.095194404371618,102.5,2.4219999999999997,0.014476171889321968,1641.0
mesna,0.157233514323131,109.0,2.9219999999999997,0.014364684857353796,1642.0
ethacridine-lactate-monohydrate,0.088689210642963,95.5,-0.10200000000000001,0.014352768362178322,1643.0
benzoxiquine,0.115511141986761,97.0,-0.39,0.014335270402786851,1644.0
SR-33805,0.028751531415065,97.5,2.6079999999999997,0.01431549869518789,1645.0
arcyriaflavin-a,0.363438241077646,106.5,-4.728,0.014302853403542759,1646.0
TMN-355,0.143274864083758,102.0,0.646,0.014289675574762203,1647.0
CHIR-98014,-0.005127989077728,96.5,3.308,0.014259896935289432,1648.0
RITA,0.187766205569424,105.0,0.36400000000000005,0.014239957185927373,1649.0
quizartinib,0.176840571368483,97.5,-2.194,0.014236652581296841,1650.0
allylestrenol,0.041610701858374,92.5,0.23399999999999999,0.014193435806413116,1651.0
mesalazine,0.079932888471592,93.5,-0.624,0.014148540711622118,1652.0
flubendazole,0.12998276795233,98.0,-0.49799999999999994,0.0141384295852743,1653.0
BINA,0.126373751961602,108.0,3.492,0.014081648860337137,1654.0
NVP-TNKS656,0.165380407597425,102.0,-0.10400000000000001,0.014044223746816834,1655.0
metaxalone,0.133770660418313,97.0,-1.024,0.014030532083584032,1656.0
etoposide-phosphate,0.101131586688088,94.5,-0.9400000000000001,0.014019463260108167,1657.0
tenidap,0.035640082457279,91.0,-0.18199999999999986,0.014003668293007365,1658.0
sodium-picosulfate,0.154222364694513,101.0,-0.15399999999999991,0.01388343851994959,1659.0
tolazamide,0.103453429351951,100.0,1.1,0.013881434344541477,1660.0
lomeguatrib,0.190034450419209,103.5,-0.348,0.013842763577802971,1661.0
WIN-64338,0.122335757970434,92.0,-2.624,0.013824468666561987,1662.0
beta-Sitosterol,0.119196972703672,99.0,0.19400000000000003,0.013821228688848719,1663.0
MUT056399,0.09090628797101,95.5,-0.258,0.013759511006276112,1664.0
Y-27152,0.159133671247633,97.5,-1.6920000000000002,0.013738029172705465,1665.0
dexniguldipine,0.133744617419232,97.5,-0.8720000000000001,0.01372848158436483,1666.0
stobadine,0.074761285257143,98.0,1.228,0.0137128274474236,1667.0
omarigliptin,0.19789142298095,107.0,0.734,0.013685926550787006,1668.0
articaine,0.09261725214063,98.0,0.6439999999999999,0.013668161093885134,1669.0
SDZ-205-557,0.128074651669558,103.5,1.624,0.01361433763244361,1670.0
midecamycin,0.200189347295626,101.5,-1.504,0.01348221118153666,1671.0
IB-MECA,0.155565914974582,100.5,-0.45,0.013471843831329414,1672.0
CE3F4,0.09950966417128,94.5,-0.976,0.013396677199105755,1673.0
myricetin,0.195113547841717,109.5,1.752,0.01338890029556361,1674.0
dabrafenib,0.245216563693836,114.5,2.07,0.013376349501340775,1675.0
ethionamide,0.155191234213061,101.5,-0.06399999999999997,0.013371514586219472,1676.0
iocetamic-acid,0.059133896156809,97.0,1.292,0.013336726142817187,1677.0
ribostamycin-sulfate,0.198882923898006,104.75,-0.22200000000000006,0.01332952438075885,1678.0
DMAB-anabaseine,0.120829467649105,96.5,-0.9000000000000001,0.013322414081197498,1679.0
celiprolol,0.118496560649341,96.5,-0.826,0.013312056081517198,1680.0
SDZ-220-581,0.015465591332395,97.5,2.8899999999999997,0.01327498764797593,1681.0
TCS-3035,0.03924556539016,97.0,1.922,0.013242372640206113,1682.0
AZD6738,0.016376041860683,90.0,-0.05999999999999996,0.01320767203104741,1683.0
"3,4-DCPG-(+/-)",0.10451526538280802,98.16666666666667,0.25,0.013148800871171021,1684.0
OT-R-antagonist-1,0.117719503424715,98.5,-0.049999999999999954,0.01313324828257012,1685.0
atglistatin,0.109556263610361,98.0,0.018000000000000016,0.013119015912025652,1686.0
vercirnon,0.04881982338393,98.5,2.1759999999999997,0.013112411343170427,1687.0
TAME,0.119092669318959,96.0,-1.0739999999999998,0.013068139374188381,1688.0
formoterol,0.044388642496595,100.5,3.088,0.01305880883871439,1689.0
medorinone,0.145390231931558,96.5,-1.7380000000000002,0.01301662242046231,1690.0
5-carboxamidotryptamine,0.025912351604653,103.0,4.65,0.013016214893674882,1691.0
beclomethasone,0.100901858208447,89.5,-3.0200000000000005,0.01298623577795229,1692.0
BRL-15572,-0.006702805270768,96.5,3.178,0.012986127652354962,1693.0
NKY-80,0.016116670781892,99.0,3.4,0.012915032574212596,1694.0
TU-2100,0.16582664536999,100.0,-1.056,0.012908745101703515,1695.0
mizolastine,0.210946958301642,105.5,-0.382,0.012901403401093506,1696.0
8-M-PDOT,-0.047753839450482,93.5,3.3240000000000003,0.012861947759785849,1697.0
penciclovir,0.074306128835356,93.5,-0.6359999999999999,0.012782669537570346,1698.0
2-CMDO,0.217286511200143,106.0,-0.42800000000000005,0.012655191037768429,1699.0
sucralose,0.088789132146824,97.0,0.23399999999999999,0.012642427508066803,1700.0
tiapride,0.088796731046475,98.0,0.6060000000000001,0.01253060317800451,1701.0
ascomycin,0.06622486655591,100.0,2.1119999999999997,0.012527222479429279,1702.0
BU226,0.11857729419902,102.0,1.19,0.012494705767053324,1703.0
cleviprex,0.065618973372011,102.0,2.9,0.012471868066843342,1704.0
ML314,0.156996174711047,99.0,-1.222,0.012461444925562634,1705.0
clobenpropit,0.139670231885198,104.5,1.472,0.012452790002134876,1706.0
bentiromide,0.210690708414353,105.5,-0.45199999999999996,0.012350283492337725,1707.0
WDR5-0103,0.141870718773338,105.0,1.5779999999999998,0.012333977317120196,1708.0
vanitiolide,0.152391793267186,101.5,-0.12800000000000003,0.012283463648327442,1709.0
plerixafor,0.085331394967351,95.5,-0.288,0.012278740970087151,1710.0
lansoprazole,0.115071225627881,99.0,0.10800000000000005,0.012276265906126183,1711.0
sodium-nitrite,0.176360093541878,108.5,1.81,0.01225865470215252,1712.0
APcK-110,0.101825228225735,105.5,3.05,0.012210298129129474,1713.0
adoprazine,0.131409374772004,101.0,0.344,0.012193833329674756,1714.0
opicapone,0.124513245832915,101.5,0.75,0.012115266523662238,1715.0
Naringin (Naringoside),0.253715964155364,106.5,-1.49,0.012109325333263254,1716.0
luzindole,0.007300543892758,99.0,3.566,0.012075865000270728,1717.0
TH-588,0.120799575218518,97.0,-0.884,0.012062118015424598,1718.0
thioperamide,0.083006717278237,96.5,0.142,0.012044070567347798,1719.0
cyclopenthiazide,0.129175153216799,100.0,-0.0060000000000000496,0.011953451261804138,1720.0
suramin,0.130396439706541,101.0,0.33599999999999997,0.01190683902256203,1721.0
minaprine,0.145168952137102,103.0,0.634,0.011904307290007096,1722.0
GW-0742,0.142587692266413,99.5,-0.6479999999999999,0.01185470139836938,1723.0
PD-168077,0.161434759862334,102.5,-0.1,0.01180770822866839,1724.0
PRASTERONE,0.098631524025427,102.0,1.7280000000000002,0.011739639510535952,1725.0
fluocinonide,0.184407041252607,104.5,-0.07700000000000004,0.01173667614839946,1726.0
ketoprofen,0.173129650773979,102.0,-0.688,0.011697925410309415,1727.0
2-cyanopyrimidine,0.061343304095918,107.5,5.0600000000000005,0.011676106900932978,1728.0
PSB-1115,0.17886181928153,105.0,0.272,0.011564504889981952,1729.0
AMN-082,0.139862333491245,101.0,-0.021999999999999888,0.011542400139745501,1730.0
tubastatin-A,0.115131060512476,95.5,-1.3599999999999999,0.011518780991650232,1731.0
buparvaquone,0.04181568135031,94.0,0.42799999999999994,0.011507414307566077,1732.0
metoxibutropate,0.216982621988751,101.0,-2.5300000000000002,0.01145020622566865,1733.0
L-hydroxyproline,0.203476101682104,101.0,-2.0940000000000003,0.011443541355398046,1734.0
sorbinil,0.138962075209325,98.0,-1.174,0.011424625204639013,1735.0
RU-24969,0.190535324536111,103.5,-0.712,0.011394459248165659,1736.0
hexaminolevulinate,0.092371888911501,102.0,1.8599999999999999,0.011243326607605705,1737.0
PD-173212,0.173718036458834,107.5,1.362,0.01123552634385013,1738.0
oxybenzone,0.131132591755101,102.5,0.796,0.011214283896270475,1739.0
ABT-724,0.135615513556113,103.5,1.026,0.011122031368273574,1740.0
lomefloxacin,0.091737460051059,96.5,-0.27199999999999996,0.011118002989156883,1741.0
BMS-309403,0.074824716479066,96.5,0.2699999999999999,0.011081814130911508,1742.0
SB-612111,0.134184690808999,98.0,-1.0699999999999998,0.011068763965964604,1743.0
ampicillin,0.140744233671609,101.5,0.07599999999999998,0.011066986258581268,1744.0
aclidinium,0.136448214845915,100.5,-0.174,0.011061013167340983,1745.0
Q-203,0.071515641714464,96.0,0.18,0.011060796688463048,1746.0
cefditoren-pivoxil,0.149243321785204,99.5,-0.978,0.011047378673030997,1747.0
oxotremorine-sesquifumarate,0.061966616275021,100.5,2.232,0.011036096501025586,1748.0
erdafitinib,0.151273035559497,108.5,2.446,0.011022617618693017,1749.0
phenoxybenzamine,0.145943650428681,105.5,1.4540000000000002,0.011022501828592287,1750.0
nitrofurazone,0.186836510660136,105.0,-0.07799999999999999,0.010916786201576137,1751.0
VUF10166,0.162131137830035,102.5,-0.25200000000000006,0.010896295735113415,1752.0
nateglinide,0.02316060014081,94.5,1.128,0.010820555316668737,1753.0
Boceprevir,0.133130330251455,100.0,-0.296,0.010812726161657812,1754.0
maropitant,0.102743261368754,104.5,2.4299999999999997,0.010787128797208298,1755.0
carmoxirole,0.061847863954521,96.5,0.634,0.010688929589207233,1756.0
decoquinate,0.14655779832017,101.0,-0.36000000000000004,0.010687833400016333,1757.0
demeclocycline,0.03057324230883,96.0,1.45,0.010677007765721372,1758.0
vorapaxar,0.208519141164214,106.0,-0.438,0.010588178975587911,1759.0
loteprednol,0.231871191296236,104.5,-1.7760000000000002,0.010585745478585484,1760.0
lisinopril,0.095687455339108,100.0,0.8800000000000001,0.01056418270077586,1761.0
rofecoxib,0.070463412899342,96.5,0.33399999999999996,0.010539129026154689,1762.0
N-methylquipazine,0.138716137642128,100.5,-0.338,0.01042301917061413,1763.0
TRAM-34,0.096747545984779,100.5,1.008,0.010340532945970407,1764.0
SHA-68,0.068991089732732,97.0,0.5440000000000002,0.010316002855730274,1765.0
isoguvacine,0.066191567520014,99.5,1.592,0.010225231174609273,1766.0
BMS-470539,0.10605455744951,98.0,-0.27999999999999997,0.010223798476446241,1767.0
ledipasvir,0.191122794481017,99.5,-2.452,0.010208516485672225,1768.0
erastin,-0.050556016966627,86.0,0.11199999999999992,0.010104802072711952,1769.0
aurora-a-inhibitor-i,-0.071969992527194,86.0,0.8019999999999999,0.010085377929056135,1770.0
SB-271046,0.191509317167521,108.5,1.0100000000000002,0.010077047146975068,1771.0
GW-542573X,0.072831434360686,97.0,0.384,0.010064258716415772,1772.0
NS-5806,0.191797044531505,104.0,-0.7540000000000001,0.010020015943483562,1773.0
RS-67506,0.087222003556961,97.5,0.10200000000000001,0.00999020977078687,1774.0
pazufloxacin,0.202330703256117,103.0,-1.49,0.009970060090795449,1775.0
sitagliptin,0.047220033251976,98.0,1.584,0.009946836341218956,1776.0
creatinol-phosphate,0.076977888334112,95.5,-0.35,0.0099399263344749,1777.0
MCC950,0.086624316343507,93.5,-1.4460000000000002,0.009885947568199382,1778.0
actinomycin-d,0.164237977717039,93.0,-4.151999999999999,0.00987841451145858,1779.0
PG-9,0.002648465467606,97.0,2.628,0.009877885470682394,1780.0
promestriene,0.168509103446371,99.5,-1.7719999999999998,0.009845483064030583,1781.0
ZK-200775,0.119287674842313,99.0,-0.376,0.009829382424466368,1782.0
niflumic-acid,0.126870170459361,104.0,1.316,0.009805758559705557,1783.0
laquinimod,0.167684521343027,99.0,-1.948,0.009784870912140087,1784.0
molidustat,0.059929617445004,98.5,1.3379999999999999,0.00974339324415315,1785.0
eltoprazine,0.036665267332694,94.5,0.5359999999999999,0.009728639699303451,1786.0
carbimazole,0.159266820778221,99.0,-1.686,0.009712227890061024,1787.0
emedastine,0.13671924781457,100.0,-0.5780000000000001,0.009644907603968337,1788.0
unbs-5162,0.114575575128943,102.5,1.108,0.00964002591412294,1789.0
diosmetin,0.204700331773562,105.5,-0.6479999999999999,0.009606340978290162,1790.0
centpropazine,0.095441247229977,93.5,-1.778,0.009556744992058608,1791.0
carboplatin,-0.010634012247322,102.0,4.95,0.009537494606170593,1792.0
pirenoxine,0.095064032359524,102.5,1.7239999999999998,0.009532926694828006,1793.0
cyclandelate,0.114884296056093,98.0,-0.67,0.00948922294905404,1794.0
SB-756050,0.209002027386614,105.5,-0.8039999999999999,0.0094878194770703,1795.0
odanacatib,0.160524735247224,96.5,-2.7299999999999995,0.009480082909887222,1796.0
RHC-80267,0.109925610008334,104.5,2.0060000000000002,0.00943804639112448,1797.0
DNQX,0.164552148120587,100.0,-1.5100000000000002,0.009422577603571273,1798.0
tedizolid,0.127395150714846,100.0,-0.308,0.00942216422554254,1799.0
BYK-204165,0.094300864672163,100.0,0.7619999999999999,0.009417752263183976,1800.0
methantheline,0.094934148577131,106.5,3.2640000000000002,0.009415181334619124,1801.0
cytarabine,0.073100658118219,97.0,0.28200000000000003,0.00940754308937782,1802.0
tramiprosate,0.071990988354743,104.0,3.026,0.009345477838434387,1803.0
nobiletin,0.321591916763541,110.0,-2.728,0.009289188139688856,1804.0
ambazone,0.129029936961222,104.0,1.1720000000000002,0.009283923380423312,1805.0
naftidrofuryl,0.140026961522438,103.5,0.62,0.009268634724980629,1806.0
orteronel,0.082745320970656,105.5,3.2439999999999998,0.009230836994258232,1807.0
cridanimod,0.044669864157419,101.0,2.714,0.009123967458745441,1808.0
SB-218795,0.078720894748001,100.5,1.4120000000000001,0.009079222952301236,1809.0
rivastigmine,0.136447372694313,101.0,-0.268,0.009032990288676804,1810.0
thiamine,0.119176877104914,96.5,-1.46,0.009003957754042871,1811.0
procyclidine,0.109154833595735,99.5,0.02799999999999998,0.008999631269028585,1812.0
triflusal,0.12610085244265,102.0,0.44600000000000006,0.00897069519787245,1813.0
bisphenol-A,0.064167096309039,106.0,3.9979999999999998,0.00894161253538032,1814.0
butylscopolamine-bromide,0.191306147530262,102.5,-1.4760000000000002,0.008924080600174652,1815.0
anthraquinone,0.165887868969965,103.0,-0.45999999999999996,0.008921494932975857,1816.0
Se-methylselenocysteine,0.10735000203513,102.5,1.238,0.008909658343953927,1817.0
BQ-123,0.163489084891022,103.0,-0.386,0.008896134564894095,1818.0
LY223982,0.077264223432974,95.0,-0.704,0.00887927943675467,1819.0
entrectinib,0.134069497519409,96.5,-1.9600000000000002,0.008875756460699047,1820.0
ornithine,0.100563882513242,96.5,-0.8780000000000001,0.008862145151014281,1821.0
secoisolariciresinol-diglucoside,-0.089387966375697,88.0,1.966,0.008848205652337534,1822.0
GW-501516,0.097847205525012,98.5,-0.016000000000000014,0.008847017464876187,1823.0
butamben,0.10222594890223,108.0,3.5159999999999996,0.008751350721227976,1824.0
FH-535,0.153225752602915,101.0,-0.852,0.008742922090015778,1825.0
bropirimine,0.109343203569909,99.5,-0.01799999999999997,0.00871871332135595,1826.0
SK&F-10047-(+),0.112485655014978,101.5,0.6479999999999999,0.008658163497478685,1827.0
diarylpropionitrile,0.13772231326591,99.0,-1.142,0.008635313647252563,1828.0
Y-27632,0.243023564648764,105.5,-2.0260000000000002,0.008633396346393115,1829.0
vildagliptin,0.001824093695256,91.0,0.128,0.008484898169921559,1830.0
albendazole,0.055718272083033,98.0,1.082,0.00834834599074156,1831.0
parachlorophenol,0.063035046920091,98.0,0.842,0.008325140671889905,1832.0
probucol,0.09129927722944,100.5,0.8960000000000001,0.008311362252150012,1833.0
isoleucine,0.201768314065962,105.5,-0.7460000000000001,0.008248755738635557,1834.0
1-(2-chloro-5-methylphenoxy)-3-(isopropylamino)-2-propanol,0.076861211372361,95.5,-0.5920000000000001,0.008209801640931139,1835.0
adenine,0.048157554890538,102.0,2.854,0.008171515257773635,1836.0
resatorvid,0.068294266985618,99.5,1.232,0.008169872846160664,1837.0
fipronil,0.067223804199073,102.5,2.43,0.00816266601282456,1838.0
CEFUROXIME SODIUM,0.084094901228672,98.5,0.324,0.008108589701371072,1839.0
AZD4282,0.145866331599417,103.5,0.266,0.008106475534928529,1840.0
PRT062070,0.439392764285747,123.0,-1.6620000000000001,0.008101256308568247,1841.0
EUK-134,-0.073050216672317,95.0,4.048,0.008099355184815601,1842.0
WAY-161503,0.178803951672913,107.5,0.75,0.008085595639478119,1843.0
INC-280,0.037427888121848,98.0,1.6239999999999999,0.007998423298195409,1844.0
immethridine,0.158404225477951,109.0,1.9780000000000002,0.007986027472658272,1845.0
AH-7614,0.172858086310426,95.5,-3.7299999999999995,0.007981553911818132,1846.0
etifoxine,0.158499133813024,106.5,0.992,0.007897317595945808,1847.0
4-carboxy-3-hydroxyphenylglycine-(RS),0.125982970623051,101.0,-0.092,0.007888851248693318,1848.0
doripenem,0.131188316092711,100.5,-0.4579999999999999,0.007863950381176524,1849.0
UNC0631,0.165187758024817,92.0,-4.866,0.0078007641740870754,1850.0
chlorophyllin,0.148046902317872,94.0,-3.5460000000000003,0.007724859246527105,1851.0
PF-4981517,0.140187567026073,100.5,-0.78,0.007646662824581115,1852.0
azelaic-acid,0.027893429174971,104.5,4.404000000000001,0.007637299043187144,1853.0
AMG-517,0.163106936534722,108.5,1.58,0.007621397011610205,1854.0
decernotinib,0.178054857978081,107.5,0.704,0.00759118651246556,1855.0
amrubicin,0.064977097779057,92.5,-1.4600000000000002,0.007589854709020627,1856.0
ertapenem,0.126355284384349,106.5,1.988,0.007588429850566995,1857.0
SKI-II,0.129308764715798,106.0,1.698,0.007585705824142456,1858.0
fenofibrate,0.041514769353856,101.0,2.594,0.007560711756009512,1859.0
drospirenone,0.175945086673496,101.0,-1.7560000000000002,0.007553170955565587,1860.0
L-ergothioneine,0.059836250559529,99.0,1.218,0.007511273041284627,1861.0
phenelzine,0.113205226869202,101.5,0.458,0.007484532870694542,1862.0
merbarone,0.103015373985748,99.0,-0.19000000000000003,0.007432989396449134,1863.0
tasisulam,0.160762422564939,109.0,1.818,0.007396749797977997,1864.0
artesunate,0.157008483022506,97.0,-2.728,0.007327275857362481,1865.0
GSK1562590,0.080740355138378,104.0,2.448,0.007269177265612825,1866.0
2-methylimidazole,0.04897929602704,95.0,-0.01799999999999997,0.00726695662488371,1867.0
AC-55541,0.028969328379216,98.5,1.982,0.007226144913972332,1868.0
A-1070722,-0.048960976109587,101.0,5.470000000000001,0.007201958407349755,1869.0
"[sar9,met(o2)11]-substance-p",0.166057804043263,105.0,0.05800000000000001,0.007142163127822343,1870.0
SB-222200,0.04233215977441,101.0,2.484,0.0069725158114697,1871.0
Ro-25-6981,0.156599499694117,98.5,-2.19,0.0069230151389476635,1872.0
tirapazamine,0.069140058243178,99.5,1.022,0.006884196963413876,1873.0
Ro-08-2750,0.102080870971683,100.5,0.33999999999999997,0.006852734815738226,1874.0
Y16,0.135139105289485,100.0,-0.924,0.006849398224723154,1875.0
TPCA-1,0.068263494001541,95.5,-0.508,0.006843135921300296,1876.0
SAR407899,0.269845911183456,109.5,-1.596,0.006839736612114049,1877.0
domiphen,0.025397463321081,87.0,-2.4259999999999997,0.006803462957495565,1878.0
NS-11021,0.092797115214603,98.0,-0.34600000000000003,0.006740039191032461,1879.0
SGI-1027,-0.012806320580103,103.5,5.202,0.0067183765021035695,1880.0
chlorphenamine,0.097792392732066,97.75,-0.618,0.006645949736376296,1881.0
CH-5183284,0.131329954709682,101.0,-0.44600000000000006,0.006614559643012423,1882.0
ITE,0.015848606097288,92.0,-0.20600000000000002,0.006595313061076895,1883.0
tebipenem,0.173288931978755,103.0,-1.04,0.006524062478935222,1884.0
BRL-44408,0.030412597141767,92.5,-0.496,0.006504442130730796,1885.0
5-iodo-A-85380,0.114130458283377,101.0,0.09,0.00647083090435759,1886.0
FCE-22250,0.052990029318054,108.5,4.978,0.006464315081440371,1887.0
RBC8,0.059135442467082,100.0,1.48,0.0064637787260018635,1888.0
PCA-4248,0.079320555053029,94.5,-1.316,0.006405533547830171,1889.0
eslicarbazepine-acetate,0.136720727603941,105.5,1.092,0.006373849436061303,1890.0
rimexolone,0.133797176534146,98.5,-1.536,0.0063339975925538194,1891.0
myristyl-nicotinate,0.022220388265129,97.0,1.488,0.00631004904788061,1892.0
Ritonavir,0.031827038192408,95.0,0.4,0.006303327328689841,1893.0
alvimopan,0.115950803171192,106.0,1.9420000000000002,0.0062612929905574806,1894.0
omeprazole,0.092379686527165,103.5,1.732,0.006245688618508938,1895.0
reserpine,0.12719791557689,110.5,3.3200000000000003,0.006227946703033764,1896.0
LY2157299,0.12802896932961,100.5,-0.5980000000000001,0.006158936820218249,1897.0
NVP-AUY922,0.063185867699265,94.0,-1.024,0.006152784443073138,1898.0
mirodenafil,0.127085321946819,95.5,-2.5220000000000002,0.00606128509570721,1899.0
icariin,0.141184093882716,105.5,0.9019999999999999,0.006052803408903314,1900.0
sodium-tetradecyl-sulfate,0.038901665463883,102.0,2.852,0.00604956715044284,1901.0
GSK503,0.170936876937988,98.0,-2.974,0.006035275431502248,1902.0
purvalanol-B,-0.007360901371079,101.0,3.9560000000000004,0.0060178890592698835,1903.0
L-NAME,0.124679671664231,98.5,-1.2879999999999998,0.006003433528182556,1904.0
clodronic-acid,-0.008473551437924,92.0,0.49399999999999994,0.005983995412813359,1905.0
SODIUM OXYBATE,0.090815720671209,104.5,2.132,0.00597307289179357,1906.0
EPZ011989,0.162782725493376,100.5,-1.7560000000000002,0.005921790466494918,1907.0
TCS-2314,0.098042314739143,99.5,-0.052000000000000046,0.005905788599585164,1908.0
tamibarotene,0.134943793978874,107.5,1.8559999999999999,0.005882863306141073,1909.0
tanaproget,0.042870778372935,102.0,2.698,0.005869384630226941,1910.0
enoximone,0.103891970475021,88.5,-4.5200000000000005,0.005840206620499407,1911.0
streptozotocin,0.03972984499879,96.0,0.466,0.005835420325719191,1912.0
CUR-61414,0.054269385840263,102.5,2.518,0.005831994705957595,1913.0
stattic,0.147591668602898,100.5,-1.2799999999999998,0.005813080543130937,1914.0
acetohexamide,0.109912255372481,100.0,-0.258,0.005792710261244209,1915.0
mezlocillin,0.07086256270177,97.0,-0.16,0.005786406459468411,1916.0
cimaterol,-0.058978018373327,103.5,6.562,0.005777258042169146,1917.0
CC-930,0.103203117659047,101.0,0.34199999999999997,0.00575626587619571,1918.0
xilobam,0.131925173123603,102.5,-0.005999999999999961,0.005749119764757264,1919.0
tofogliflozin,0.022955007686796,94.5,0.41200000000000003,0.005733469371076809,1920.0
SB-269970,0.073938884696348,102.5,1.866,0.005721644513232316,1921.0
caramiphen,0.144686729204073,95.5,-3.1399999999999997,0.005719304947222614,1922.0
myricitrin,0.147466320530447,103.0,-0.322,0.00569775292784432,1923.0
go-6983,-0.030011835835048,107.0,6.970000000000001,0.005683071692489013,1924.0
Ro-1138452,0.082287010433541,100.0,0.62,0.0056821984104151,1925.0
procyanidin-B-2,0.113983921994839,106.0,1.916,0.005630343319282767,1926.0
SR-2640,0.03194282409935,95.5,0.492,0.00561120727291257,1927.0
anamorelin,0.047433733325081,98.5,1.1460000000000001,0.0055460915314877735,1928.0
acepromazine,0.191720067720454,104.5,-1.1960000000000002,0.005524916578013943,1929.0
LSN-2463359,0.013484768595387,102.0,3.5980000000000003,0.005512757463213114,1930.0
evacetrapib,0.049782754302246,97.0,0.47800000000000004,0.00547703029810831,1931.0
4-methylgenistein,0.139320091067366,103.0,-0.092,0.005461669489844205,1932.0
ibotenic-acid,-0.007554840509933,93.0,0.778,0.0054601871202463554,1933.0
NNC-711,0.024460648386902,95.0,0.518,0.005456417452854856,1934.0
formononetin,0.157877087211568,105.5,0.2760000000000001,0.005447631839278877,1935.0
eplerenone,0.093862498686878,102.0,0.9879999999999999,0.0054443629875035775,1936.0
letrozole,0.138162997264615,102.5,-0.25400000000000006,0.005423886217699255,1937.0
propranolol,0.148170578291815,103.33333333333333,-0.25733333333333336,0.0054026082099772514,1938.0
glasdegib,0.065977542177699,100.5,1.294,0.0053464858957009325,1939.0
ERK5-IN-1,0.115410899930472,100.0,-0.5039999999999999,0.005313220269801411,1940.0
ryuvidine,0.164522724431072,103.5,-0.736,0.005301590835028865,1941.0
AS-1949490,0.084188515087622,94.5,-1.638,0.005247415753931173,1942.0
BAZ2-ICR,0.034415339404387,97.0,0.938,0.005215526242516977,1943.0
tolnaftate,0.136244941893671,104.0,0.358,0.005196881699930896,1944.0
enoxacin,0.124216609549851,105.0,1.1219999999999999,0.005103556785906423,1945.0
sorbitan-monostearate,0.053486135363702,97.5,0.49800000000000005,0.005095080780625964,1946.0
doxycycline,0.078338762575104,97.0,-0.508,0.005039243884508567,1947.0
CCMQ,-0.050517093995998,92.0,1.714,0.004997466262395722,1948.0
basic-fuchsin,0.163084999383812,97.5,-3.062,0.004993791971990087,1949.0
pirenperone,0.171504384326002,108.5,0.9339999999999999,0.004986268496427397,1950.0
GP2a,0.097155456153409,104.0,1.5899999999999999,0.0049675617608722815,1951.0
NS-1643,0.119325358323365,104.0,0.866,0.004919792918827159,1952.0
tyrphostin-AG-1296,0.195355291597746,108.0,-0.04400000000000004,0.0048994125306492204,1953.0
"1-((Z)-3-chloroallyl)-1,3,5,7-tetraazaadamantan-1-ium",0.034825349718967,99.0,1.654,0.004884683955321711,1954.0
Sevelamer HCl,0.178582829014489,104.0,-1.064,0.004828468314442835,1955.0
G007-LK,0.083267832281096,99.0,0.07400000000000002,0.004794249449645682,1956.0
praziquantel,0.151248929153655,106.0,0.5879999999999999,0.004768379904363888,1957.0
buflomedil,0.054480707942866,102.0,2.164,0.004754264892315785,1958.0
MM77,0.134557724896296,98.0,-1.984,0.004719633710769851,1959.0
levonordefrin,0.072272874934923,94.5,-1.3399999999999999,0.004631598516282735,1960.0
ONC201,-0.159685112800332,82.0,1.306,0.004586630728076376,1961.0
irbesartan,0.046884872773055,96.5,0.24399999999999994,0.004535970277884475,1962.0
7-nitroindazole,0.05424897001358,100.0,1.3599999999999999,0.004506231629808344,1963.0
1-ethyl-2-pyrrolidone,0.128404506463811,103.5,0.31800000000000006,0.00449589890153627,1964.0
epalrestat,0.191767848007619,106.5,-0.5720000000000001,0.0044639507307474196,1965.0
alcaftadine,0.054098979615493,93.5,-1.176,0.004379522086505198,1966.0
TAK-901,0.140429696271061,105.0,0.488,0.004332778945681182,1967.0
quercetin,0.080859559625642,102.5,1.44,0.0042988914787317105,1968.0
ESTRADIOL VALERATE,-0.009318735588956,89.0,-0.884,0.0042878407710272475,1969.0
metoprolol,0.08441364192229,101.0,0.738,0.004264919942288133,1970.0
sacubitril,0.155908921662757,102.0,-1.202,0.004157910035270551,1971.0
PD1-PDL-inhibitor-1,0.005557755984977,95.0,0.942,0.004136348196793649,1972.0
bergenin,0.086980750129367,96.0,-1.3039999999999998,0.004136123910805645,1973.0
CB-10-277,0.062662715920341,99.5,0.8379999999999999,0.004113830144123217,1974.0
alrestatin,0.051919394999005,106.0,3.7019999999999995,0.004068724528029644,1975.0
motesanib,0.196215066024839,107.5,-0.38799999999999996,0.004039751321980052,1976.0
flumazenil,0.089828403845921,88.5,-4.324,0.004017209485948044,1977.0
icilin,0.067458659539167,100.0,0.858,0.003980692902345262,1978.0
lithium-acetoacetate,0.099650238393717,102.0,0.592,0.003974787820931154,1979.0
luteolin,0.167010990796045,110.5,1.69,0.003820339663069161,1980.0
leucylleucine-methyl-ester,0.112593692833228,99.5,-0.8240000000000001,0.0037851374043460875,1981.0
m-3M3FBS,0.15196069752555,107.5,1.0059999999999998,0.003774613765984647,1982.0
hexestrol,0.142963468956221,101.5,-1.034,0.0037585589107664483,1983.0
dichlorophen,0.139892087420096,99.5,-1.7119999999999997,0.0037508199517772103,1984.0
bemegride,0.085053992412041,95.5,-1.494,0.0037259575919441623,1985.0
aspartame,0.172428524150988,106.0,-0.246,0.0037207431737702468,1986.0
arecaidine-propargyl-ester,0.033059697825369,93.5,-0.592,0.003699243382333998,1987.0
metaproterenol,0.132114786596874,104.5,0.4720000000000001,0.0036926902801766768,1988.0
gabexate,0.077483988607029,102.0,1.26,0.0036291776964667197,1989.0
GSK-J2,0.16513661255939,107.5,0.554,0.003593357350097137,1990.0
2'-MeCCPA,0.082606687021503,102.0,1.082,0.003542756918385607,1991.0
TIC10,0.145491773118473,103.0,-0.566,0.0035304513328044593,1992.0
methacycline,0.09452535059811,103.0,1.0719999999999998,0.0034543917396056742,1993.0
bremelanotide,0.067033380774415,96.5,-0.562,0.003450626637136948,1994.0
zilpaterol,0.190081365057643,105.5,-1.052,0.0034331746211145875,1995.0
clocortolone-pivalate,0.066972774925422,98.0,0.015999999999999924,0.0034072819757005788,1996.0
ercalcitriol,0.03235343507539,97.5,0.9359999999999999,0.0033657639261413705,1997.0
U-75799E,0.021053739799288,95.0,0.32800000000000007,0.003343052087352638,1998.0
U-99194,0.230869158929078,109.0,-1.036,0.0032716811928472644,1999.0
cardiogenol-C,0.084909814335289,100.5,0.382,0.0032379809183843053,2000.0
Proxyphylline,0.073987338768129,97.0,-0.626,0.003217623842734866,2001.0
"BETAMETHASONE 17,21-DIPROPIONATE",0.13783731866225,103.5,-0.17,0.0032087941975104486,2002.0
AC-55649,-0.010641074189951,96.0,1.722,0.003205895981173268,2003.0
CI-844,0.074088903719181,103.0,1.6960000000000002,0.0031929773831069395,2004.0
trans-2-undecenoic-acid,0.204008736854426,112.0,0.986,0.0031917853779103536,2005.0
ribitol,0.073026731287466,105.0,2.498,0.003132265926110304,2006.0
propentofylline,0.064990499494416,101.5,1.392,0.0030793322980818827,2007.0
bexarotene,0.179642548355059,108.0,0.20400000000000001,0.0030668966949374634,2008.0
GDC-0349,0.130455023475794,103.0,-0.152,0.003020434625191748,2009.0
meclofenoxate,-0.066418172156409,90.5,1.362,0.002996734620173802,2010.0
N-methyllidocaine-iodide,0.047848165906071,100.5,1.5459999999999998,0.002991781484196395,2011.0
rebamipide,0.07583600596598,104.5,2.186,0.0029418330472192147,2012.0
seclazone,0.076303775966863,102.0,1.194,0.002895799118684983,2013.0
PF-03882845,-0.174155668004891,108.0,11.623999999999999,0.0028862877333775496,2014.0
elacridar,0.035483238475814,102.0,2.502,0.0028072622856579743,2015.0
tegobuvir,0.081044230964356,102.5,1.222,0.002806341119692468,2016.0
SIB-1893,0.07530774991104,98.0,-0.34600000000000003,0.0027571379352184047,2017.0
nebracetam,0.077904524103322,102.5,1.316,0.0027530379167135153,2018.0
sulfafurazole,0.100486524177351,100.0,-0.388,0.0027310305151014105,2019.0
cevipabulin,-0.073766171391973,92.0,2.1439999999999997,0.002729865210095402,2020.0
gluconolactone,0.073625045937631,98.0,-0.312,0.002613273363200941,2021.0
YK-4-279,0.005541802709232,95.0,0.7259999999999999,0.0026121879973702855,2022.0
besifloxacin,0.165287743459945,109.5,1.184,0.002598164686564227,2023.0
GKT137831,0.165474921496961,111.5,1.954,0.0025967079710339145,2024.0
acarbose,0.084957091463068,100.5,0.28600000000000003,0.0025729576393409928,2025.0
CEFTIOFUR HYDROCHLORIDE,0.155876106574832,104.5,-0.45999999999999996,0.0025431280949460935,2026.0
spectinomycin,0.035287137389558,102.5,2.664,0.0025368787644837187,2027.0
ABT-639,0.062487985146412,104.0,2.366,0.00253527770795429,2028.0
primidone,0.097024448400041,101.5,0.27599999999999997,0.002518454808419538,2029.0
MRS-3777,0.190878718765955,104.0,-1.7920000000000003,0.002503905561538159,2030.0
thiamine-pyrophosphate,0.112249531708053,105.0,1.1360000000000001,0.002476813923334875,2031.0
DMPS,0.025799742079298,102.5,2.96,0.0024599734476264956,2032.0
LY320135,0.111361225813031,97.0,-1.9439999999999997,0.0024508507175827754,2033.0
procarbazine,0.132778275251163,106.5,1.05,0.0024481254326318425,2034.0
4-CMTB,0.03437236485376,98.5,1.126,0.0024308006233556187,2035.0
nitrocaramiphen,0.137126254311207,103.5,-0.26200000000000007,0.002399229637635355,2036.0
siponimod,0.097281069481054,100.5,-0.13999999999999996,0.0023807136761508176,2037.0
Hyodeoxycholic acid (HDCA),0.109455376525641,102.0,0.048,0.0023782631918279526,2038.0
GW-627368,0.116498419578525,104.0,0.594,0.0023612685346053506,2039.0
methocarbamol,0.092389247421222,100.5,0.009999999999999964,0.002322607194480112,2040.0
MPEP,0.033753256739186,101.0,2.098,0.002301580359299652,2041.0
cis-Urocanic acid,0.142967028983346,104.0,-0.272,0.0022928503232067334,2042.0
sulfadiazine,0.093216147543991,108.5,3.082,0.0022782704757394003,2043.0
salvinorin-A,0.12700713805038,100.5,-1.1280000000000001,0.002195309356718337,2044.0
A-804598,0.095207025567304,98.5,-0.876,0.0021918114679802723,2045.0
sulfanilate-zinc,0.095500308738491,99.5,-0.5,0.002173204712254906,2046.0
AZD3463,0.205084026916177,102.5,-2.882,0.0021642497522737316,2047.0
etebenecid,0.124706097805231,105.0,0.688,0.0021598961054699974,2048.0
KI-8751,0.12025974617944,111.0,3.16,0.002155461705542261,2049.0
halcinonide,0.157373483870819,106.5,0.21200000000000002,0.002150177875528736,2050.0
S-nitrosoglutathione,0.164292809077124,104.5,-0.79,0.0021368593630387567,2051.0
4-methylhistamine,0.105289529469095,99.5,-0.8240000000000001,0.0021217401952003945,2052.0
GSK2110183,0.197271658900842,107.0,-0.8960000000000001,0.002070437828097497,2053.0
tyrphostin-AG-494,0.076121702689488,103.5,1.6640000000000001,0.002064528787718012,2054.0
enocitabine,0.134903807622132,94.5,-3.7380000000000004,0.002014046271041958,2055.0
PRAVASTATIN SODIUM,0.061555649765513,105.5,2.904,0.0020118325874188083,2056.0
tazarotene,-0.047093566126647,93.0,1.534,0.0017777693114684838,2057.0
CVT-10216,0.054315270763061,97.0,-0.2,0.0017364670661382808,2058.0
moracizine,0.154084128024222,112.0,2.394,0.0017339010818124463,2059.0
BI-D1870,0.164129051020668,106.0,-0.2599999999999998,0.001732128651049769,2060.0
meclizine,0.075516295283984,108.5,3.572,0.0016967783672088288,2061.0
telmesteine,0.005108663394016,99.5,2.352,0.001664656257619801,2062.0
CNX-774,0.14668458717721,109.5,1.652,0.0016560921663162735,2063.0
apigenin,0.129442845165997,103.5,-0.1299999999999999,0.0015786767592246287,2064.0
chlorindanol,0.108780905421784,102.0,-0.044,0.0015770321127649052,2065.0
alfacalcidol,0.085190639673275,98.0,-0.834,0.001572530632495776,2066.0
dalfampridine,0.08067412377408,103.0,1.25,0.0015530407397854606,2067.0
R-268712,0.147594069369254,104.5,-0.34,0.0015017742734680557,2068.0
lurasidone,0.050743356229909,96.5,-0.31800000000000017,0.001458487033498786,2069.0
atomoxetine,0.066786688429235,101.5,1.0879999999999999,0.0013483822173579278,2070.0
"chromanol-293B-(-)-[3R,4S]",0.134822141990926,103.5,-0.352,0.0012409548376696538,2071.0
carbenicillin,0.076577905132419,103.5,1.532,0.0012392100092155263,2072.0
EDTMP,0.137325249389447,103.5,-0.434,0.0012337572230913436,2073.0
VU10010,0.084558426000167,99.0,-0.476,0.0012164473423247706,2074.0
iohexol,0.142452287432229,103.75,-0.509,0.0011903307822965041,2075.0
dasabuvir,0.123339022711963,106.0,0.9799999999999999,0.001171855295551823,2076.0
emorfazone,0.184595339620858,100.0,-3.3400000000000007,0.001104825099874122,2077.0
AGI-5198,0.177493120628904,107.5,-0.202,0.0010854940065625114,2078.0
ketanserin,0.143922102842007,106.0,0.298,0.001058373156990533,2079.0
"cis-exo-camphanediol-2,3",0.060116821789947,105.75,2.9080000000000004,0.0010292621360763106,2080.0
perflubron,0.088690576021261,101.5,0.32999999999999996,0.0010006909127158552,2081.0
PQ-401,0.147513244938379,96.5,-3.5159999999999996,0.000983911212733039,2082.0
abemaciclib,0.041591955192022,107.0,3.9859999999999998,0.0009837994020074718,2083.0
dyphylline,0.034218895504379,96.0,-0.05400000000000009,0.0009198684000267429,2084.0
VU0238429,0.028410515264113,101.5,2.2640000000000002,0.000887296178829137,2085.0
WAY-207024,0.053198382417937,102.5,1.846,0.0008575633458223209,2086.0
cevimeline,0.078714598183677,98.0,-0.728,0.0008439084984034709,2087.0
emodin,0.146435568735455,106.0,0.18600000000000003,0.0008423501892715531,2088.0
lacidipine,0.100805074368769,106.0,1.6620000000000001,0.0008410608511029519,2089.0
BQ-788,0.097523060024714,104.0,0.986,0.0007994328583083021,2090.0
CT-7758,0.040078866988751,98.0,0.512,0.0007742391488792707,2091.0
GW-441756,-0.033674439016294,92.5,0.754,0.0007090718855133163,2092.0
oxcarbazepine,0.093168781668773,107.5,2.4720000000000004,0.0007056429444685467,2093.0
hydrocortisone-phosphate,-0.005525473251027,98.5,2.162,0.0006376548090958334,2094.0
SCH-23390,0.017220009976099,108.0,5.11,0.0006136414441626862,2095.0
entacapone,0.149214105757695,102.5,-1.298,0.0005913711507242366,2096.0
norvancomycin,0.005586880186395,100.5,2.5700000000000003,0.0005759275165169905,2097.0
BAY-60-6583,-0.028206037660611,107.5,6.38,0.0005748991984382649,2098.0
LY2228820,-0.205029010479169,111.0,13.45,0.0005127809521392838,2099.0
paricalcitol,0.099486767369752,104.0,0.8800000000000001,0.0005004487288754097,2100.0
Rec-15/2615,-0.064962802985572,92.5,1.736,0.0004964535129137563,2101.0
isodibut,0.204532935758471,103.5,-2.72,0.0004469031473367524,2102.0
niraparib,0.064276106002903,102.5,1.426,0.00042374329777309744,2103.0
avatrombopag,0.099728877948598,100.5,-0.5,0.0004039479697534783,2104.0
furosemide,0.045545172723411,98.0,0.28200000000000003,0.0004000161864956553,2105.0
glimepiride,0.151810946455335,99.0,-2.7699999999999996,0.00038348763718661544,2106.0
urapidil,0.088030441246551,101.0,0.054000000000000006,0.00027358106428062207,2107.0
AG-1024,0.139829133332736,107.5,0.898,0.0002515957328814711,2108.0
TC-G-1005,0.132945360006227,108.5,1.504,0.00021761796375988998,2109.0
JNJ-27141491,-0.039712264950589,93.5,1.266,0.00020603316776609168,2110.0
ramipril,0.047619487263295,98.5,0.374,0.00015391724219371294,2111.0
beta-amyloid-synthesis-inhibitor,0.08219833165582,104.0,1.3880000000000001,0.0001393602347713463,2112.0
forodesine,0.155101760836875,103.0,-1.362,0.00011553626129401362,2113.0
10058-F4,0.039693654664878,92.5,-1.7100000000000002,7.211733261347497e-05,2114.0
ZM-39923,0.08662270653234,104.5,1.424,3.423625973227503e-05,2115.0
beta-funaltrexamine,0.022454439690724,99.0,1.3519999999999999,-5.8499576582142034e-05,2116.0
TAK-593,0.227399491861442,101.5,-4.311999999999999,-8.800027827271517e-05,2117.0
methylene-blue,0.1520859099056,103.5,-1.1019999999999999,-0.00010712786217307683,2118.0
SC-19220,0.063754301971733,97.5,-0.5760000000000001,-0.00012692011657411406,2119.0
PLX8394,0.162029185759524,103.0,-1.6280000000000001,-0.00017936319638578446,2120.0
osemozotan,0.09858358106925,106.5,1.782,-0.00018622885891232213,2121.0
OMDM-2,0.123256347299086,104.0,0.01200000000000001,-0.00019670584200492947,2122.0
S-07662,0.050453629882184,100.0,0.8059999999999998,-0.0002579620890028241,2123.0
LY3009120,0.180035715927029,106.5,-0.8640000000000001,-0.0002633673686251263,2124.0
EPZ-5676,0.122215394046068,110.5,2.556,-0.00028489735231388796,2125.0
ibrutinib,0.196712011617584,109.0,-0.442,-0.0003255703263529419,2126.0
sulfanilamide,0.089156472468171,103.0,0.7080000000000002,-0.0003306474108485391,2127.0
ebrotidine,0.01767019669244,97.0,0.686,-0.000371839457996459,2128.0
dimesna,0.143997640579294,104.5,-0.49000000000000005,-0.00037317195332139025,2129.0
gestodene,0.148890961116639,107.0,0.32,-0.00038742701851135486,2130.0
ML10302,0.127958864943486,109.5,1.966,-0.00039797215293972216,2131.0
edoxaban,0.066235333391979,94.5,-1.86,-0.00040387566473461717,2132.0
conivaptan,0.192678153775509,107.0,-1.1,-0.00041170711349336475,2133.0
VU0357121,0.179753528473953,106.0,-1.072,-0.00042572177169527176,2134.0
Cefoselis sulfate,0.115351635230867,101.0,-0.93,-0.00043133404817286003,2135.0
dodecyl-sulfate,0.084782558668733,103.0,0.8350000000000002,-0.0004327172000990383,2136.0
kinetin,0.073453617387868,104.0,1.578,-0.0005145968892253938,2137.0
delta-tocotrienol,0.044221626223607,104.0,2.522,-0.0005264119687640919,2138.0
targinine,0.042759323528724,105.5,3.1399999999999997,-0.0006073898119715407,2139.0
LY2801653,0.172155694566515,106.5,-0.6619999999999999,-0.0006359318702608974,2140.0
antimonyl,0.137510873137168,99.5,-2.2659999999999996,-0.0006913309987583623,2141.0
ABT-491,0.158666319575065,105.5,-0.6279999999999999,-0.0007363216640520198,2142.0
mefenamic-acid,0.062779102494863,99.5,0.13999999999999996,-0.0007732200388619326,2143.0
ST-1859,0.069874676847784,104.0,1.656,-0.0007805596240411106,2144.0
VANCOMYCIN HYDROCHLORIDE,0.09074215601505,104.5,1.174,-0.0007874995285064301,2145.0
phenprocoumon,0.090056559540679,101.5,0.030000000000000006,-0.0008000731207526238,2146.0
YS-035,0.029719838325056,103.0,2.564,-0.0008010455188810495,2147.0
methenamine,0.110330509332666,100.0,-1.216,-0.0008558589530692032,2148.0
losartan,0.083727661765091,99.5,-0.5519999999999999,-0.0008738653816643035,2149.0
AZD3514,0.021805107203393,98.5,1.0619999999999998,-0.000881702073855369,2150.0
RS-79948,0.066896263867744,102.5,1.152,-0.0009083777509510208,2151.0
lidocaine,0.060290781881549,100.5,0.584,-0.0009466046112937739,2152.0
bromhexine,-0.022838871251545,101.5,3.6480000000000006,-0.001041230840017171,2153.0
L-mimosine,0.090430459241095,100.0,-0.606,-0.0010936708775565556,2154.0
brucine,0.038517982527889,105.0,3.012,-0.0011082149488913136,2155.0
istradefylline,0.157239632535513,107.5,0.13000000000000003,-0.001189782040220429,2156.0
chlorobutanol,0.122822706420591,105.5,0.466,-0.0011978979928056004,2157.0
pentolinium,-0.022317684182906,101.5,3.6020000000000003,-0.0012463554355302369,2158.0
pempidine,0.094915364023996,96.0,-2.33,-0.0012794084483364425,2159.0
penicillamine-(racemic),0.09705440426028,100.5,-0.659,-0.001324394182892726,2160.0
PF-3845,0.191302312115734,95.5,-5.651999999999999,-0.001347967366507256,2161.0
etidronic-acid,0.115419625495643,103.0,-0.294,-0.0014032236929908775,2162.0
SBE-13,0.078038930993328,98.0,-1.0260000000000002,-0.0014077273109005528,2163.0
PF-477736,0.132262768250206,110.0,1.8739999999999999,-0.0014315845556800062,2164.0
THZ1-R,0.132280901647333,101.0,-1.6199999999999999,-0.0014332250507197442,2165.0
CID-2011756,0.194180300003534,110.0,-0.13,-0.0014380474660805609,2166.0
antimony-potassium,0.064222354164958,102.5,1.1620000000000001,-0.0014469197868465233,2167.0
"Peficitinib (ASP015K, JNJ-54781532)",0.173728146410759,105.5,-1.218,-0.0014595420788114561,2168.0
methiopril,0.092740556575161,102.5,0.23199999999999998,-0.0014991050997185118,2169.0
famciclovir,0.139320005765437,101.5,-1.668,-0.0015342056458380233,2170.0
gemcadiol,0.124424917327193,98.5,-2.3579999999999997,-0.0015868231840005336,2171.0
AT7867,0.290312483532529,112.5,-2.2920000000000003,-0.0015955521587248296,2172.0
diroximel-fumarate,0.069128690172384,101.0,0.39799999999999996,-0.001609386465207548,2173.0
guacetisal,0.056209812548898,101.0,0.8119999999999999,-0.0016370943538044729,2174.0
cyclophosphamide,0.065786266963018,97.5,-0.86,-0.0016633867197979695,2175.0
SB-334867,0.053030349923735,99.5,0.32799999999999996,-0.001669908521494734,2176.0
succinylsulfathiazole,0.068880463674673,100.5,0.202,-0.001679533117850407,2177.0
idebenone,-0.005603024493307,92.5,-0.49399999999999994,-0.001683415471332957,2178.0
olsalazine,0.062045593645642,103.5,1.584,-0.0017042204248535937,2179.0
alacepril,0.170595755607337,107.5,-0.378,-0.0017242099178462385,2180.0
nilutamide,0.150118352889268,108.5,0.6679999999999999,-0.0017565322391363363,2181.0
ezetimibe,0.141836065820787,110.0,1.518,-0.0017574851242031138,2182.0
teprenone,0.067703813492763,101.0,0.41400000000000003,-0.0018212459115988973,2183.0
MK-2894,0.186691441645432,108.5,-0.526,-0.0018327781644935648,2184.0
amygdalin,0.155278616590219,106.5,-0.29,-0.0018607096604826105,2185.0
amifampridine,0.064282473525321,92.0,-2.978,-0.0018881404407029567,2186.0
dabigatran-etexilate,0.027014615719586,98.5,0.748,-0.0019057222736778752,2187.0
tiotidine,0.109941364939408,98.0,-2.132,-0.0019281602900703316,2188.0
griseofulvin,0.070702014650169,104.0,1.46,-0.0019718852794325947,2189.0
glutathione-monoisopropyl-ester,0.053940944000587,101.0,0.834,-0.0019989215250698633,2190.0
methylthiouracil,0.090465587508937,104.0,0.8140000000000001,-0.0020185748764910048,2191.0
TXA127,0.109239027769821,104.5,0.398,-0.002037790511964177,2192.0
curcumol,0.156647331526018,105.5,-0.75,-0.0020549276061007093,2193.0
fentiazac,0.0803094984143,100.0,-0.41600000000000004,-0.002061044415035592,2194.0
tanshinone-IIA,0.159477595408848,102.0,-2.208,-0.0021111003323194266,2195.0
A-867744,0.104009674601283,102.5,-0.22000000000000003,-0.0021146016418086186,2196.0
diphemanil,-0.005964393689531,95.5,0.614,-0.002162691436386884,2197.0
APD668,0.075866755989673,98.0,-1.064,-0.0021699028386890085,2198.0
ML297,0.104805116019608,102.5,-0.254,-0.0021727958114060217,2199.0
lumiracoxib,0.181579967622916,109.0,-0.22000000000000003,-0.0022088683375268703,2200.0
CPI-360,0.090822438278337,96.5,-2.138,-0.0022260422436723624,2201.0
DL-Adrenaline,0.187534160614217,109.0,-0.41999999999999993,-0.0022607990716042212,2202.0
NCS-382,0.011556834170748,100.5,1.972,-0.002274125924171422,2203.0
Talc,0.064321321600568,104.5,1.8079999999999998,-0.002341360141472163,2204.0
allopregnanolone,0.099687684182357,103.25,0.175,-0.002367447164390968,2205.0
TAK-715,0.171024335006237,104.5,-1.65,-0.0023841022803393988,2206.0
BMS-983970,0.179225616137803,102.5,-2.692,-0.0023870565401970336,2207.0
2-iminobiotin,0.080770408538833,99.0,-0.868,-0.0024056834276459105,2208.0
VU0422288,0.09831305844442,102.0,-0.2720000000000001,-0.002411840310394875,2209.0
hydrocortisone-valerate,0.080659005947837,107.0,2.2359999999999998,-0.0024384391272424346,2210.0
seratrodast,0.045920859956435,100.0,0.624,-0.0025714071340100877,2211.0
alisertib,0.271805823783341,112.5,-1.832,-0.002571965077139119,2212.0
sirtinol,0.070076766925843,99.0,-0.554,-0.0026305799391596794,2213.0
cortisone-acetate,-0.069751279827821,87.5,-0.49800000000000005,-0.0026590297882177114,2214.0
NPY-5RA972,0.120523192032678,105.5,0.32599999999999996,-0.00270709956244893,2215.0
PFI-4,0.013052774140416,93.5,-0.858,-0.0027294893524113886,2216.0
WP1130,0.143152518811853,107.5,0.36,-0.0027787993881370023,2217.0
creatinine,0.057791417769265,99.5,0.013999999999999967,-0.002796053348445793,2218.0
milacemide,0.027625423148662,99.0,0.7939999999999999,-0.002808925676828259,2219.0
WWL-113,0.020132640777421,104.0,2.976,-0.002816340133720304,2220.0
betaine,0.109516952926573,102.5,-0.49799999999999994,-0.0028173887181361934,2221.0
paraxanthine,0.140627677221212,109.5,1.21,-0.0028347136003109195,2222.0
L-168049,0.113222331988004,100.5,-1.3980000000000001,-0.002844601330756258,2223.0
cedrol,0.057876934474983,95.5,-1.55,-0.0028573592819570726,2224.0
LY2857785,0.108116177440171,90.5,-5.116,-0.002857812509162986,2225.0
NPPB,0.103030211582765,104.0,0.284,-0.002888121500091471,2226.0
sulfaquinoxaline,0.11441994711176,103.5,-0.2800000000000001,-0.0028984507355687508,2227.0
bergapten,0.072726441688204,108.0,2.804,-0.0029787610804977716,2228.0
PHTPP,0.046532122908617,104.0,2.098,-0.002984974617909882,2229.0
L-cysteine,0.034900775468743,94.0,-1.412,-0.0030199746207538367,2230.0
amezinium,0.086423534568697,100.5,-0.562,-0.0030625620655796806,2231.0
fadrozole,0.113663130185231,102.5,-0.6700000000000002,-0.0030839584801001982,2232.0
bumetanide,0.046244928474028,102.0,1.312,-0.0031189265498681173,2233.0
doramectin,0.070491085147824,104.0,1.302,-0.0031321582625448707,2234.0
quipazine,0.117872078833373,104.0,-0.236,-0.003168670498800911,2235.0
ICA-069673,0.043896887812542,101.0,0.992,-0.0031740446341353237,2236.0
abafungin,0.075400300099026,100.0,-0.42200000000000004,-0.003221266511857316,2237.0
triclocarban,0.073905773436541,98.5,-0.9560000000000001,-0.00322233944870313,2238.0
N-demethylantipyrine,0.121370981130448,101.0,-1.534,-0.0033123761965153653,2239.0
DCPIB,-0.079976088923242,92.5,1.6800000000000002,-0.0033167741135561313,2240.0
brequinar,0.115049716627096,95.0,-3.66,-0.0033244214516382486,2241.0
molsidomine,0.053332245391739,101.5,0.8540000000000001,-0.0033628728039611553,2242.0
dimercaptosuccinic-acid,0.102465805417519,100.0,-1.3199999999999998,-0.003379015251843772,2243.0
papaverine,0.168980926520794,105.0,-1.532,-0.0033849152006955783,2244.0
TMS,0.074718810462529,104.5,1.318,-0.003422855330860434,2245.0
meluadrine,0.014549502283178,94.0,-0.8219999999999998,-0.003501334369070482,2246.0
narlaprevir,0.157124567344401,111.0,1.1560000000000001,-0.0035563238813550724,2247.0
OR-486,0.122711488799861,101.0,-1.6179999999999999,-0.0035984147992964197,2248.0
falecalcitriol,0.024378766518045,95.5,-0.5780000000000001,-0.0036436171674535758,2249.0
alectinib,0.135056478276294,106.5,0.11000000000000001,-0.0036501618733113528,2250.0
spiramycin,0.201660293721986,98.0,-5.346,-0.003665636742976005,2251.0
GSK1059615,0.150656819688844,108.0,0.16999999999999998,-0.0037734452353428796,2252.0
ademetionine,0.062502056779506,96.5,-1.4460000000000002,-0.003804202249281278,2253.0
clinafloxacin,0.186752674629668,111.5,0.35600000000000004,-0.0038067356628067963,2254.0
GF109203X,-0.010186940465673,104.0,3.8120000000000003,-0.003836098650785343,2255.0
tyrphostin-AG-99,0.08578643587179,106.0,1.482,-0.0038462809246783505,2256.0
vincamine,0.051214831414498,99.0,-0.12599999999999995,-0.003913164060342071,2257.0
ranolazine,0.090808545258469,101.0,-0.634,-0.003936914113150669,2258.0
leucovorin,-0.019826826908394,89.75,-1.4289999999999998,-0.003990891267068568,2259.0
olomoucine,0.016200233838574,98.5,0.792,-0.00405877419354402,2260.0
perillyl-alcohol,0.035084915711449,100.0,0.7600000000000001,-0.00408173759051363,2261.0
STREPTOMYCIN SULFATE [5mM; 10% aq DMSO + 5mM ethanolamine],0.103584217903741,103.5,-0.09799999999999995,-0.004084916261209326,2262.0
piricapiron,0.110181074421604,103.0,-0.506,-0.00408858254145128,2263.0
tiplaxtinin,0.047553988546452,106.5,2.876,-0.004106150030205276,2264.0
remodelin,0.034291997641924,100.0,0.78,-0.004121521455203651,2265.0
GTP-14564,0.062684463933418,98.5,-0.7220000000000001,-0.004130561411043769,2266.0
AZD1283,0.128124997859093,108.0,0.8460000000000001,-0.004145992267372704,2267.0
8-hydroxy-DPAT,0.060662348702623,98.5,-0.6659999999999999,-0.004196852539514258,2268.0
GNF-5,-0.012868733427669,98.5,1.7120000000000002,-0.004202410849816947,2269.0
didanosine,0.18562134281092,112.0,0.5260000000000001,-0.004233786031434576,2270.0
crisaborole,0.074132868396427,105.0,1.4140000000000001,-0.00424662391811322,2271.0
OSI-027,0.173752848980531,111.5,0.708,-0.004289325666020212,2272.0
LX1031,0.097484608239794,101.5,-0.708,-0.004303597476819114,2273.0
tazemetostat,0.065758935169832,104.0,1.284,-0.004336534383310053,2274.0
L-lysine,0.006564296005262,102.5,2.608,-0.00439846362471541,2275.0
17-PA,0.094598021705353,104.0,0.34199999999999997,-0.00440011760057198,2276.0
NVP-HSP990,0.124581911117871,99.0,-2.572,-0.004423638936188912,2277.0
OXF-BD-02,0.154116890569928,104.0,-1.5939999999999999,-0.004474150144414324,2278.0
iodipamide,0.041529437663583,93.0,-2.226,-0.004508305308148534,2279.0
zileuton,0.070364246429147,98.5,-1.026,-0.0045216245504347,2280.0
ADD-233089,0.023726507764903,98.5,0.46799999999999997,-0.004625585809372372,2281.0
higenamine,0.076405275308585,103.0,0.506,-0.0046564870380316386,2282.0
dihydroxyphenylglycine,0.06779188039696,103.5,0.969,-0.004724881335215684,2283.0
delphinidin,0.115437709397631,98.5,-2.516,-0.004745742187847142,2284.0
trovafloxacin,0.27597280214343,107.5,-4.220000000000001,-0.0047720774557436325,2285.0
AZD3965,0.040548266735931,101.0,0.8699999999999999,-0.004795451562002377,2286.0
Z160,0.082487731728736,101.5,-0.30200000000000005,-0.004860849585631377,2287.0
CEP-33779,0.157400986167859,106.5,-0.7879999999999999,-0.004883036339934477,2288.0
caracemide,0.097362889464318,103.5,-0.01200000000000001,-0.00489632143971593,2289.0
pentobarbital,0.033368875292732,100.0,0.698,-0.004908983792258422,2290.0
PX-478,0.083869436242317,102.5,0.025999999999999978,-0.004969482070608655,2291.0
CMPD-1,-0.082854167009777,82.5,-2.348,-0.005004817302939113,2292.0
rifapentine,0.191648674962889,107.0,-1.73,-0.005081023909722537,2293.0
clofibric-acid,-0.010587736812972,98.5,1.508,-0.005119006605475818,2294.0
paeonol,0.050493107601263,100.5,0.30799999999999983,-0.0051207516778745505,2295.0
desmopressin-acetate,0.037887298281978,97.5,-0.454,-0.0051588677588494765,2296.0
bupropion,0.009813617559563,96.5,0.06199999999999992,-0.005187553501565856,2297.0
solcitinib,0.093894172999969,110.0,2.58,-0.005199499227736326,2298.0
amitriptyline,0.047205251861829,100.5,0.39,-0.005292266961006931,2299.0
clioquinol,0.12691217650857,90.0,-6.264,-0.005292547777099717,2300.0
carazolol,-0.011016935945641,91.5,-1.2280000000000002,-0.005351076380981534,2301.0
ofloxacin,0.090062719448619,104.5,0.536,-0.005433416060518799,2302.0
indoramin,0.105005109747397,102.5,-0.7260000000000001,-0.005449884017501572,2303.0
flupirtine,0.032574280637248,99.0,0.25800000000000006,-0.0054550686323523445,2304.0
SR-59230A,0.033526806156035,93.0,-2.102,-0.005457871392100115,2305.0
trigonelline,0.067616044242967,108.0,2.612,-0.005494145602868501,2306.0
CG-400549,0.073829189094365,102.0,0.08200000000000003,-0.005495644211618041,2307.0
L-694247,0.140716086357136,103.0,-1.6960000000000002,-0.005511738396145642,2308.0
CP-640186,0.030855482547492,93.5,-1.8359999999999999,-0.005559838496586404,2309.0
ACPC,0.184626809225379,109.0,-0.798,-0.0055838206516310995,2310.0
WB-4101,0.137964105020502,108.0,0.32,-0.005608070442971884,2311.0
IC261,-0.026873202778505,96.5,1.17,-0.005742603037585188,2312.0
imeglimin,0.02455484199301,99.0,0.476,-0.00574675137717684,2313.0
BW-373U86,0.10014394708209,105.0,0.356,-0.00577081651710772,2314.0
AR-42,0.060156753053862,103.5,1.0619999999999998,-0.005808978484236671,2315.0
LY255283,0.073585253760852,100.5,-0.5399999999999999,-0.0058313905562776824,2316.0
anacetrapib,0.116354445017476,105.5,0.009999999999999964,-0.005880934639137747,2317.0
BAX-channel-blocker,0.121313943598953,104.5,-0.5399999999999998,-0.0058909665156054265,2318.0
pamabrom,0.053640489365236,101.0,0.27999999999999997,-0.0059672153590356975,2319.0
ON123300,0.152879693019333,103.5,-1.9720000000000002,-0.006050702779405522,2320.0
cycloserine-(D),0.063077742024854,92.5,-3.338,-0.006062829336970814,2321.0
cloxacillin,0.004807220224734,99.5,1.262,-0.006077022578507026,2322.0
cortodoxone,0.034081164622897,98.0,-0.27399999999999997,-0.006124663332309617,2323.0
robalzotan,0.009040019376435,100.5,1.506,-0.006127683541812627,2324.0
BQU57,0.047230781793825,98.0,-0.7,-0.00612888222071728,2325.0
JZL-184,0.009103554489186,103.0,2.472,-0.006143680450796459,2326.0
furazolidone,0.022508995962485,102.5,1.844,-0.006145493981354777,2327.0
ibutilide,0.189424952397509,107.0,-1.81,-0.006150596555843195,2328.0
gastrodin,0.189637275683529,105.5,-2.402,-0.006171253548703071,2329.0
5-BDBD,0.02520963655435,95.5,-0.9640000000000001,-0.006171639121448654,2330.0
SKF-77434,-0.010079763582375,95.0,-0.01799999999999997,-0.006182725430623148,2331.0
AR-C155858,0.065658468900211,106.0,1.7899999999999998,-0.006261919158552491,2332.0
toltrazuril,0.18416683376323,107.0,-1.6560000000000001,-0.006263962854160606,2333.0
zanamivir,0.11294632548957,108.0,1.034,-0.006279251317811781,2334.0
desoxycorticosterone-pivalate,0.123147944352085,106.0,-0.08600000000000003,-0.0063757424016887,2335.0
caricotamide,0.108582750366104,106.5,0.572,-0.006426858178452344,2336.0
necrostatin-2,0.131096414107762,95.0,-4.62,-0.006427961200056731,2337.0
DMP-777,0.170538129748412,109.0,-0.466,-0.006455167879155788,2338.0
5-fluorouracil,0.037750199535099,102.0,1.1119999999999999,-0.006461350009221767,2339.0
amphotericin-b,0.132289474388081,107.0,-0.006000000000000005,-0.006462998873678627,2340.0
BMS-863233,0.106119286829993,104.0,-0.324,-0.006464640151808106,2341.0
lucitanib,0.036153954098542,103.5,1.7440000000000002,-0.006474278317880426,2342.0
cephapirin,-0.142308804982519,93.5,3.632,-0.0065031555282905424,2343.0
PD-123319,0.091885800790003,99.0,-1.814,-0.0065336901934712754,2344.0
acedoben,0.03040474690003,102.5,1.53,-0.006557768807476124,2345.0
ergosterol,0.06654026190891,104.0,0.942,-0.006566101963500455,2346.0
GS-9973,0.194347522447437,103.5,-3.3900000000000006,-0.006589098886331264,2347.0
tiabendazole,0.157208130309562,111.0,0.722,-0.006592427044415465,2348.0
gliclazide,0.063538933026666,106.0,1.8059999999999998,-0.006631975253468221,2349.0
terciprazine,0.106582859770602,104.0,-0.372,-0.006696964325912935,2350.0
CP-316819,0.109020538737753,109.0,1.478,-0.006779994006953949,2351.0
quinelorane,0.130451355071946,106.5,-0.19,-0.006810742461348755,2352.0
PT-2385,0.022348307846048,99.0,0.39199999999999996,-0.006840567567060307,2353.0
GDC-0810,0.079189297346508,103.0,0.10200000000000001,-0.006866422908593998,2354.0
daucosterol,0.078495348718514,102.0,-0.264,-0.006868666025273325,2355.0
ID-8,0.113618390547443,107.0,0.538,-0.006885540441907478,2356.0
iniparib,0.066237130222993,106.0,1.6759999999999997,-0.006932639446582585,2357.0
CaCCinh-A01,0.099242349435048,106.0,0.608,-0.006934431963715644,2358.0
isovaleramide,0.08170172064467,103.5,0.2,-0.006970513276252051,2359.0
5-methylhydantoin-(D),0.120551537428599,102.25,-1.545,-0.006991725161912414,2360.0
bekanamycin,0.098942695252886,103.0,-0.558,-0.007013982358989719,2361.0
phenylbenzimidazole-sulfonic-acid,0.086959644483807,104.0,0.2120000000000001,-0.00705475831114033,2362.0
pyritinol,0.015169691077561,100.5,1.176,-0.007054784087336137,2363.0
fosinoprilat,0.077525570933541,100.5,-0.8420000000000002,-0.007059973462324343,2364.0
bifendate,0.07136343744469,107.5,2.072,-0.007075939015408446,2365.0
chrysin,0.175384357826573,104.0,-2.6559999999999997,-0.0071067763284859975,2366.0
artemether,0.027492104008701,105.0,2.516,-0.007110749369945972,2367.0
diphenyleneiodonium,0.14347666626169,108.5,0.11600000000000002,-0.007154853318112719,2368.0
sodium-danshensu,0.113951114057812,106.0,0.09000000000000004,-0.0072312138351139366,2369.0
nitenpyram,0.059089847357433,101.0,-0.086,-0.00730266680234722,2370.0
methylprednisolone-aceponate,0.078581739639613,107.5,1.8059999999999998,-0.007304596191969437,2371.0
MK-0773,0.023904279278778,100.0,0.658,-0.007345961365441227,2372.0
INCA-6,0.007610384768658,102.0,1.9600000000000002,-0.007355696083535775,2373.0
AH6809,0.097114395769485,100.5,-1.518,-0.007357643228848243,2374.0
taranabant,0.09998625703747,101.0,-1.432,-0.00746435152786525,2375.0
oxyphencyclimine,0.024299925389843,101.0,1.014,-0.007482046275157139,2376.0
ioxaglic-acid,0.056446111514088,104.0,1.1380000000000001,-0.007485133023243273,2377.0
xibenolol,0.095545562799496,97.5,-2.65,-0.007486884968445258,2378.0
NVP-BEZ235,0.07117685802514,98.0,-1.668,-0.007489790542307806,2379.0
pregnenolone-succinate,-0.043056685224323,104.5,4.546,-0.0075207598303992,2380.0
HJC-0350,0.066413516421613,102.5,0.22600000000000003,-0.007536871216797432,2381.0
arbutin,0.103773235129087,104.5,-0.20999999999999996,-0.007562532753438285,2382.0
ABT-202,0.022636049645714,102.5,1.6280000000000001,-0.007637086812746145,2383.0
L-165041,0.063503593525876,106.0,1.6640000000000001,-0.007639629004431899,2384.0
chlorazanil,0.133348111627815,105.5,-0.7900000000000001,-0.007642502121247137,2385.0
puerarin,0.06484448325133,98.5,-1.294,-0.007665235338408498,2386.0
xenalipin,0.033517429361037,101.5,0.8819999999999999,-0.007678249981889225,2387.0
dihydrotachysterol,0.121215029615205,105.5,-0.40599999999999997,-0.007702442936140678,2388.0
LRRK2-IN-1,0.052242570242952,100.0,-0.31199999999999994,-0.0077206975022365105,2389.0
olprinone,0.099943417349163,104.5,-0.10999999999999996,-0.007730759949425329,2390.0
nitrofurantoin,0.167519644171929,111.5,0.42000000000000004,-0.007736200026299859,2391.0
luliconazole,0.025700898395828,103.5,1.8960000000000001,-0.007784780875493132,2392.0
EX-527,0.08987184601469,103.5,-0.18200000000000002,-0.007798988520809846,2393.0
JNJ-10191584,0.119212171876119,108.0,0.6140000000000001,-0.007808893392775462,2394.0
orbifloxacin,0.149110274712499,96.5,-4.818,-0.007817792365758932,2395.0
CINPA-1,0.035772741316035,101.0,0.592,-0.00783996981262521,2396.0
dibekacin,0.021784002117676,103.0,1.8199999999999998,-0.007845666499264659,2397.0
D-phenylalanine,0.054370498896691,104.0,1.1380000000000001,-0.007957817992475968,2398.0
nesbuvir,0.110728732100208,104.0,-0.6859999999999999,-0.007963209319474732,2399.0
Olopatadine hydrochloride (Opatanol),0.105127123310561,111.0,2.212,-0.007964156679610035,2400.0
IOX1,0.022034358331949,102.0,1.4060000000000001,-0.007970755392085915,2401.0
octreotide,0.05885336204012,102.5,0.4079999999999999,-0.007977381079460036,2402.0
SB-590885,-0.057075616901366,96.0,1.6320000000000001,-0.008002323089134547,2403.0
fenbendazole,0.125679814333912,106.5,-0.20600000000000002,-0.00801001019344331,2404.0
acadesine,0.002606129089982,98.5,0.6559999999999999,-0.008111965976255039,2405.0
chlorquinaldol,0.054921434160513,99.0,-0.8460000000000001,-0.008137472944167964,2406.0
orotic-acid,0.103732638425272,104.5,-0.29400000000000004,-0.008163094053130463,2407.0
metocurine,0.103271602372806,104.0,-0.484,-0.008239467546562462,2408.0
tetrazol-5-yl-glycine-(RS),0.030006416136942,98.0,-0.458,-0.008347880850065659,2409.0
ambenonium,0.130739419164348,106.5,-0.426,-0.00840645749726924,2410.0
perifosine,0.11603557532502,104.0,-0.924,-0.008430062936856775,2411.0
polydatin,0.010359664877938,103.5,2.3,-0.008434533307221178,2412.0
apramycin,0.065514623749699,98.0,-1.6199999999999999,-0.008441371810148071,2413.0
EMD-66684,0.065042101111852,106.5,1.69,-0.008472354247487676,2414.0
FLUDROCORTISONE ACETATE,0.03689680253365,99.5,-0.11800000000000002,-0.008483652550996182,2415.0
nifurtimox,0.040696152895957,101.5,0.534,-0.00849315766144713,2416.0
sulfamethoxypyridazine,0.079298722558933,110.5,2.776,-0.008509743944023707,2417.0
PIT,0.141483580803138,108.0,-0.21000000000000005,-0.008537493560813902,2418.0
chloroxylenol,0.029321428855881,99.0,-0.08,-0.008575192871317694,2419.0
donepezil,0.152733244327985,100.5,-3.492,-0.008587338262722252,2420.0
ifenprodil,0.063184720215723,100.5,-0.6120000000000001,-0.008706775033689662,2421.0
goserelin-acetate,0.082718024754076,109.0,2.052,-0.00872927782618671,2422.0
cephalosporin-c-zn,0.004888719707451,97.0,-0.08999999999999986,-0.008745234814487154,2423.0
ZALEPLON,0.058762543186122,98.5,-1.252,-0.008754634224265997,2424.0
SM-164,0.154744110980148,98.0,-4.5600000000000005,-0.008816958828969748,2425.0
pikamilone,0.067204158629287,100.5,-0.76,-0.00883325992403424,2426.0
SQ-22536,0.029001078844172,103.0,1.444,-0.008848945267932376,2427.0
BRD4770,0.033406611214263,94.5,-2.0,-0.008865577678761838,2428.0
PSNCBAM-1,0.00796694223356,92.5,-1.9560000000000002,-0.0088848055746276,2429.0
N-acetyl-D-glucosamine,0.058844710894082,101.0,-0.306,-0.008907177428887839,2430.0
trametinib,0.262987318645454,89.0,-11.574000000000002,-0.008951165955165577,2431.0
piperine,0.034618118559294,97.5,-0.8879999999999999,-0.008958500234155379,2432.0
nitecapone,0.10306589852067,102.5,-1.168,-0.009002954928963006,2433.0
PACOCF3,0.15761356752065,97.0,-5.07,-0.009021382631414018,2434.0
chiniofon,0.046436529280065,101.5,0.27199999999999996,-0.009030229037600165,2435.0
SKF-91488,0.073498584640903,100.5,-0.992,-0.00903297173321893,2436.0
AZ20,0.12482812243556,105.5,-0.718,-0.009075940317693617,2437.0
PF-04217903,-0.03317113065101,99.0,1.8699999999999999,-0.009079814391561913,2438.0
IBC-293,0.049641424215345,101.5,0.16,-0.009088790968213467,2439.0
cinchophen,0.092163371217311,104.5,-0.05599999999999996,-0.009122399470910389,2440.0
hypoxanthine,0.061740895243578,108.0,2.286,-0.009126979069862817,2441.0
fenaclon,0.066252553338451,102.5,0.004000000000000092,-0.009136291762771679,2442.0
todralazine,0.089673562360036,106.5,0.798,-0.009142177672819182,2443.0
IOWH032,0.049260567641694,100.5,-0.22400000000000003,-0.00914644336336908,2444.0
HA-130,0.057327996632047,103.5,0.674,-0.00918449619018158,2445.0
vanillin,0.088231965054737,104.0,-0.13399999999999998,-0.00920066842534147,2446.0
imiloxan,-0.00923664370544,99.0,1.074,-0.009232571862123154,2447.0
JNJ-42165279,0.091520294291443,106.5,0.724,-0.009242537658422681,2448.0
nifursol,0.097410577240671,111.0,2.2800000000000002,-0.009242782473912378,2449.0
etifenin,0.114832064903497,109.0,0.9399999999999998,-0.009243758007094094,2450.0
zometapine,0.135856823198493,104.5,-1.488,-0.009252501116876699,2451.0
methscopolamine,-0.027276545172042,96.0,0.49000000000000005,-0.009255181716120756,2452.0
valsartan,0.007125775185907,98.5,0.34199999999999997,-0.009293090442146323,2453.0
SDZ-21009,0.101390683386747,100.5,-1.938,-0.009340372993569046,2454.0
amisulpride,0.113702494877209,105.0,-0.59,-0.00934243675230458,2455.0
enrofloxacin,0.059901046897889,111.5,3.6719999999999997,-0.009352098661780031,2456.0
indomethacin,0.075475425857283,103.5,0.05800000000000001,-0.009388050299575124,2457.0
colchicine,-0.054192528529178,96.0,1.334,-0.009443513707710202,2458.0
amineptine,0.11793488620127,105.0,-0.742,-0.0094485832002843,2459.0
tioguanine,0.121205820706801,113.5,2.448,-0.009471795134670632,2460.0
caroxazone,0.097371744414057,100.0,-2.022,-0.009480812899895663,2461.0
camphor-(+),0.10064895121925,106.75,0.488,-0.009508020285859065,2462.0
L-161982,0.087220445979643,103.5,-0.33999999999999997,-0.00951503656955562,2463.0
rheochrysidin,0.119433069559065,109.0,0.75,-0.009533459268203592,2464.0
disopyramide,0.156563938765391,104.0,-2.3939999999999997,-0.009548459040910765,2465.0
AMPA-(RS),0.037431165302885,104.5,1.653,-0.009556248377598164,2466.0
candesartan,0.174926693761931,105.0,-2.602,-0.009563110082631146,2467.0
EC-144,0.181347129124599,109.5,-1.068,-0.009597490333667266,2468.0
voreloxin,0.067966071203855,104.0,0.45400000000000007,-0.009676663457758491,2469.0
GANT-58,0.043789665227239,93.0,-3.036,-0.009695554154769562,2470.0
API-001,0.053946256457333,99.5,-0.8460000000000001,-0.009725673062801995,2471.0
MRK-560,0.063608284674713,103.5,0.39200000000000007,-0.009739401547374219,2472.0
AMI-1,0.02456988329532,101.5,0.8779999999999999,-0.009744057162476913,2473.0
imiquimod,0.080331963431463,106.5,1.004,-0.009819433343766967,2474.0
AM-630,0.115509160665936,102.0,-1.8820000000000001,-0.009829283259329932,2475.0
amitraz,0.147067513948526,106.5,-1.16,-0.009854991973965888,2476.0
minoxidil,0.079525128054109,104.5,0.24400000000000005,-0.00988869812449907,2477.0
UNC0224,0.123951607743869,116.5,3.464,-0.009891101785936182,2478.0
BRL-50481,0.044525263765107,97.0,-1.536,-0.009897779941702786,2479.0
cefodizime,0.128663996270936,101.0,-2.708,-0.009915864257916795,2480.0
naringenin,0.021769699439812,98.5,-0.22399999999999998,-0.009942533503735418,2481.0
anethole-trithione,0.060476744189994,104.5,0.852,-0.009946636711729425,2482.0
rimonabant,0.170342440310164,109.5,-0.772,-0.010019933072742146,2483.0
moprolol,0.094694663785212,100.5,-1.8199999999999998,-0.01003461761935561,2484.0
duvelisib,0.065253157115521,99.0,-1.45,-0.010036445606769528,2485.0
TEPP-46,0.042688091662828,107.0,2.384,-0.010043817202649427,2486.0
usniacin-(+),0.117291445872038,107.5,0.158,-0.01009018707851946,2487.0
verbascoside,0.098571800703765,104.0,-0.596,-0.010098187772558035,2488.0
iothalamic-acid-d3,0.143374788071459,104.0,-2.048,-0.010116401421548718,2489.0
cryptotanshinone,0.031817969408619,100.0,0.008000000000000007,-0.010119415252739516,2490.0
"4,4'-DDT",0.084795708776491,106.5,0.8160000000000001,-0.01012631409034633,2491.0
"5-amino-3-D-ribofuranosylthiazolo[4,5-d]pyrimidin-2,7(3H,6H)-dione",0.012984471447729,100.0,0.6060000000000001,-0.010198812056190665,2492.0
etofylline,0.095590824735857,104.0,-0.514,-0.01019981648141055,2493.0
ABACAVIR SULFATE,0.044586017582248,101.5,0.16399999999999998,-0.010211914713429526,2494.0
adatanserin,0.158813008474657,109.0,-0.6220000000000001,-0.010223520463277236,2495.0
phenolsulfonphthalein,0.100315003652624,105.0,-0.288,-0.01026528477254344,2496.0
icatibant-acetate,0.105434976630587,102.0,-1.6199999999999999,-0.01027916181743597,2497.0
coenzyme-A,0.023367543862842,102.5,1.216,-0.010370766307442084,2498.0
oncrasin-1,0.108208819710378,110.0,1.382,-0.010372879279782773,2499.0
darunavir,0.156176521043474,107.0,-1.3359999999999999,-0.010385640977813323,2500.0
Ro-19-4605,-0.00637304395574,101.5,1.786,-0.01039892960809674,2501.0
ZM-336372,-0.059836361558918,97.5,1.9620000000000002,-0.01040636817926662,2502.0
SNX-5422,0.126678275610268,107.5,-0.192,-0.010416315614949675,2503.0
felbamate,-0.012458128227305,99.0,1.006,-0.010444893853739479,2504.0
N-MPPP,0.075148747294106,102.0,-0.6679999999999999,-0.01047474563594423,2505.0
1-acetyl-4-methylpiperazine,-0.042079528875037,102.5,3.318,-0.010478226687444395,2506.0
lupanine,-0.065042208924122,102.0,3.8660000000000005,-0.010483827133848619,2507.0
DC-260126,0.122291119150429,102.0,-2.2,-0.010523363013237677,2508.0
piromidic-acid,0.034212144016303,99.5,-0.32199999999999995,-0.010531090605279089,2509.0
estramustine-phosphate,0.072880178214653,100.5,-1.186,-0.010539461742772649,2510.0
trimethoquinol,0.032288432163613,99.5,-0.26400000000000007,-0.010560893107068944,2511.0
MK-5108,0.174819812953625,105.5,-2.56,-0.010657912511258657,2512.0
tetrindole,-6.12073407034452e-06,107.5,3.8660000000000005,-0.01070030232739442,2513.0
deoxycholic-acid,0.092053019813666,103.5,-0.6679999999999999,-0.010723449824556641,2514.0
PCO-400,-0.007588332323328,108.0,4.3,-0.01073800725513907,2515.0
deracoxib,0.111618837287233,112.0,1.984,-0.010823022085578171,2516.0
dipraglurant,0.038549116245632,103.0,0.8539999999999999,-0.010827836113306621,2517.0
CGS-15943,0.12525599230844,108.5,0.17799999999999994,-0.010867849905666693,2518.0
rufloxacin,0.080535270226736,103.0,-0.5120000000000001,-0.010882139920162293,2519.0
RWJ-67657,0.029220369690703,101.0,0.366,-0.010923081311647764,2520.0
CGP-12177,0.072289797257286,103.0,-0.254,-0.010943718987886967,2521.0
zotepine,0.061036243947256,106.5,1.468,-0.01094738309597106,2522.0
tinidazole,0.141808654009558,108.5,-0.3700000000000001,-0.010955900346425277,2523.0
trapidil,0.048618254581603,106.0,1.6740000000000002,-0.010959113402557988,2524.0
ursodeoxycholyltaurine,0.084210050707429,102.0,-1.032,-0.010973559860981993,2525.0
2-BFI,0.028134659479141,106.5,2.524,-0.011006463282278464,2526.0
S-methylcysteine,0.000716918117431,102.5,1.8579999999999999,-0.011009711113125173,2527.0
althiazide,-0.0023200390323,98.0,0.20800000000000002,-0.01102138144133972,2528.0
GR-159897,-0.006037109894898,101.5,1.682,-0.011054532069089166,2529.0
MK-2048,0.018812402996543,97.5,-0.6759999999999999,-0.011065610097997558,2530.0
parecoxib,0.086689951010833,105.5,0.21799999999999997,-0.011172300138792187,2531.0
"trans-10,cis-12-conjugated-linoleic-acid",0.077758604445422,104.0,-0.08200000000000011,-0.011219742814092179,2532.0
viloxazine,0.003302984419896,111.5,5.232,-0.011259746345729571,2533.0
parethoxycaine,0.156853903777944,108.0,-1.1,-0.01130230251821777,2534.0
bilastine,0.143942304075717,107.0,-1.0719999999999998,-0.01131335082086445,2535.0
timolol,-0.002002012654753,98.5,0.344,-0.011357707713466114,2536.0
MPI-0479605,-0.058727865176126,90.5,-0.9259999999999999,-0.011358254889577682,2537.0
MK-8745,0.201573460488726,107.0,-2.944,-0.011366750759546221,2538.0
CC-115,-0.046501493893113,96.5,1.0059999999999998,-0.01136708204215934,2539.0
cot-inhibitor-1,0.159744839727765,103.5,-2.952,-0.011385971881960036,2540.0
tozasertib,0.291575178239787,119.0,-1.204,-0.011408606662750084,2541.0
AD-5467,0.017683615772679,101.5,0.8620000000000001,-0.011424917440665724,2542.0
PP242,-0.061365177524005,95.5,1.0779999999999998,-0.011512946780928882,2543.0
ginsenoside-RD,0.052110525181623,102.0,-0.08000000000000003,-0.011582090607195802,2544.0
suplatast,0.040715761257501,102.5,0.48,-0.011601064411525494,2545.0
DMH1,0.083488386478169,105.0,0.06599999999999999,-0.011605281578601781,2546.0
meropenem,0.036551549552975,104.5,1.3900000000000001,-0.01160794824460154,2547.0
CHPG,0.068631948461238,104.5,0.34199999999999997,-0.011679563084961542,2548.0
sapropterin,-0.033547893425725,95.5,0.14000000000000004,-0.011781069967593169,2549.0
ISX-9,0.017836665095922,104.0,1.7759999999999998,-0.011786581856571146,2550.0
apabetalone,0.087188721401544,105.5,0.11399999999999996,-0.01179081943458852,2551.0
sulfameter,0.130854234472179,111.0,0.8360000000000001,-0.011791571793522637,2552.0
irinotecan,-0.017313603318227,98.0,0.574,-0.011859458343582338,2553.0
MBX-2982,0.043806654635758,97.0,-1.7920000000000003,-0.011863536986517986,2554.0
mubritinib,-0.091664176024525,96.0,2.2,-0.011880847618694049,2555.0
AMG-837,0.080253916754196,108.5,1.478,-0.011964975720043772,2556.0
loreclezole,0.091277637103507,102.5,-1.212,-0.01199726512398606,2557.0
oxymatrine,-0.004071203877503,100.0,0.9,-0.012013341548180456,2558.0
PNU-22394,0.019301836677548,103.0,1.3,-0.012071465103209333,2559.0
RS-127445,0.153093328719511,108.0,-1.0879999999999999,-0.012074234889073701,2560.0
tesaglitazar,0.193552321200135,110.5,-1.4280000000000002,-0.012084420675660698,2561.0
catharanthine,0.11853545526116,110.5,0.9960000000000001,-0.01210452465867288,2562.0
3-methyl-GABA,0.022526374228147,101.5,0.6060000000000001,-0.012124168951795319,2563.0
aptiganel,0.091579117324749,104.5,-0.4660000000000001,-0.012141638946115751,2564.0
AS-252424,0.145596580082302,108.0,-0.858,-0.012162410272545091,2565.0
EPPTB,0.079265011321594,102.5,-0.852,-0.012198721567552676,2566.0
dienestrol,-0.041867086538669,96.0,0.538,-0.012240030910415367,2567.0
BAG-956,0.113525743856584,109.0,0.554,-0.012258488363682263,2568.0
moxonidine,0.075258794690235,102.0,-0.9279999999999999,-0.01227994836098841,2569.0
HA-14-1,0.092359877490026,107.5,0.649,-0.012311538309128974,2570.0
fluorometholone-acetate,0.075820278664742,105.0,0.21200000000000002,-0.01232379715919866,2571.0
halobetasol-propionate,0.098859268523887,105.5,-0.34199999999999997,-0.012343055334234928,2572.0
vilazodone,0.047095548157628,102.5,0.16799999999999998,-0.01234449494196562,2573.0
gimeracil,0.103361545700757,107.0,0.09000000000000004,-0.01237504579522212,2574.0
desvenlafaxine,0.02293083191135,106.5,2.492,-0.012416808521116632,2575.0
napirimus,0.122342077582058,107.0,-0.532,-0.012431112010077627,2576.0
azilsartan,0.08508128864803,109.0,1.446,-0.012457008538565647,2577.0
CARBENOXOLONE SODIUM,0.074587329609847,106.0,0.61,-0.012535108474300468,2578.0
DEXAMETHASONE SODIUM PHOSPHATE,0.043940098564927,99.0,-1.116,-0.012538941592780165,2579.0
I-CBP-112,-0.081385933487091,98.5,2.744,-0.012541280573955501,2580.0
desonide,0.006603711746376,107.0,3.196,-0.012545356631963692,2581.0
sulbutiamine,0.024894051479037,100.0,-0.11400000000000006,-0.012555034364893544,2582.0
dorzolamide,0.09226089136401,100.0,-2.2939999999999996,-0.012559459369538542,2583.0
altinicline,0.058481810293987,98.5,-1.784,-0.012563568268852668,2584.0
sulfamethizole,0.058509376825665,107.5,1.7079999999999997,-0.012565599358131138,2585.0
SB-225002,0.072642375667635,103.0,-0.512,-0.012679610503331292,2586.0
MK-8033,0.034192515878897,105.5,1.7,-0.01269517991697855,2587.0
BP-897,-0.005284472548805,94.5,-1.294,-0.012706933546678992,2588.0
AT-1015,0.014880796527123,100.0,0.188,-0.01270945827970782,2589.0
garenoxacin,0.045117920942873,102.0,-0.014000000000000058,-0.01270993009225263,2590.0
5-fluoro-3-pyridyl-methanol,0.134959013542538,101.5,-3.124,-0.012776825476030726,2591.0
brexpiprazole,0.014176216345825,98.5,-0.382,-0.012784055718074802,2592.0
10-deacetylbaccatin,0.180097509295734,109.0,-1.682,-0.012838188592100655,2593.0
VP-20629,0.082061427621558,104.0,-0.458,-0.0128866925578938,2594.0
MKT-077,0.135968678757252,106.5,-1.232,-0.012889402605563186,2595.0
BRD9876,0.102811003374731,105.0,-0.742,-0.012892786626599317,2596.0
PP-1,0.110640116285614,106.0,-0.6079999999999999,-0.012898791680582463,2597.0
micafungin,0.054495685809366,94.5,-3.258,-0.012918567282503882,2598.0
terfenadine,0.13329185427354,96.0,-5.232,-0.012968388173057122,2599.0
Tapentadol (hydrochloride),0.07307440616126,108.0,1.372,-0.012980049795489168,2600.0
K-Ras(G12C)-inhibitor-6,0.114206170152616,110.0,0.8140000000000001,-0.013005509328101628,2601.0
etacrynic-acid,-0.016354468000751,98.5,0.5740000000000001,-0.013007152038719235,2602.0
ropivacaine,0.019247983923026,103.5,1.34,-0.013168270262101397,2603.0
trospium,0.058273134984982,102.0,-0.506,-0.013177479897482044,2604.0
S-isopropylisothiourea,0.021095948106997,105.0,1.8519999999999999,-0.01324157652910718,2605.0
fusidic-acid,0.062997905878287,98.0,-2.2239999999999998,-0.013266355234979876,2606.0
sulfapyridine,0.079759047409078,102.0,-1.218,-0.013296541876632947,2607.0
bitopertin,0.119146640437095,108.5,0.02999999999999998,-0.013300992061465141,2608.0
Neohesperidin dihydrochalcone (Nhdc),0.054913719659022,99.5,-1.386,-0.013306667797553592,2609.0
BMY-14802,0.090621199819085,108.0,0.754,-0.013334467249157544,2610.0
liothyronine-(isomer),0.127254288832424,106.0,-1.21,-0.013352965866315366,2611.0
pindolol,0.093767416290658,104.5,-0.71,-0.013360924087816825,2612.0
acriflavinium,0.093183700007116,98.5,-3.024,-0.013389763457925011,2613.0
T-0901317,0.02752064498834,103.5,1.04,-0.013396157624885515,2614.0
LY2811376,0.150901308108552,106.0,-1.988,-0.013444478546760638,2615.0
combretastatin-A-4,0.000764625615176,98.5,-0.048,-0.013487128708648136,2616.0
CZC24832,0.026272584327137,103.5,1.062,-0.013525513408828497,2617.0
tenilsetam,0.094963172213053,105.5,-0.384,-0.013525982111596316,2618.0
F351,-0.05432083066846,94.5,0.17200000000000007,-0.013554244377227076,2619.0
VU591,-0.00438839992604,94.5,-1.4460000000000002,-0.013572869027281867,2620.0
epinephrine,0.03775837150398,104.0,0.874,-0.013599365477222033,2621.0
bretazenil,0.107652932214412,101.0,-2.552,-0.013602613182594333,2622.0
chlorcyclizine,0.133846696551507,102.5,-2.818,-0.013608296839300463,2623.0
zoxazolamine,0.0110328855255,97.0,-0.99,-0.013681536686748616,2624.0
pentoxifylline,0.032268119399713,104.5,1.234,-0.013681584045424225,2625.0
ATPA,0.10134959579818,106.0,-0.41999999999999993,-0.013691125710671067,2626.0
pafuramidine,0.067154148143006,106.0,0.68,-0.0137351239135279,2627.0
KU-0063794,0.120237751506453,110.0,0.514,-0.013743763936482837,2628.0
brimonidine,0.034571978091838,106.5,1.924,-0.013764161445693701,2629.0
tranexamic-acid,0.076226962018464,108.5,1.3519999999999999,-0.013769019347056618,2630.0
valrocemide,0.061996940147148,108.5,1.812,-0.01377150176091635,2631.0
lornoxicam,0.00914784802054,97.0,-0.942,-0.013772926546868606,2632.0
ZM-323881,0.056138904195868,99.0,-1.686,-0.013773376151937078,2633.0
nocodazole,0.025044478731814,104.0,1.26,-0.013777496968823133,2634.0
ribociclib,0.244177831212795,113.0,-2.336,-0.013777780624121569,2635.0
LTA,0.095079867400901,109.5,1.126,-0.013798757686503368,2636.0
AZ-628,-0.058534083010789,93.5,-0.11600000000000002,-0.013808868970394794,2637.0
hesperetin,0.038686819442313,107.0,1.9780000000000002,-0.013813065748821352,2638.0
AZ-12080282,0.058681869148614,97.0,-2.556,-0.013854124204456197,2639.0
voriconazole,0.019864371081419,101.0,0.246,-0.013898485890361356,2640.0
diclofensine,0.024874953360605,106.0,2.024,-0.013902423596767447,2641.0
quinestrol,-0.031845826335655,102.0,2.3,-0.013947745229398753,2642.0
proquazone,0.069781901654253,103.0,-0.6,-0.013950508126866601,2643.0
NTRC-824,0.060383528347956,104.5,0.286,-0.013952209214063963,2644.0
3-AQC,0.110401213634736,106.0,-0.7499999999999999,-0.013952803427508301,2645.0
tolonidine,-0.021712518926406,98.5,0.608,-0.013988013479266334,2646.0
melatonin,0.044424564616878,105.0,0.9879999999999999,-0.014010995002579038,2647.0
piracetam,-0.028189435947343,96.5,0.013999999999999967,-0.014179988298640311,2648.0
cinalukast,0.067956860819359,105.0,0.202,-0.014184949703184513,2649.0
ONO-4059,-0.059099063151304,90.0,-1.51,-0.014187723401961136,2650.0
AGP-103,0.056375287461748,108.0,1.738,-0.014206537294561413,2651.0
indirubin-3-monoxime,0.007182427187917,105.5,2.3560000000000003,-0.014228364524200546,2652.0
cefpodoxime,0.105314111479112,104.5,-1.214,-0.014279260043638406,2653.0
"3,3'-diindolylmethane",0.083769144026227,113.0,2.78,-0.01429412575309034,2654.0
thiopental,0.131877665115148,110.5,0.23600000000000004,-0.014416069333735479,2655.0
Favipiravir,0.092357472882578,107.5,0.35,-0.01441688965636608,2656.0
gatifloxacin,0.068157013672995,104.5,-0.03799999999999999,-0.014462722698240116,2657.0
capsaicin,0.06969405109917,107.0,0.8780000000000001,-0.014495128742760302,2658.0
Deflazacort (Calcort),0.021637702649865,97.5,-1.256,-0.014505093724191842,2659.0
retaspimycin,-0.034890226581382,108.5,4.8420000000000005,-0.014506266187555314,2660.0
ADENOSINE TRIPHOSPHATE DISODIUM,-0.007200593726891,99.5,0.4459999999999999,-0.01455580862042738,2661.0
zebularine,0.075385039212051,104.5,-0.28600000000000003,-0.014562454957897172,2662.0
TC-N-1752,0.184004997232976,110.0,-1.666,-0.014567934417608397,2663.0
pivampicillin,0.046073902116309,106.0,1.23,-0.014664073747177006,2664.0
eprosartan,0.090644570952519,106.0,-0.21399999999999997,-0.014678878115098012,2665.0
PRE-084,-0.0022861970658,105.5,2.596,-0.014695205790526486,2666.0
olmesartan,0.019065797130249,101.5,0.344,-0.014756598766753615,2667.0
2-(1-adamantylamino)benzoic-acid,0.012157007566741,101.0,0.368,-0.014794888737096815,2668.0
sulfachlorpyridazine,0.104210423972181,108.5,0.29999999999999993,-0.01480179881608675,2669.0
17-alpha-Methyltestosterone,0.082749376206991,108.5,0.99,-0.014831942842348603,2670.0
aminopentamide,0.088475295518518,104.0,-0.942,-0.01483315184014559,2671.0
VU0360172,0.01783085503391,99.0,-0.5980000000000001,-0.014838422134135812,2672.0
prasugrel,0.078263746734213,108.5,1.1300000000000001,-0.014867940743043947,2673.0
pilaralisib,0.04238798995182,103.0,0.154,-0.014881233019847118,2674.0
medrysone,0.062886273894211,106.5,0.8480000000000001,-0.014890546669926952,2675.0
carbaril,0.025002221352488,101.0,-0.06399999999999999,-0.014910667109847156,2676.0
methyldopate,0.0423122134699,108.5,2.2800000000000002,-0.014959883281393157,2677.0
tazobactam,0.06680861192262,107.5,1.096,-0.01498375188904181,2678.0
HA-966-(S)-(-),0.028058390495279,99.25,-0.8550000000000001,-0.015001483156413994,2679.0
MF-101,0.02501757432321,110.5,3.6079999999999997,-0.015014493915472493,2680.0
diazepam,0.088317265122634,108.0,0.5860000000000001,-0.015041780834717485,2681.0
etretinate,-0.112483270087454,92.5,1.064,-0.015056041945608426,2682.0
TCS-2210,-0.025105724211017,100.0,1.144,-0.015085958225071527,2683.0
SSR128129E,0.088217720409681,105.0,-0.5860000000000001,-0.015117996614608664,2684.0
cinnamaldehyde,-0.029138504942136,103.5,2.6279999999999997,-0.01512061155548002,2685.0
chloramphenicol-sodium-succinate,0.048962814525354,108.5,2.038,-0.01514887714226587,2686.0
diosgenin,0.114053534624141,106.5,-0.85,-0.015191118282316266,2687.0
GR125487,0.036079243207932,106.0,1.478,-0.015194394512874779,2688.0
SN-6,0.048970711522485,108.5,2.024,-0.015245631420841491,2689.0
SB-525334,-0.031878785341681,100.0,1.34,-0.015248668493791065,2690.0
A-784168,0.134721124886308,108.0,-0.95,-0.015286739511312911,2691.0
tolcapone,0.192328359156921,109.5,-2.2339999999999995,-0.015304735256156646,2692.0
palbociclib,0.092451448056581,108.5,0.5980000000000001,-0.015381938476198695,2693.0
CGP-78608,0.038881220323738,101.0,-0.5800000000000001,-0.015382334840117159,2694.0
alpha-asarone,0.029162097903779,98.5,-1.236,-0.01538299339052962,2695.0
aminomethyltransferase,-0.022607079710846,98.5,0.43600000000000005,-0.01540252437766454,2696.0
UNC3230,0.06583911126559,100.5,-1.65,-0.015409260790395285,2697.0
decitabine,0.01862856756548,104.5,1.424,-0.015450255989047626,2698.0
ICI-162846,0.00958379905969,100.0,-0.03199999999999994,-0.015464443105175288,2699.0
cinepazide,-0.014992791544957,107.5,3.6719999999999997,-0.015478916697560444,2700.0
etofibrate,0.104509873999565,105.0,-1.1660000000000001,-0.015490636560382484,2701.0
SANT-2,-0.024238470430641,100.5,1.246,-0.015536549661625395,2702.0
VU152100,-0.01243775877243,104.5,2.404,-0.015626388076037296,2703.0
itraconazole,0.030185634545244,103.5,0.6360000000000001,-0.01563320108968606,2704.0
3-MATIDA,-0.049050082965312,95.0,-0.10399999999999995,-0.01566293848638804,2705.0
K-MAP,0.033413564350236,99.5,-1.03,-0.015696903340255457,2706.0
azimilide,0.019855336469261,102.5,0.57,-0.015718113349070324,2707.0
mericitabine,0.022248225229895,101.5,0.10199999999999995,-0.015735409192224825,2708.0
5'-chloro-5'-deoxy-ENBA-(+/-),0.093352501586517,104.0,-1.23,-0.015749821778197948,2709.0
isobutyramide,0.0730106876614,111.0,2.142,-0.015770884306478772,2710.0
hydroflumethiazide,0.111728366973355,111.5,1.082,-0.01578156697543213,2711.0
NSC-5844,0.075793630942798,107.5,0.688,-0.01580967557383502,2712.0
ampiroxicam,-0.002733777474231,102.5,1.286,-0.015822128576146028,2713.0
sitaxentan,0.014972518800184,101.0,0.12999999999999998,-0.01582910023996209,2714.0
URB597,0.003026946548148,104.5,1.8719999999999999,-0.015849570176956762,2715.0
metergoline,0.164288586219975,97.5,-6.062,-0.015850544055578435,2716.0
metrizoic-acid,0.080242903379117,108.0,0.714,-0.015979524333005497,2717.0
NSC-9965,0.058981748749416,106.5,0.8140000000000001,-0.016019077149711698,2718.0
indole-3-carbinol,0.062075455397624,94.5,-3.944,-0.01602148699901958,2719.0
PF-04447943,0.10975491715659,107.5,-0.44399999999999995,-0.01604426687641547,2720.0
rapastinel,-0.009688376524013,94.0,-1.8199999999999998,-0.016046491597697072,2721.0
BCI-540,0.055227289220802,103.0,-0.42799999999999994,-0.016054279930144893,2722.0
sucrose-octaacetate,0.047129720196503,103.0,-0.16799999999999998,-0.016068097470930482,2723.0
pravadoline,0.0546611904522,106.5,0.944,-0.016087877711547516,2724.0
pelanserin,0.035827720420265,104.0,0.5820000000000001,-0.016094565355395368,2725.0
CCG-63802,0.047092867934187,106.5,1.182,-0.016136036992606833,2726.0
VER-155008,0.098340232806443,106.0,-0.6699999999999999,-0.016136325567737624,2727.0
RAF265,-0.041026591571087,100.0,1.504,-0.016177449270779798,2728.0
oxidopamine,0.095723471560439,102.0,-2.1439999999999997,-0.0161794757253505,2729.0
losmapimod,0.045513569071172,98.5,-1.8800000000000001,-0.016192651334164514,2730.0
NSC-319726,0.026760051702055,113.5,4.544,-0.01622544522541273,2731.0
ritonavir,0.031827038192408,104.5,0.8859999999999999,-0.016231770813165108,2732.0
AMG-337,0.081588103643632,105.0,-0.534,-0.016261724647751292,2733.0
SD-2590,0.04735426813909,110.5,2.7039999999999997,-0.016291384767375017,2734.0
maraviroc,0.14487905255857,112.0,0.13000000000000006,-0.016299772876809542,2735.0
dolutegravir,0.081554554346492,112.0,2.17,-0.016360301121164784,2736.0
acetylsalicylsalicylic-acid,0.025934219033753,103.0,0.46799999999999997,-0.016417899618190106,2737.0
isoxepac,0.152376682212531,103.0,-3.6420000000000003,-0.016555061835085778,2738.0
triapine,0.051034451820841,106.0,0.796,-0.016589527308512264,2739.0
oleoylethanolamide,0.063640683773669,102.5,-0.974,-0.01661570888795927,2740.0
methyclothiazide,0.015296695486855,103.5,0.97,-0.016672714677599603,2741.0
nimesulide,0.026569942593572,105.0,1.186,-0.016683260652563942,2742.0
NNC-55-0396,0.042164915396709,98.0,-2.04,-0.016715445607840367,2743.0
GSK2830371,0.07463863025741,105.5,-0.18199999999999994,-0.016732571510421772,2744.0
pirodavir,0.028174466809949,104.0,0.7379999999999999,-0.01673930337357717,2745.0
TCS-PIM-1-1,0.048031910261711,110.5,2.618,-0.01674245851876599,2746.0
vitamin-B12,0.093974888747609,108.75,0.44600000000000006,-0.01678806181066217,2747.0
ZAPA,0.101364064063071,107.5,-0.28,-0.01680066463417011,2748.0
phenprobamate,0.043756968749134,101.5,-0.75,-0.016834798617781737,2749.0
nutlin-3,0.101359465271628,117.0,3.402,-0.016838640335568034,2750.0
rosoxacin,0.148043467012824,111.5,-0.244,-0.0168457763960778,2751.0
baclofen,0.137791892220369,109.25,-0.7899999999999999,-0.01687640938598478,2752.0
aniracetam,0.064708997930757,106.5,0.502,-0.016911111889310233,2753.0
briciclib,-0.088363501803083,92.0,-0.17600000000000002,-0.016926012529591288,2754.0
GSK2190915,0.227812378766525,118.5,-0.122,-0.01694664957890324,2755.0
nithiamide,0.020706093002092,90.0,-4.484,-0.016948881484822615,2756.0
TH005427,-0.009565954739312,103.0,1.536,-0.016984289964286508,2757.0
Ro-28-1675,0.035653201394132,104.5,0.6519999999999999,-0.017007665854474146,2758.0
DPCPX,0.019385932852495,105.0,1.36,-0.017094425880991675,2759.0
tegaserod,0.072655649523334,100.0,-2.304,-0.017094609781638754,2760.0
varespladib,0.066912100861911,108.5,1.1800000000000002,-0.01710110840477134,2761.0
CYM-50769,0.075222830561437,102.0,-1.614,-0.017117220059930105,2762.0
verubulin,-0.097330279053715,95.0,1.25,-0.01712646792572629,2763.0
Epacadostat (INCB024360),0.162257327211127,111.5,-0.7459999999999999,-0.01714263257480379,2764.0
acamprosate,0.083111534932145,102.5,-1.684,-0.01717958735570983,2765.0
bicuculline-(+),-0.04336175207151,98.0,0.652,-0.017242395654443226,2766.0
cicloprofen,-0.056436758700239,100.5,2.0420000000000003,-0.01726573039179254,2767.0
naloxone-benzoylhydrazone,0.072243744332312,110.0,1.564,-0.017282119913681632,2768.0
quinaprilat,0.091385466234858,106.0,-0.61,-0.017297785041133662,2769.0
MSX-122,0.179732479471035,111.5,-1.3619999999999999,-0.017499286166253108,2770.0
ecabet,0.052736583494697,102.5,-0.75,-0.017522086695260047,2771.0
TC-ASK-10,-0.046768777466842,100.0,1.496,-0.017541448874773862,2772.0
SCH-202676,-0.041404749210926,97.5,0.352,-0.01754244500948321,2773.0
A-438079,0.042619245668218,99.5,-1.5939999999999999,-0.017570733465870014,2774.0
bimatoprost,0.039748100411728,103.0,-0.144,-0.01758018658641103,2775.0
proglumide,0.081738305954712,107.0,0.05,-0.017580944741422133,2776.0
tepoxalin,0.04331854814628,104.0,0.12599999999999997,-0.017598660247271452,2777.0
nedaplatin,0.08958916722741,102.0,-2.148,-0.017604615629822185,2778.0
3-deazaadenosine,0.122568232397228,106.0,-1.668,-0.01764421502907117,2779.0
ipsapirone,-0.020866861568965,101.5,1.224,-0.017655832843452807,2780.0
chloroxine,-0.05507752177021,98.5,1.1640000000000001,-0.01767236790125537,2781.0
mepyramine,0.093282856656241,106.0,-0.7260000000000001,-0.017682266479851976,2782.0
Camostat mesylate,0.037053488541695,103.5,0.11600000000000002,-0.01772969405506364,2783.0
CFTRinh-172,0.125037479850574,108.0,-0.984,-0.017731364856268805,2784.0
suprofen,0.123068806620042,108.5,-0.736,-0.01780002605090858,2785.0
moxifloxacin,0.029532590920283,105.5,1.1179999999999999,-0.01785337328297217,2786.0
AJ76-(+),0.045612141191573,100.5,-1.344,-0.01786152422782165,2787.0
donitriptan,-0.004703133435919,100.0,0.084,-0.0179014661538921,2788.0
glycopyrrolate,0.122031073227193,107.0,-1.302,-0.017922335476746747,2789.0
amikacin,-0.12201861960583,91.0,0.378,-0.017958274146607927,2790.0
benzo[d]thiazole-2(3H)-thione,0.052182216915363,103.5,-0.4066666666666667,-0.017963687321063643,2791.0
lactulose,-0.036818424024306,97.5,0.14200000000000004,-0.017976278814208307,2792.0
4-tert-butylphenol,0.089207436190543,110.0,0.914,-0.017994592020138422,2793.0
hydroxyzine,0.065536776440746,104.5,-0.45599999999999996,-0.018001938077399544,2794.0
UBP-310,-0.069860820754688,96.5,0.818,-0.018010187534968265,2795.0
acetyl-11-keto-beta-boswellic-acid,0.10387871925538,105.0,-1.509,-0.018048911910427606,2796.0
emtricitabine,0.154186974569105,113.5,0.1620000000000001,-0.018053151580125437,2797.0
sobetirome,0.076309884258073,103.0,-1.3980000000000001,-0.018081375653321463,2798.0
stavudine,0.031005815649418,106.5,1.4260000000000002,-0.018081953165367464,2799.0
phentolamine,-0.002609991343197,98.0,-0.792,-0.01812689046765918,2800.0
geranyl-farnesylacetate,-0.016812583348966,99.0,0.054000000000000006,-0.018138128367734357,2801.0
benzoyl-peroxide,-0.042614979989785,97.5,0.30599999999999994,-0.01814187015275452,2802.0
GLPG0492-R-enantiomer,-0.003535240776864,104.5,1.734,-0.018315443022010863,2803.0
PCI-34051,0.107668412752496,111.0,0.6579999999999999,-0.018324769709342492,2804.0
cephalothin,-0.012552189360996,102.5,1.248,-0.01832560265624883,2805.0
salsolinol-1-carboxylic-acid,-0.043599847941611,97.5,0.31000000000000005,-0.018337998930224586,2806.0
RU-58841,-0.062316598514885,100.0,1.876,-0.018407195510193947,2807.0
CPSI-1306-(+/-),0.00815367021353,103.0,0.758,-0.01842566445413152,2808.0
fudosteine,0.039899706062379,104.5,0.31,-0.01844809893571882,2809.0
chloramine-T,0.043000500001032,104.5,0.2040000000000001,-0.01848813120823345,2810.0
YM-298198-desmethyl,0.084223384183327,105.0,-0.9359999999999999,-0.01849145487396142,2811.0
"benzenemethanol,-2,5-dimethyl-[[(1-methylethyl)amino]methyl]",0.058331164698492,106.5,0.48200000000000004,-0.018504342937929314,2812.0
WIKI4,0.101766480728948,108.5,-0.15000000000000005,-0.01852612955677872,2813.0
TC-O-9311,0.07209403557473,105.0,-0.55,-0.018536466515713945,2814.0
LY2334737,0.048388543497,100.0,-1.7259999999999998,-0.018552206639877777,2815.0
amfenac,0.051617920215997,104.5,-0.096,-0.018637505621790156,2816.0
lamivudine,-0.008632018532427,102.0,0.8800000000000001,-0.01865725883375169,2817.0
UNC669,0.146113634835269,108.0,-1.798,-0.018661768717613453,2818.0
amitifadine,0.057504356340876,110.5,2.034,-0.018696327119505158,2819.0
atazanavir,0.128608837070858,112.0,0.31400000000000006,-0.018709769952821625,2820.0
roscovitine,-0.06019743699473,96.0,0.21000000000000002,-0.018723400611349028,2821.0
tiotropium,0.077560154025463,100.5,-2.5060000000000002,-0.018765788135324996,2822.0
ornidazole,0.080855603499276,107.0,-0.092,-0.018781570788270214,2823.0
clemizole,0.152542589624604,103.0,-3.968,-0.01881214891277272,2824.0
hydroxyprogesterone-acetate,0.013570476938674,104.5,1.11,-0.018812544777297102,2825.0
MK-3697,-0.011175525332739,100.0,0.1620000000000001,-0.01882636252308238,2826.0
HC-030031,0.045210586364626,109.0,1.828,-0.01884779285013501,2827.0
A-769662,0.088218579897605,106.5,-0.534,-0.018850108712559543,2828.0
pargyline,0.080286583980579,108.0,0.304,-0.018855762559085647,2829.0
nicotinamide,0.026049532890787,107.5,1.86,-0.01888776831786665,2830.0
dibenzothiophene,0.044314411214034,105.0,0.29800000000000004,-0.018893319938474356,2831.0
vipadenant,0.056241332389663,110.0,1.8519999999999999,-0.018899023703448054,2832.0
SC-236,0.052720850581672,106.0,0.4119999999999999,-0.01890863839861412,2833.0
OF-1,0.008834945964191,102.0,0.278,-0.018917224363602363,2834.0
nadifloxacin,-0.00369924599399,106.0,2.2359999999999998,-0.01891733538747638,2835.0
eluxadoline,0.149866775881512,117.0,1.528,-0.018983917724078037,2836.0
arofylline,0.177593298279036,107.5,-3.0599999999999996,-0.019010518640017016,2837.0
PMPA,0.050051235164805,99.0,-2.246,-0.019101845099240806,2838.0
trihexyphenidyl,0.16741172059921,92.0,-8.762,-0.019118570621333413,2839.0
UC-112,0.025911588194209,103.5,0.278,-0.019126674324040544,2840.0
BRL-26314,0.011806770560298,101.5,-0.05,-0.01918327094097964,2841.0
naratriptan,0.072701371796318,104.5,-0.8619999999999999,-0.01922835289466592,2842.0
raclopride,0.124309130207797,104.0,-2.7340000000000004,-0.01928735760582197,2843.0
clonidine,0.061551158487151,100.0,-2.2600000000000002,-0.019313729057203594,2844.0
CD-1530,-0.052169686576034,106.5,3.94,-0.019326492860877915,2845.0
SD-208,0.08816702610043,101.0,-2.738,-0.01934953496198381,2846.0
ceramide,-0.054265155164334,98.0,0.7020000000000001,-0.019373483755345828,2847.0
cholecalciferol,-0.00659984679487,96.5,-1.424,-0.019386100275888125,2848.0
sulfabenzamide,0.089294868832478,105.5,-1.036,-0.019406579685877667,2849.0
pivmecillinam,-0.028731423369396,99.0,0.254,-0.019444543104202183,2850.0
liothyronine,0.105699627445275,107.5,-0.8,-0.019473843104853894,2851.0
guanosine,0.098248909501512,106.0,-1.1460000000000001,-0.01950791411236445,2852.0
dropropizine,0.105615421057109,102.75,-2.647,-0.019516792318543086,2853.0
serotonin,0.06336155550225,108.0,0.752,-0.01955645996741869,2854.0
apricitabine,0.071016641850742,108.0,0.504,-0.019558936494538437,2855.0
levomenol,-0.054816691053149,104.5,3.216,-0.019561403225097623,2856.0
isosorbide-dinitrate,0.076479730168121,111.5,1.682,-0.01958514953427019,2857.0
homoquinolinic-acid,0.057451459376755,102.5,-1.1960000000000002,-0.019587961960453353,2858.0
phensuximide,0.081360041156952,112.5,1.908,-0.019615061439273457,2859.0
exo-IWR-1,0.001735320212698,102.0,0.40800000000000003,-0.019618909599153356,2860.0
pimonidazole,0.062153285566783,108.0,0.778,-0.01964859619040978,2861.0
tideglusib,0.108811379784407,108.0,-0.734,-0.01966670989832923,2862.0
homoveratrylamine,-0.015244518954261,118.5,7.353999999999999,-0.01967153233443797,2863.0
toremifene,-0.0543676678104,112.0,6.090000000000001,-0.019719491189357563,2864.0
acetriazoic-acid,0.13789156665018,112.0,-0.13399999999999998,-0.019749474288853763,2865.0
croconazole,0.061349487111837,104.5,-0.5860000000000001,-0.0198706530517887,2866.0
PSI-6130,0.043876365836254,104.5,-0.02799999999999998,-0.019921826627267453,2867.0
TCID,0.058017158723523,101.0,-1.846,-0.019936433339798925,2868.0
"7,8,9,10-tetrahydroazepino[2,1-b]quinazolin-12(6H)-one",-0.100723916457341,105.5,5.034,-0.01995045245349218,2869.0
edoxudine,0.03606740932948,107.5,1.384,-0.019957161004879837,2870.0
LM-22A4,0.041078383780609,102.5,-0.724,-0.019994014163732105,2871.0
BML-190,0.130862009055584,112.0,0.05600000000000003,-0.02001283406699735,2872.0
flutrimazole,0.166246637648369,108.5,-2.448,-0.020018605143386492,2873.0
danegaptide,0.04150987153222,105.0,0.22599999999999998,-0.02003884784463676,2874.0
thiorphan,0.106445169981568,98.5,-4.4,-0.020056013319532884,2875.0
cefaclor,0.045253444926442,104.0,-0.28800000000000014,-0.02007236452174488,2876.0
hemin,0.026832304155367,104.5,0.5,-0.020086473603020922,2877.0
JNJ-63533054,0.06560404585048,102.0,-1.7260000000000002,-0.02009615382111803,2878.0
AMD11070,0.041196531006122,102.5,-0.748,-0.02013605562850544,2879.0
GSK2334470,0.038371247972006,105.5,0.5020000000000001,-0.020176839678286023,2880.0
aminothiazole,0.016538820706349,104.5,0.8200000000000001,-0.020178004131095124,2881.0
PF-04885614,0.011758923210377,103.0,0.38400000000000006,-0.020237394818381493,2882.0
terreic-acid-(-),0.033645542562908,103.0,-0.32599999999999996,-0.020251123752009326,2883.0
BC-11,0.086253114679085,109.0,0.29599999999999993,-0.020285544371605235,2884.0
anagrelide,0.142388940078735,112.5,-0.16399999999999998,-0.02030257961058113,2885.0
resveratrol,0.010167753426756,103.5,0.62,-0.020304559843603315,2886.0
estradiol-cypionate,-0.001997235958868,99.0,-0.736,-0.020325375702290205,2887.0
Strontium Ranelate,-0.00072332815172,107.0,2.322,-0.020366466815258184,2888.0
immepip,0.047146318798602,101.0,-1.5559999999999998,-0.02037063116751958,2889.0
zoniporide,0.126646093547816,115.0,1.3039999999999998,-0.020384389628978965,2890.0
icaritin,-0.01295404405297,100.5,0.19200000000000003,-0.0203863253790173,2891.0
talinolol,0.072816914607881,106.5,-0.25600000000000006,-0.020400597588911995,2892.0
benfluorex,0.029758030489075,103.5,-0.03200000000000001,-0.020432951433280538,2893.0
telatinib,0.061093653520456,107.0,0.312,-0.020438065136484457,2894.0
iopodic-acid,0.07270222392721,104.0,-1.232,-0.020466645251978832,2895.0
deoxyepinephrine,0.042265950727541,106.0,0.528,-0.020472982115911493,2896.0
metaraminol,-0.05784984065246,104.5,3.184,-0.020477414000874144,2897.0
fluprazine,0.071536737238409,105.5,-0.616,-0.020494107324664463,2898.0
"2-hydroxy-4-((E)-3-(4-hydroxyphenyl)acryloyl)-2-((2R,3R,4S,5S,6R)-3,4,5-trihydroxy-6-(hydroxymethyl)tetrahydro-2H-pyran-2-yl)-6-((2S,3R,4R,5S,6R)-3,4,5-trihydroxy-6-(hydroxymethyl)tetrahydro-2H-pyran-2-yl)cyclohexane-1,3,5-trione",0.057292684505649,104.0,-0.742,-0.020526558119518052,2899.0
CPI-169,-0.000259298083398,102.5,0.5359999999999999,-0.02053821662162599,2900.0
lerisetron,0.0473849549906,100.5,-1.782,-0.02054108756265305,2901.0
AK-7,0.059883568097587,107.0,0.332,-0.020572851669749315,2902.0
tranilast,0.09169036225577,108.5,-0.11600000000000002,-0.020581449494468496,2903.0
clidinium,-0.064005820936378,95.0,-0.324,-0.020617534847996555,2904.0
esculin,0.150249142297499,111.0,-1.052,-0.020665249409850706,2905.0
tolmetin,0.081346942755597,105.5,-0.958,-0.020667503511568246,2906.0
indoximod,0.183248425169018,110.5,-2.314,-0.02066793222106415,2907.0
diadenosine-tetraphosphate,0.071337219572927,108.0,0.336,-0.02066856264967143,2908.0
nifenazone,0.032883088063729,102.5,-0.5559999999999998,-0.02067771919277095,2909.0
ESI-09,-0.051260458904318,104.0,2.744,-0.02070804580743446,2910.0
crenolanib,-0.05918405779454,99.5,1.252,-0.020720327069836803,2911.0
clobetasol-propionate,0.000720359048348,105.0,1.448,-0.020725714322932576,2912.0
ethosuximide,0.04774379684148,104.5,-0.26799999999999996,-0.020730560502534967,2913.0
bismuth-subcitrate-potassium,-0.002141137242204,103.0,0.75,-0.020826445085553275,2914.0
broxuridine,0.034717368523241,108.0,1.494,-0.020856387216024008,2915.0
trimethoprim,-0.054760864026217,98.5,0.6940000000000001,-0.0209088089353399,2916.0
carebastine,0.070206412644271,103.0,-1.6039999999999999,-0.020921468370472634,2917.0
dexloxiglumide,0.090818538041066,107.0,-0.7200000000000001,-0.020933476107711863,2918.0
JNJ-16259685,0.067231238892081,103.5,-1.318,-0.020951842555966455,2919.0
MRS-1220,-0.00360551332772,110.5,3.69,-0.020955671232942952,2920.0
2-methyl-5-nitrophenol,0.062612901102675,98.5,-3.112,-0.020971209571469213,2921.0
gaboxadol,0.053525007536925,106.5,0.2859999999999999,-0.020978599893404965,2922.0
vernakalant,0.109140004519968,110.0,-0.156,-0.020987534226951838,2923.0
quinolinic-acid,0.107308066922223,107.5,-1.068,-0.02099412869991309,2924.0
DBPR108,0.014817313806515,102.0,-0.21399999999999997,-0.02101826615902221,2925.0
imipramine,-0.038496060700897,92.5,-2.178,-0.021028716985167728,2926.0
imetit,0.100083827281779,106.0,-1.422,-0.021032938999713813,2927.0
SB-328437,0.086401422261031,106.5,-0.788,-0.021051962275122404,2928.0
PNU-282987,-0.058534065054392,99.5,1.1800000000000002,-0.021079144807684542,2929.0
SDZ-NKT-343,0.003512232108568,107.5,2.274,-0.021105906162779037,2930.0
bivalirudin,-0.003635825683902,102.0,0.37,-0.02110959556546684,2931.0
dipeptamin,0.003458759189454,102.5,0.33399999999999996,-0.021113467646950806,2932.0
doxepin,0.05364982578231,105.0,-0.32399999999999995,-0.02114589524281037,2933.0
4BP-TQS,-0.05570762159021,95.0,-0.6679999999999999,-0.021149343312976982,2934.0
bopindolol,0.11979522079464,110.0,-0.524,-0.021151520202418506,2935.0
PAOPA,0.096023248342963,110.0,0.24000000000000005,-0.02118701613570732,2936.0
oxybuprocaine,0.089406914512204,113.5,1.81,-0.021204634062719812,2937.0
pivagabine,0.051280499976966,105.0,-0.26399999999999996,-0.02126309968068485,2938.0
gly-gln,0.090272225617154,107.5,-0.5559999999999999,-0.021269535265102963,2939.0
cefamandole-nafate,0.059787965151781,102.0,-1.7080000000000002,-0.021293955279675852,2940.0
ivabradine,0.149791196914722,112.0,-0.742,-0.021319541017713568,2941.0
norgestimate,0.111304853396635,107.5,-1.2440000000000002,-0.021322877545550473,2942.0
rotigotine,-0.014449712536343,96.5,-1.4460000000000002,-0.02132864029065314,2943.0
tetrahydrozoline,0.000539856712232,103.0,0.588,-0.021356290296706198,2944.0
CI-966,0.017146666051138,103.0,0.05,-0.021361614773114972,2945.0
naringin-dihydrochalcone,0.043749468984556,107.0,0.736,-0.021403165563815607,2946.0
avibactam,0.063786650935106,108.0,0.4699999999999999,-0.02144478443924865,2947.0
UNC0321,0.107951573653907,110.5,0.010000000000000054,-0.021455745828201606,2948.0
OAC1,0.06988813277789,103.0,-1.6740000000000002,-0.021486714536947654,2949.0
mitoflaxone,0.017689005380732,105.5,0.984,-0.021493835557554204,2950.0
gamma-linolenic-acid,0.058917506969587,102.5,-1.518,-0.021520806629872435,2951.0
nicardipine,0.018148829903384,103.0,-0.01200000000000001,-0.021569836841252576,2952.0
etizolam,-0.034949428486268,103.0,1.704,-0.021582306043092154,2953.0
rimantadine,0.136179432716417,102.5,-4.0280000000000005,-0.02159482405844093,2954.0
zalcitabine,0.093146228451526,104.5,-1.86,-0.0215977879002488,2955.0
AZD9668,0.100509667285199,106.0,-1.522,-0.0216399090236075,2956.0
shikimic-acid,0.023521629164799,107.5,1.548,-0.02165977173047588,2957.0
JK-184,-0.001342234413319,101.5,0.022000000000000065,-0.02167088763097121,2958.0
dronedarone,-0.067564783522998,115.5,7.598000000000001,-0.021672216269405704,2959.0
bruceantin,-0.026531492872869,109.0,3.7400000000000007,-0.021726333075323012,2960.0
ML348,0.006540085764605,103.0,0.3380000000000001,-0.0217497109814578,2961.0
siguazodan,0.072089888453368,109.0,0.5459999999999999,-0.021751105481138344,2962.0
IWP-L6,0.10899077466544,112.0,0.51,-0.021797707685211793,2963.0
lazabemide,0.03414816540317,106.5,0.792,-0.021829365879329155,2964.0
NMS-873,0.061219483230003,100.0,-2.6079999999999997,-0.02183900050705212,2965.0
zinc-undecylenate,0.082623502688802,110.5,0.774,-0.021845616355177937,2966.0
meprylcaine,0.072081625468239,102.5,-1.9939999999999998,-0.021873696960499196,2967.0
KHK-IN-1,0.165929091323807,101.0,-5.619999999999999,-0.021928339840971423,2968.0
albuterol,0.107770623195344,100.0,-4.128,-0.021937787020078536,2969.0
dihydroergotamine,-0.010745556871848,103.5,1.0559999999999998,-0.021997993367194213,2970.0
O6-benzylguanine,0.111701288783744,108.0,-1.164,-0.022035558252101944,2971.0
selegiline,0.040635792421125,105.0,-0.03399999999999999,-0.02206816840548953,2972.0
TC-S-7006,0.031442917643056,101.5,-1.0959999999999996,-0.02207477051610533,2973.0
SB-706375,0.023984648642013,103.5,-0.08200000000000003,-0.022099713427400025,2974.0
FLI-06,-0.096509205642723,104.0,4.01,-0.022100688960151677,2975.0
ketoconazole,0.078355100182784,107.5,-0.29599999999999993,-0.02215319089082035,2976.0
PK-THPP,0.051207180590469,104.5,-0.586,-0.0221803884069407,2977.0
dicoumarol,0.040330814007411,108.0,1.1199999999999999,-0.02221078638266642,2978.0
TC-G-1004,-0.012132784056533,104.5,1.454,-0.022244438865053413,2979.0
MK-1775,-0.01686429654789,96.0,-1.6960000000000002,-0.022272269276357243,2980.0
tiagabine,0.077207878914576,109.0,0.30600000000000005,-0.022275046012493787,2981.0
Betapar (Meprednisone),0.023751828755434,108.0,1.6440000000000001,-0.02229767813387466,2982.0
sildenafil,0.056005224447571,109.0,0.9799999999999999,-0.022358977060613183,2983.0
PSI-7976,0.086966110185886,108.5,-0.21999999999999992,-0.022389422058372316,2984.0
apafant,-0.082466116063837,112.0,6.616,-0.022415662973290045,2985.0
cetilistat,-0.005048940400358,104.0,1.006,-0.022418781320655407,2986.0
elvitegravir,0.058784857997625,107.0,0.10199999999999995,-0.022442143741749392,2987.0
SB-203186,0.028504333428888,102.5,-0.6700000000000002,-0.022477405449576732,2988.0
flunisolide,0.102756904879629,109.0,-0.55,-0.022482488715565907,2989.0
OC000459,0.010752664337328,102.0,-0.292,-0.02249299919666266,2990.0
fesoterodine,0.095968380190691,108.0,-0.732,-0.022577402558894104,2991.0
nadide,-0.049621989793986,94.0,-1.458,-0.02259239234902514,2992.0
fanetizole,-0.015799077447701,99.5,-0.42399999999999993,-0.022638310292344383,2993.0
QX-314,0.040870613315458,104.0,-0.514,-0.02266140070712952,2994.0
corticosterone,0.099906517226455,109.5,-0.292,-0.02268155038647039,2995.0
A-366,0.022872925537386,105.5,0.642,-0.022720788431759325,2996.0
DSR-6434,0.011284087077096,103.0,0.04199999999999995,-0.022753031823904684,2997.0
thiophanate,0.033432335785264,109.5,1.848,-0.022755416915206734,2998.0
MK-8245,0.009943523618402,103.5,0.27199999999999996,-0.022805362445926236,2999.0
AZD5363,0.220286830610257,120.5,0.06399999999999997,-0.022815601435489403,3000.0
Ro-10-5824,0.06168215075036,108.0,0.336,-0.022867338023786304,3001.0
ISO-1,0.08958361400018,105.5,-1.5379999999999998,-0.022874640604173952,3002.0
MRS-2578,0.017799118038702,105.0,0.584,-0.022918430036248345,3003.0
PNU-142633,0.017311996990983,105.5,0.788,-0.022959430283196507,3004.0
NM107,0.05531874962286,103.0,-1.4140000000000001,-0.022974376107020727,3005.0
sulindac,0.080380813764126,104.5,-1.65,-0.02302660063978886,3006.0
topiramate,0.006245795132068,102.0,-0.22599999999999998,-0.023054755406845467,3007.0
cinflumide,-0.00378271056639,110.0,3.2,-0.023079248549520554,3008.0
cephradine,0.068888429226156,105.75,-0.8009999999999999,-0.023082577217354367,3009.0
ALS-8112,-0.011184310345352,103.5,0.916,-0.023083438736762107,3010.0
Ro-61-8048,-0.003687815350069,107.0,2.0300000000000002,-0.023097105034835714,3011.0
ramatroban,-0.005497836823562,102.5,0.33799999999999997,-0.023125019977810357,3012.0
evatanepag,-0.009298894180804,97.5,-1.48,-0.02312721293034037,3013.0
tribomsalan,0.042966440251188,106.0,0.12800000000000003,-0.023129248666045526,3014.0
C646,0.099241597435087,108.5,-0.7299999999999999,-0.02318402505837876,3015.0
SC-144,0.062312909177238,105.0,-0.8960000000000001,-0.023199608504683795,3016.0
ribavirin,0.015721682092807,97.5,-2.304,-0.02322973765841115,3017.0
iproniazid,0.074473505650598,108.5,0.06000000000000001,-0.02326334357450821,3018.0
altrenogest,0.020560598861946,105.0,0.43999999999999984,-0.023303235158425584,3019.0
2-APB,0.05348715289865,101.5,-1.9939999999999998,-0.023376026895858937,3020.0
SB-228357,-0.015375878089591,106.0,1.98,-0.02337859313663293,3021.0
fenoterol,-0.012115419497563,105.5,1.6800000000000002,-0.023381802933486722,3022.0
ML323,0.018892574205982,101.0,-1.076,-0.023425984973737674,3023.0
silibinin,0.027300380691829,104.0,-0.19,-0.02347099642614377,3024.0
PSN-375963,-0.006721616632218,104.0,0.908,-0.02348957326288814,3025.0
PF-429242,0.014367344948284,98.5,-1.9100000000000001,-0.023496850926534345,3026.0
NSC-3852,-0.131051816191001,108.5,6.674000000000001,-0.023509086853849115,3027.0
Retigabine,0.067049866709131,106.0,-0.7060000000000001,-0.02351558787266439,3028.0
valdecoxib,-0.064621790574436,98.5,0.638,-0.023548675589215213,3029.0
dovitinib,-0.001966909687502,102.5,0.162,-0.023559860251669933,3030.0
tolimidone,0.146674375150716,105.5,-3.4900000000000007,-0.023614264433185483,3031.0
L-quisqualic-acid,0.039501257328683,105.5,-0.02400000000000002,-0.02362226464671639,3032.0
"1,3-dipropyl-8-phenylxanthine",0.102038268562143,103.5,-2.832,-0.023682910738155132,3033.0
linaclotide,0.025913322094825,106.5,0.794,-0.02369063043673399,3034.0
yohimbine,0.06646868507486,109.0,0.45,-0.023707027414030895,3035.0
tioxolone,0.049385914070425,104.0,-0.9399999999999998,-0.02372100521717609,3036.0
benzotript,-0.048951954754172,104.0,2.232,-0.023786536232273708,3037.0
tretinoin,-0.036556144166756,104.5,2.021,-0.02381505414679171,3038.0
tirofiban,0.048665003632365,109.5,1.202,-0.023833941970425838,3039.0
basimglurant,0.114087641987524,112.0,0.052000000000000136,-0.023861064717973297,3040.0
evodiamine,-0.092998448972476,100.5,2.286,-0.02387439217808381,3041.0
zofenopril-calcium,0.089649250743054,104.0,-2.266,-0.023886071851819086,3042.0
4-DAMP,0.102625645967805,113.5,1.0,-0.023896272682468928,3043.0
PF-04418948,0.041791494636906,110.0,1.6079999999999999,-0.023907357474471296,3044.0
trans-4-methoxycinnamic-acid,0.07003546945189,106.5,-0.6719999999999999,-0.023962446337083776,3045.0
3-bromo-7-nitroindazole,0.097887554153153,110.0,-0.21600000000000003,-0.023972454336241882,3046.0
mitiglinide,0.087055808922222,108.5,-0.45199999999999996,-0.024002153472771754,3047.0
bavisant,-0.055489282021502,100.5,1.0539999999999998,-0.024004962582739358,3048.0
BP-554,0.08217854669295,101.0,-3.2079999999999997,-0.024021862218512584,3049.0
ticarcillin,-0.027191735563156,97.5,-1.032,-0.024048313032763263,3050.0
bunazosin,0.075351510512067,108.5,-0.07999999999999999,-0.024048919947406433,3051.0
cisplatin,0.055636058530418,111.0,1.52,-0.024106211314271448,3052.0
alda-1,0.107230193021478,104.5,-2.6719999999999997,-0.024106463558279872,3053.0
RS-504393,0.019870223435855,103.5,-0.23400000000000015,-0.02410670335730336,3054.0
N6-methyladenosine,-0.057733061878817,100.0,0.9179999999999999,-0.02410719344632528,3055.0
CGP-57380,-0.002809890112276,95.5,-2.606,-0.0241114248551673,3056.0
perhexiline,-0.21914180703052,113.5,11.373999999999999,-0.02414572116914256,3057.0
zomepirac,0.116531245124435,103.5,-3.368,-0.024155545210980994,3058.0
ABC-294640,0.008479741702697,97.0,-2.396,-0.02416047635979827,3059.0
morinidazole,0.120243344551109,111.0,-0.5780000000000001,-0.02416183996320605,3060.0
cyproheptadine,0.022649242215734,101.5,-1.1139999999999999,-0.02420408899652045,3061.0
DAU-5884,0.063486424045749,108.5,0.27199999999999996,-0.024273092676017516,3062.0
metformin,-0.009306065125749,107.5,2.238,-0.024278473427896796,3063.0
cyclothiazide,0.012149334622878,106.0,0.954,-0.024332704553425028,3064.0
inositol-hexanicotinate,0.022534886440237,109.0,1.7739999999999998,-0.02439192413043223,3065.0
acrivastine,-0.035959034110875,104.0,1.722,-0.024417756152522212,3066.0
peramivir,0.005791566290235,101.5,-0.6,-0.024424842515092915,3067.0
levomequitazine,0.0893964534521,86.0,-9.322,-0.024433866663406117,3068.0
sulfinpyrazone,0.049826757975195,108.5,0.6900000000000001,-0.02444134444525455,3069.0
CF102,-0.029164014382415,107.0,2.662,-0.02444992018928686,3070.0
varenicline,-0.040904673013182,101.0,0.7,-0.024541664680389874,3071.0
methsuximide,0.078434383532767,109.5,0.13399999999999998,-0.024572641072463413,3072.0
EC-23,-0.066465145418835,101.5,1.7100000000000002,-0.02461886940735558,3073.0
TC-H-106,-0.053789182965876,103.0,1.8820000000000001,-0.024619708164219618,3074.0
GW-311616,0.0405657006532,106.0,-0.009999999999999964,-0.02464742357636714,3075.0
piretanide,0.029294123175474,110.0,1.9,-0.02469789084713651,3076.0
gemfibrozil,-0.050553138480884,98.5,0.015999999999999993,-0.024723337695657932,3077.0
fursultiamine,0.072296015555457,109.5,0.31000000000000005,-0.02473160047176637,3078.0
tetroquinone,0.042215490131481,106.5,0.118,-0.024736779594368114,3079.0
methysergide,0.074088619488455,110.5,0.638,-0.024746657701998576,3080.0
bezafibrate,0.023639722226007,103.5,-0.45,-0.024768792147879526,3081.0
mepenzolate,0.047016588825011,105.0,-0.63,-0.0248105806173949,3082.0
fisetin,0.114966045500467,111.0,-0.5,-0.02481457455206641,3083.0
benidipine,0.030331810345974,101.5,-1.454,-0.024847938941714925,3084.0
SC-560,-0.04723025680917,101.0,0.858,-0.02486996984592386,3085.0
hydrocortisone-butyrate,-0.065118878362613,101.5,1.626,-0.024903596409140527,3086.0
2-fluoro-2-deoxy-D-galactose,0.127128483936691,116.5,1.228,-0.024907894476478048,3087.0
camostat-mesilate,0.099724149561995,113.5,0.9480000000000001,-0.024923091262231023,3088.0
cadralazine,0.086465588984495,107.5,-0.958,-0.024966301004053577,3089.0
chloramphenicol-palmitate,0.040048162114511,105.5,-0.236,-0.02499008572237797,3090.0
D-serine,0.03007126292228,104.5,-0.304,-0.02500859643690741,3091.0
lofexidine,-0.130209668177129,102.5,4.104,-0.025015316438057766,3092.0
ANA-12,0.024153489966835,99.5,-2.0580000000000003,-0.02504230830061227,3093.0
SB-242235,-0.020232641816039,98.5,-1.016,-0.025083108275363086,3094.0
anthralin,-0.066496529311558,94.0,-1.268,-0.025097776933895144,3095.0
boceprevir,0.133130330251455,113.0,-0.352,-0.02510061025519746,3096.0
teriflunomide,0.034110587175501,108.0,0.908,-0.025119704951045912,3097.0
NAB-2,0.113332631521599,108.5,-1.4620000000000002,-0.025127932564826743,3098.0
MODAFINIL,0.112827010060819,106.5,-2.2239999999999998,-0.025142680026786546,3099.0
timofibrate,0.025450754170888,106.5,0.5939999999999998,-0.02520386777993992,3100.0
SDM25N,0.061685457281919,108.5,0.194,-0.02523231102610694,3101.0
diflorasone-diacetate,0.065228649124653,113.0,1.818,-0.025288380891243634,3102.0
dehydrocorydaline,0.028929519872524,104.0,-0.502,-0.025296305025869808,3103.0
K-858,-0.017333950247782,107.0,2.154,-0.0253318816652958,3104.0
fosinopril,-0.028612800869712,104.0,1.354,-0.025335305933814684,3105.0
prucalopride,0.030198493328481,109.0,1.3820000000000001,-0.02540614499564764,3106.0
florfenicol,-0.002648960582864,96.5,-2.41,-0.02542727879975844,3107.0
CTS-1027,0.041826249844787,98.5,-3.08,-0.025479747548645532,3108.0
carboxylosartan,-0.006664368448063,105.5,1.2,-0.025519369234571432,3109.0
CIQ,0.039626620660974,107.0,0.274,-0.025594311704064787,3110.0
LFM-A13,0.00476770561428,105.0,0.624,-0.02560453032809007,3111.0
favipiravir,0.092357472882578,103.5,-2.7960000000000003,-0.025634123774151085,3112.0
bindarit,0.132389694796573,112.0,-0.792,-0.0256344068181521,3113.0
adiporon,0.06364684161723,106.5,-0.704,-0.0256426093988615,3114.0
ZK-93423,-0.06753532312296,97.5,0.04399999999999995,-0.025661391500643838,3115.0
TBOA-(DL),0.033335553050094,106.0,0.07599999999999998,-0.025688569917241888,3116.0
cefpiramide,0.00194460826491,106.0,1.0859999999999999,-0.02572744393424442,3117.0
2-TEDC,-0.010054771409744,107.5,2.048,-0.025786479072818724,3118.0
AIM-100,0.004404491456207,105.5,0.8019999999999999,-0.025800339330438016,3119.0
MK-571,0.01100050248905,108.0,1.556,-0.025821046740535203,3120.0
sulfasalazine,0.04471275211243,105.0,-0.7,-0.025828003104677255,3121.0
FGIN-1-43,-0.008237771008874,103.0,0.23399999999999999,-0.025847218591624792,3122.0
biapenem,-0.033207269558436,99.5,-0.31999999999999995,-0.025870620105255166,3123.0
CCG-63808,0.01279149423372,101.5,-1.034,-0.02588586286184195,3124.0
2-thiouracil,0.016828174515525,108.5,1.542,-0.02595856786604959,3125.0
mercaptopurine,0.024107129772514,108.0,1.112,-0.025961766427241535,3126.0
ROCURONIUM BROMIDE,0.061048683888289,110.0,0.6839999999999999,-0.026026341917176565,3127.0
TH003289,-0.007064936785299,106.5,1.528,-0.026033883617062492,3128.0
solamargine,0.116603640070886,102.5,-4.0280000000000005,-0.026052873150454386,3129.0
azacitidine,-0.024305032930712,100.5,-0.246,-0.02605460838749581,3130.0
taprenepag,-0.025654698275213,100.5,-0.20800000000000002,-0.02609447124714896,3131.0
TCS-359,-0.046630803127209,96.5,-1.082,-0.02609495877828331,3132.0
TAK-220,0.028379007355888,107.0,0.562,-0.026128392124544392,3133.0
BAY-87-2243,0.082491119789573,98.5,-4.49,-0.026144688007708344,3134.0
amprenavir,0.091081770544863,110.0,-0.312,-0.02619814398242304,3135.0
resiquimod,0.072729785139347,113.0,1.4460000000000002,-0.02619881214749864,3136.0
grazoprevir,0.089706951300075,109.0,-0.656,-0.026200575134476416,3137.0
troventol,-0.022958672945092,106.5,2.016,-0.026218142894104252,3138.0
APD597,-0.007775286329106,100.5,-0.8099999999999999,-0.026260508985109305,3139.0
PHA-793887,0.09898685859952,113.0,0.584,-0.026287246111732793,3140.0
isepamicin,0.067087712873419,109.0,0.06200000000000001,-0.026297371738166115,3141.0
emetine,-0.193092670486945,108.0,8.09,-0.02630380101148137,3142.0
allopurinol-riboside,0.025321049313782,109.0,1.412,-0.02630571441226485,3143.0
L-365260,0.021239463529613,106.0,0.37,-0.026373639295202533,3144.0
YM-155,0.078301351929028,108.0,-0.6999999999999998,-0.026375500212269753,3145.0
atrasentan,0.017892619070097,108.5,1.4460000000000002,-0.026391948809809145,3146.0
TAK-875,0.02784355169046,108.0,0.93,-0.026392045673652793,3147.0
alendronate,0.101558526660142,109.5,-0.874,-0.026402309575673688,3148.0
TGR-1202,0.029149752282465,106.5,0.28600000000000003,-0.02652964380372902,3149.0
regorafenib,0.037216491896898,110.5,1.548,-0.026737724291505744,3150.0
sulfamerazine,0.032361414242996,107.5,0.534,-0.026784693238119828,3151.0
S1P1-agonist-III,-0.018756550860273,100.0,-0.724,-0.02678978728089206,3152.0
ALX-5407,0.035979338757209,108.5,0.794,-0.026862749655280238,3153.0
"2,5-furandimethanol",0.090829482957302,112.5,0.572,-0.026863301209366235,3154.0
sulmetozine,0.045160551023741,105.5,-0.6699999999999999,-0.026880960524074033,3155.0
nefopam,0.031350264954139,107.5,0.55,-0.026902333408074425,3156.0
vandetanib,0.045904217952076,102.0,-2.0580000000000003,-0.026919556295575447,3157.0
piperazinedione,0.080366110838558,105.5,-1.816,-0.026930742661226487,3158.0
2-hydroxyflutamide,0.09327423299655,107.5,-1.4579999999999997,-0.026935488474219338,3159.0
ki16198,0.040920383004312,105.0,-0.74,-0.02697322884613899,3160.0
defactinib,0.047757790556475,100.5,-2.71,-0.02698881571112599,3161.0
zaltidine,0.053442878120595,106.0,-0.76,-0.026994476581761757,3162.0
lovastatin,0.035914833722814,110.0,1.358,-0.0270055349723796,3163.0
sarcosine,0.027092764667644,107.5,0.6719999999999999,-0.027013089414834712,3164.0
artemisinin,-0.030107546363172,105.5,1.738,-0.027070909773831347,3165.0
PD-198306,0.06523242842488,113.0,1.562,-0.027089626432444835,3166.0
LDN-27219,-0.019211554409068,99.5,-0.9480000000000001,-0.027104129206906562,3167.0
calcitriol,0.098045919205072,108.0,-1.45,-0.027158623651423335,3168.0
altanserin,-0.078924076264714,99.0,0.776,-0.027200446779191718,3169.0
IDO5L,0.043023868271992,112.0,1.8739999999999999,-0.0272186855263525,3170.0
IOX2,-0.000635827192823,102.0,-0.602,-0.02726876968148802,3171.0
WAY-170523,-0.029744028900507,96.0,-1.9919999999999998,-0.02728909145110185,3172.0
PSB-36,-0.047546785525422,100.5,0.32999999999999996,-0.027292777643838084,3173.0
ibuprofen,0.044698348195968,108.16666666666667,0.3173333333333333,-0.027321883068573933,3174.0
tangeritin,0.002464944112089,105.0,0.44799999999999995,-0.027367892558008495,3175.0
rotundine,0.044362143546108,109.5,0.8379999999999999,-0.02737621390027452,3176.0
rabeprazole,0.009118832236248,105.5,0.42333333333333334,-0.02739234497834579,3177.0
CCT137690,0.246769137307814,116.5,-2.996,-0.02739655196801405,3178.0
cefepime,0.062201947627808,114.0,2.004,-0.02740055758922662,3179.0
AZD3264,0.026656888284,104.0,-0.7279999999999998,-0.027404779557152443,3180.0
Ro-15-4513,0.005349729282969,109.5,2.096,-0.027404955727784525,3181.0
FOSFOMYCIN CALCIUM,0.003162672862599,104.5,0.22599999999999998,-0.02740564063274446,3182.0
fagomine,-0.011352713781544,105.0,0.8879999999999999,-0.027417255737025765,3183.0
PHA-680632,0.108208628161023,113.0,0.12199999999999989,-0.02743938572370978,3184.0
fenclonine-(+/-),0.003222829667257,109.0,1.9620000000000002,-0.02746649017775456,3185.0
isotiquimide,0.055941450442923,113.0,1.8059999999999998,-0.027487853915224163,3186.0
AM095,0.148390373198517,111.5,-1.768,-0.027494938037567012,3187.0
U-104,0.06935675584909,108.5,-0.378,-0.02751188617418417,3188.0
bucladesine,0.045934095588908,104.5,-1.174,-0.02752045526002167,3189.0
NVP-TAE684,0.114646850448928,102.5,-4.174,-0.027526261930999052,3190.0
SDZ-WAG-994,-0.018294149124749,107.5,2.066,-0.027536144624894548,3191.0
albendazole-oxide,0.034003313349504,110.5,1.536,-0.027553944006919424,3192.0
oltipraz,-0.038261664119305,109.0,3.2880000000000003,-0.02757952101081318,3193.0
7-chlorokynurenic-acid,0.031517981930819,110.0,1.4140000000000001,-0.02761263138838695,3194.0
dalcetrapib,0.15211950959153,111.0,-2.1,-0.027616677826406866,3195.0
pyrazolanthrone,0.096120326977311,105.5,-2.426,-0.027637072903734333,3196.0
mabuprofen,0.126623145340367,109.0,-2.062,-0.02769105395645995,3197.0
LY2584702,0.119258842608286,109.5,-1.634,-0.0277213707652522,3198.0
Vinblastine (sulfate),-0.032591629181438,102.0,0.366,-0.027731938233114668,3199.0
MDL-29951,-0.026297186830042,103.5,0.744,-0.027735925769522923,3200.0
L-theanine,0.042066029151229,101.5,-2.2439999999999998,-0.027736860161908905,3201.0
WAY-362450,0.052141556898812,100.5,-2.96,-0.027750357894058404,3202.0
ZCL-278,0.070916614259369,107.5,-0.8539999999999999,-0.0277752061289472,3203.0
DPO-1,0.046840644750553,101.5,-2.404,-0.027775840203695945,3204.0
capsazepine,-0.102613407891279,92.5,-1.064,-0.027788358970061117,3205.0
UCL-2077,-0.068982712432331,103.5,2.11,-0.027840891785210837,3206.0
tropicamide,-0.068194788547206,104.5,2.468,-0.027873563243909476,3207.0
BIMU-8,0.015551218589479,106.0,0.33799999999999997,-0.02789430223437776,3208.0
2-phenylmelatonin,0.061953316030555,107.0,-0.7779999999999999,-0.02791532218323985,3209.0
hydroquinone,0.005816084881423,107.5,1.23,-0.027930457829613602,3210.0
gemcitabine-elaidate,0.089508861605956,111.5,0.07400000000000002,-0.02793746924404002,3211.0
methylprednisolone-sodium-succinate,-0.016807578916852,102.5,0.019999999999999928,-0.027939172455934358,3212.0
mitomycin-C,0.101316258754248,104.0,-3.2299999999999995,-0.02801516823669285,3213.0
O-1918,0.084032857625897,108.5,-0.9280000000000002,-0.028041369721768405,3214.0
pretomanid,0.090224411293495,111.5,0.028000000000000025,-0.028098331105859648,3215.0
TWS-119,0.083321564279412,104.0,-2.674,-0.02819920006592665,3216.0
fimasartan,0.095069645618891,111.5,-0.15,-0.028247939543964467,3217.0
FGIN-1-27,-0.030118936374744,106.0,1.764,-0.028256597458948856,3218.0
amcinonide,0.114225316663554,109.5,-1.55,-0.028276353369999747,3219.0
trientine,-0.004867058116226,105.5,0.748,-0.02829190659007008,3220.0
dihydrexidine,-0.020870236053127,101.0,-0.4880000000000001,-0.028342066395739624,3221.0
BMS-806,-0.070787455977382,99.0,0.35,-0.028346289233492732,3222.0
riodoxol,0.058266139849081,107.0,-0.72,-0.028346723266098033,3223.0
NI-57,0.014331035386184,102.5,-1.0459999999999998,-0.028351973087327842,3224.0
ST-91,0.110796418399025,104.0,-3.586,-0.02836227936118581,3225.0
diphencyprone,-0.054677403733764,100.5,0.39200000000000007,-0.028480205339281195,3226.0
MTPG,0.002727739166654,105.0,0.278,-0.02850475667371762,3227.0
TC-E-5006,0.060753443848533,106.5,-1.018,-0.028511926729692938,3228.0
carnosine,0.096377731719454,99.0,-5.084,-0.02852982147291061,3229.0
ML133,0.064088212799692,105.0,-1.7120000000000002,-0.0285395272782963,3230.0
almorexant,-0.054247620139379,105.0,2.116,-0.02854135248767446,3231.0
pipecuronium,0.048697916572721,105.5,-1.022,-0.0285532825809528,3232.0
ZLN024,0.075608328774101,104.5,-2.282,-0.028562401480732375,3233.0
dilazep,-0.004966135256712,106.5,1.1,-0.028568814095892698,3234.0
oxiracetam,-0.004983704180791,107.0,1.294,-0.028573276720361918,3235.0
RG7112,-0.050710168197087,104.0,1.582,-0.028762599317642468,3236.0
MLN0128,-0.014192509254482,102.0,-0.38000000000000006,-0.028793306187459383,3237.0
TRIM,0.046420294410685,105.5,-0.986,-0.02881855055329526,3238.0
phlorizin,0.165925574999558,112.5,-2.146,-0.02889476120040879,3239.0
carprofen,-0.016496909580191,107.5,1.812,-0.028914881577913554,3240.0
KF-38789,0.012656538649026,101.0,-1.656,-0.028929031385770482,3241.0
ZD-7114,0.015631219962315,102.0,-1.3679999999999999,-0.028956469979079413,3242.0
PD-161570,0.085031063402477,117.0,2.208,-0.028962288198551733,3243.0
WYE-125132,-0.103963496940351,100.0,1.72,-0.02898971668907054,3244.0
glucosamine,-0.043201380817129,105.0,1.6940000000000002,-0.028996421488231155,3245.0
naproxen,-0.022315884002903,106.5,1.596,-0.029028339304112527,3246.0
ganaxolone,-0.044164929060724,104.5,1.526,-0.029032364962280195,3247.0
S-trityl-L-cysteine,0.106660309055107,110.0,-1.22,-0.029042246036360592,3248.0
bismuth-subgallate,0.060527583567563,107.0,-0.892,-0.02904250858012743,3249.0
tropisetron,-0.026560904624654,101.5,-0.21000000000000002,-0.029047163503084488,3250.0
mocetinostat,-0.008421895700339,104.0,0.16799999999999998,-0.02908599575879515,3251.0
cotinine,0.059070158679061,108.5,-0.27199999999999996,-0.0291082966322956,3252.0
JAK3-inhibitor-V,0.015090726398844,102.0,-1.3739999999999999,-0.02912179492896505,3253.0
AT13148,0.174341487892067,108.5,-4.006,-0.029142648409163547,3254.0
mequinol,-0.034905679205154,105.0,1.404,-0.029148666990071348,3255.0
trovirdine,0.00939322425181,110.0,1.906,-0.029187740421566615,3256.0
atenolol-(+/-),0.055623183908236,108.0,-0.368,-0.029202955286717347,3257.0
SR-140333,0.019624114341885,110.5,1.7600000000000002,-0.029251715604112955,3258.0
Y-11,-0.06935141638261,107.5,3.47,-0.029280130249056513,3259.0
cabaletta,-0.08562672686862,104.5,2.832,-0.029281016725487923,3260.0
WY-16922,-0.17855014138074,101.5,4.672,-0.029293361741354256,3261.0
NBQX,-0.052266190570998,104.5,1.748,-0.029314523543840638,3262.0
BMS-707035,0.046027721018343,104.0,-1.6280000000000001,-0.02932893619962625,3263.0
monosodium-alpha-luminol,0.000531916347423,104.0,-0.158,-0.02934178914732059,3264.0
difloxacin,-0.078542361809745,99.5,0.6519999999999999,-0.02935253331149808,3265.0
API-1,-0.043997187677224,105.5,1.862,-0.029361140790119644,3266.0
FK-33-824,0.110603909857546,112.0,-0.62,-0.029384953421634236,3267.0
nexturastat-A,0.111929639801987,105.0,-3.3800000000000003,-0.02938631582974771,3268.0
SMI-4a,0.002932313358456,106.0,0.534,-0.029388302655969256,3269.0
fomocaine,-0.023461552948149,106.0,1.3820000000000001,-0.02942957358627814,3270.0
4-IBP,-0.011100286169297,105.0,0.5860000000000001,-0.02948569187425835,3271.0
DPC-681,0.06161349299033,112.0,0.946,-0.029517854185507415,3272.0
retapamulin,0.028576193599303,109.0,0.8459999999999999,-0.029548755654859742,3273.0
NSC-625987,-0.060871403595392,106.0,2.572,-0.02957204365700339,3274.0
coenzyme-I,0.005072555224937,103.0,-0.7280000000000001,-0.029587998643807418,3275.0
PHA-767491,0.061712658927052,106.5,-1.202,-0.02958874588166142,3276.0
trimethadione,0.100359760623616,106.0,-2.652,-0.02962865712968314,3277.0
schisandrol-B,-0.065897341289264,106.0,2.722,-0.02966069266082801,3278.0
CL-225385,0.017170078389309,111.5,2.168,-0.029670713622484374,3279.0
acetohydroxamic-acid,-0.051315725100127,105.5,2.046,-0.029732547603584753,3280.0
secnidazole,0.16967437455507,99.0,-7.638,-0.029816600688384504,3281.0
indocyanine-green,0.030494564069005,109.0,0.74,-0.02985806447558792,3282.0
agmatine,0.030178183856382,105.5,-0.6260000000000001,-0.02998319919503541,3283.0
PSB-06126,0.144653611947434,112.0,-1.812,-0.03002177817696224,3284.0
8-hydroxy-PIPAT,-0.047750290331732,105.5,1.8799999999999997,-0.030089134585545702,3285.0
picartamide,-0.018919604005153,105.5,0.9460000000000001,-0.030098314986376717,3286.0
sulphadimethoxine,-0.002230364174574,103.0,-0.568,-0.030124796179197093,3287.0
apoptosis-activator-II,0.038869433770494,104.5,-1.316,-0.030128915912804866,3288.0
MLN2480,-0.050615839442288,107.5,2.7359999999999998,-0.030180402193830225,3289.0
ursodiol,-0.023273527792859,106.5,1.4609999999999999,-0.030196755605432928,3290.0
NS-8,-0.041753001037008,105.0,1.476,-0.030201184048748275,3291.0
sulfamethazine,0.085493841919409,111.0,-0.31999999999999995,-0.030259254591207003,3292.0
capobenic-acid,0.087815041292061,107.5,-1.7580000000000002,-0.030290568430456816,3293.0
KP-1212,0.026403069270896,105.5,-0.548,-0.030293837184683297,3294.0
CS-917,0.019491361844593,107.0,0.25199999999999995,-0.030334638068243658,3295.0
PF-04457845,0.008165246670982,104.0,-0.5599999999999999,-0.030433299751763343,3296.0
TAK-063,0.033713962368814,112.0,1.698,-0.03057780402014613,3297.0
LB-100,0.064828198356037,109.5,-0.28,-0.03058555867849233,3298.0
daphnetin,0.031558847156618,110.0,0.99,-0.03058806345115787,3299.0
amprolium,-0.08970524919512,104.0,2.58,-0.03061765791421552,3300.0
TAK-960,-0.192983712010897,100.5,4.546,-0.030735092186729762,3301.0
ombitasvir,0.124811158918628,113.0,-0.8879999999999999,-0.03076831790090599,3302.0
proxymetacaine,-0.011490441783641,108.0,1.58,-0.03077402387184121,3303.0
propylthiouracil,0.003762997897171,104.0,-0.4699999999999999,-0.030802283006048443,3304.0
nitrosodimethylurea,0.063907664952855,106.5,-1.448,-0.030820582560946958,3305.0
WH-4-023,0.067066389346337,111.0,0.194,-0.030837497662570306,3306.0
BIBN4096,0.035171227087662,109.5,0.642,-0.0308490241483859,3307.0
laropiprant,0.011484556593661,106.0,0.046,-0.030875941751530783,3308.0
beta-carotene,0.066232101336238,112.5,0.796,-0.030888087632817435,3309.0
Vincristine (sulfate),-0.036025378351508,101.0,-0.36,-0.030892335521722363,3310.0
erdosteine,-0.041112919258427,103.5,0.772,-0.03091284789136432,3311.0
pyroxamide,0.038373842384885,104.5,-1.4140000000000001,-0.030931647086052633,3312.0
thonzylamine,0.02506884837795,109.5,0.9560000000000001,-0.03093927073298075,3313.0
COR-170,0.119098830342286,107.0,-3.062,-0.030979583417496775,3314.0
PF-573228,0.138003603527863,114.0,-0.958,-0.030988970065617516,3315.0
arsanilic-acid,-0.003454463257685,103.0,-0.6519999999999999,-0.030994879730322666,3316.0
bicifadine,0.028737949417446,107.0,-0.148,-0.03104467820811685,3317.0
deferiprone,-0.123504471467777,98.0,1.28,-0.03107272573222956,3318.0
tobramycin,0.095023082252485,113.0,0.02400000000000002,-0.03113203513746114,3319.0
apalutamide,0.016920578277892,109.0,0.998,-0.031133120421441413,3320.0
iododexetimide,-0.013606001655634,100.0,-1.514,-0.031178025684129602,3321.0
adenosine,0.010903182464366,108.75,1.082,-0.03122910230773268,3322.0
terconazole,-0.082122622462918,106.5,3.214,-0.03125841790463776,3323.0
gepefrine,-0.021805644953739,106.5,1.26,-0.03127740556507493,3324.0
2-octyldodecan-1-ol,0.042454447656506,110.0,0.534,-0.03131678007621608,3325.0
"ICI-215,001",-0.002003036466082,104.5,-0.16599999999999998,-0.031341516960277614,3326.0
HMN-214,-0.108046598883218,93.5,-1.006,-0.03134962524435373,3327.0
cinaciguat,-0.065921618359199,102.5,1.1239999999999999,-0.03135246468261036,3328.0
EG00229,0.010752108117604,108.0,0.778,-0.03135432768261829,3329.0
GSK2837808A,-0.001037583912356,109.0,1.544,-0.031379227426935295,3330.0
ZAMI-633,0.007848627048909,111.5,2.226,-0.03138522368137364,3331.0
lirimilast,0.204205957935232,101.0,-8.202,-0.03138737436621941,3332.0
TRV130,-0.045615247507625,103.0,0.654,-0.031402713598168965,3333.0
SEN-1269,0.080345293500229,109.0,-1.096,-0.03142990126076284,3334.0
mupirocin,0.046506454248085,110.0,0.386,-0.03143584812581975,3335.0
adarotene,0.002985429090904,100.0,-2.0900000000000003,-0.03145435251045855,3336.0
nitisinone,0.05369037568351,109.5,-0.044,-0.03146068900053663,3337.0
enciprazine,0.068651399099682,110.5,-0.13999999999999999,-0.031461604262124555,3338.0
sorbic-acid,-0.092511105487529,101.0,1.386,-0.03146505797493482,3339.0
clevudine,-0.029119105374546,107.0,1.6640000000000001,-0.03146509137184661,3340.0
VUF11207,0.05504689765991,108.5,-0.484,-0.03151689413454495,3341.0
erythromycin-estolate,0.073595360071339,114.0,1.048,-0.03153564482599036,3342.0
VTP-27999,-0.028282176880895,105.0,0.8480000000000001,-0.031554228019728216,3343.0
hydrochlorothiazide,0.028106277614573,109.5,0.766,-0.03158504932403242,3344.0
epirizole,0.052869849784749,111.0,0.5439999999999999,-0.03160669757077217,3345.0
toyocamycin,-0.05546400533477,104.5,1.52,-0.03164777153862708,3346.0
AH11110,0.084501996587766,104.5,-3.0119999999999996,-0.031675840546319854,3347.0
CX-5461,0.03225102878986,109.0,0.42200000000000004,-0.031696613744247114,3348.0
ticagrelor,-0.022941998534144,104.5,0.45600000000000007,-0.031731449437477854,3349.0
naphthoquine-phosphate,0.103496837593853,109.0,-1.904,-0.03184543418873768,3350.0
proglumetacin,0.092335015351412,99.5,-5.236,-0.031886601170491836,3351.0
sulfaguanidine,0.001174202457058,107.5,0.8160000000000001,-0.03190191011828095,3352.0
loxoprofen,-0.025348043459167,108.0,1.866,-0.031916563076089775,3353.0
MN-64,0.0341784776838,107.5,-0.256,-0.031932075521342106,3354.0
DVD-111,-0.056226732159254,104.0,1.31,-0.031933639448995375,3355.0
ravuconazole,0.029159156360763,107.0,-0.288,-0.031934282427096505,3356.0
tandospirone,-0.09776825996174,99.0,0.7100000000000001,-0.03195649006114639,3357.0
UK-5099,-0.058224004330969,99.5,-0.376,-0.03196196064407475,3358.0
PHP-501,0.023133680137558,108.0,0.288,-0.03198398215826722,3359.0
RS-17053,0.193298869924357,110.5,-4.266,-0.03212017666222278,3360.0
arctigenin,0.056413642038229,108.5,-0.6199999999999999,-0.03216301060369505,3361.0
sodium-butyrate,0.055823945008515,110.0,-0.020000000000000018,-0.0321719781521396,3362.0
oxyphenonium,0.001627264199666,102.0,-1.372,-0.03217378724492551,3363.0
acipimox,0.068293079538633,107.5,-1.394,-0.03217398869571001,3364.0
AMG319,0.057806667564186,113.75,1.371,-0.03217443588307763,3365.0
picrotin,0.034279925993215,111.0,1.064,-0.03217970379517162,3366.0
aripiprazole,-0.011870332066416,103.0,-0.5520000000000002,-0.032207500938603695,3367.0
DIPT,0.018271601500968,110.5,1.3800000000000001,-0.03223472848064057,3368.0
AMG-208,0.031794258667696,109.5,0.554,-0.032237544463476785,3369.0
morin,0.074229847216408,108.5,-1.214,-0.032287126773618745,3370.0
N6-cyclopentyladenosine,-0.013853871433918,109.0,1.8039999999999998,-0.03246765170743793,3371.0
L-690330,0.041794418939938,107.0,-0.776,-0.03249208429927419,3372.0
esaprazole,0.026582658148835,104.5,-1.258,-0.032518727424818726,3373.0
CCMI,0.004996487178715,103.0,-1.142,-0.03251966546828663,3374.0
befuraline,-0.008947832186284,106.0,0.47000000000000003,-0.03254432742382799,3375.0
isradipine,-0.06648232819555,104.5,1.736,-0.032636477387705254,3376.0
NS-3623,-0.0612442322351,108.5,3.114,-0.03267215329634232,3377.0
bendazac,-0.01784721101457,102.5,-0.6220000000000001,-0.0326952752163705,3378.0
methazolamide,-0.028569995461971,105.0,0.694,-0.03270385325462577,3379.0
gavestinel,0.121411448679948,107.5,-3.19,-0.03272009780822612,3380.0
radezolid,0.033230074233241,110.0,0.6300000000000001,-0.03274168217328529,3381.0
AZD1480,0.046008254178111,108.5,-0.366,-0.03274463093872996,3382.0
"4,5,6,7-tetrabromobenzotriazole",-0.065371614282762,105.5,2.068,-0.032778665397860375,3383.0
isosorbide,0.014094071013082,111.5,1.826,-0.03277872250830708,3384.0
rilmenidine,-0.031305094238446,99.5,-1.3679999999999999,-0.03281480479258858,3385.0
UNC926,-0.006959252084439,106.5,0.558,-0.03283810881702853,3386.0
benzalkonium,0.036850970818596,105.0,-1.442,-0.03284168040117182,3387.0
bucillamine,-0.044684247243248,107.0,1.97,-0.03285570385218787,3388.0
almitrine,0.135830672473428,101.0,-6.2,-0.032865632421258804,3389.0
homatropine-methylbromide,-0.036313771985459,104.5,0.726,-0.03287598128244088,3390.0
FPS-ZM1,-0.002447571735653,103.0,-0.9540000000000001,-0.03289149972662664,3391.0
adrenosterone,-0.108514515309605,97.5,0.3379999999999999,-0.032924089276442046,3392.0
L-valine,0.023627666427769,109.0,0.526,-0.0329283301204791,3393.0
dicloralurea,0.107815670419185,106.5,-3.1700000000000004,-0.03294327179459248,3394.0
XE-991,-0.039817198113651,98.0,-1.6939999999999997,-0.03294979858926217,3395.0
racecadotril,0.04605109834829,109.5,-0.009999999999999964,-0.03296106040463868,3396.0
deltarasin,0.146604025819983,96.0,-8.508,-0.03299809866572508,3397.0
JDTic,-0.0335787358699,99.5,-1.3359999999999999,-0.03310732417731199,3398.0
dantrolene,0.067157250286905,110.5,-0.328,-0.03312529262929231,3399.0
danusertib,0.109163553657754,115.0,0.05799999999999992,-0.03313692534154825,3400.0
ciprofloxacin,0.045962872210772,106.0,-1.392,-0.033146868607372704,3401.0
PHA-568487,-0.02527484786243,100.5,-1.224,-0.03316007589549441,3402.0
ML324,-0.005076921669775,107.5,0.8379999999999999,-0.03317062730352738,3403.0
pantothenic-acid,0.032437626072957,109.5,0.386,-0.03327366083642088,3404.0
bosutinib,0.009873984221884,96.5,-3.936,-0.033317636637565075,3405.0
benurestat,0.152504745766671,114.5,-1.568,-0.03334678649185496,3406.0
CHIR-99021,-0.090241770371203,108.5,3.9560000000000004,-0.033348602436737984,3407.0
pyridoxal-isonicotinoyl-hydrazone,-0.079736175985369,100.0,0.316,-0.033355788518016315,3408.0
lixivaptan,0.041430527605234,111.0,0.6639999999999999,-0.03336706858180453,3409.0
isobutamben,0.016662404659523,105.5,-0.6700000000000002,-0.03337092176465106,3410.0
AQ-RA741,0.06824143710761,108.0,-1.3780000000000001,-0.033439237948894064,3411.0
oxacillin,-0.006269873697133,110.0,1.8079999999999998,-0.033444609574673656,3412.0
2-ethoxybenzoic-acid,0.043702213210085,115.0,2.13,-0.03345881926801275,3413.0
ASCORBIC ACID,0.100138170876947,111.0,-1.252,-0.03348505421297158,3414.0
CYPROTERONE,0.203944162949317,109.0,-5.394,-0.03353806464668826,3415.0
nepicastat,-0.046047602905825,104.0,0.742,-0.033613941508874534,3416.0
agomelatine,0.110143111436596,113.5,-0.624,-0.03361641087851356,3417.0
L-arginine,0.050591026375608,113.0,1.1059999999999999,-0.033633954874019656,3418.0
delavirdine,0.019488437369612,109.5,0.748,-0.033674324374826946,3419.0
NALTREXONE HYDROCHLORIDE,-0.047221304085807,106.5,1.734,-0.03372867122904625,3420.0
preladenant,0.008399613925108,111.0,1.6760000000000002,-0.033765338270339416,3421.0
pioglitazone,0.077006444936426,109.5,-1.126,-0.03376757096618702,3422.0
adelmidrol,-0.04055972507543,105.0,0.9259999999999999,-0.033801148596604026,3423.0
S4,-0.113922480496468,105.5,3.492,-0.03381107187192478,3424.0
oleanolic-acid,0.052759117777335,109.5,-0.348,-0.033812768050757724,3425.0
lappaconite,0.079421204541235,118.5,2.274,-0.03387359193201778,3426.0
ciglitazone,0.035951291230818,109.5,0.17199999999999988,-0.033979932368835154,3427.0
salicyl-alcohol,-0.018283550311786,106.0,0.568,-0.03398050740135383,3428.0
taselisib,-0.050433070404898,98.5,-1.31,-0.03403034128060741,3429.0
"CP-945,598",-0.023972189838256,107.5,1.326,-0.03403843371903126,3430.0
nastorazepide,-0.01359949301944,104.0,-0.372,-0.03406642202467965,3431.0
6-chloromelatonin,0.022780996514693,103.5,-1.7440000000000002,-0.0340734358572102,3432.0
diclofenac,-0.008107811883504,106.0,0.22400000000000003,-0.03408473872798793,3433.0
UNC2250,0.101985027846139,113.0,-0.622,-0.034094074515697605,3434.0
AS-2034178,-0.014417741084698,109.5,1.78,-0.03413113096955478,3435.0
mecarbinate,0.131791344254948,112.0,-1.98,-0.03413356997081048,3436.0
PF-4800567,0.005575029491831,104.5,-0.812,-0.03416324555364877,3437.0
roxatidine-acetate,0.014103493445536,110.0,1.034,-0.034253482148360624,3438.0
CI-976,-0.023961152263764,111.0,2.6399999999999997,-0.03434888834248687,3439.0
CGP-37849,0.064006615340694,110.0,-0.596,-0.03436325511147124,3440.0
pranidipine,-0.063630138436666,107.0,2.368,-0.03436859175340038,3441.0
morantel,-0.004008658193672,99.5,-2.472,-0.03437009538540137,3442.0
KRCA-0008,0.08275810724844,114.0,0.344,-0.03440477929606315,3443.0
brivudine,0.010206188543872,108.0,0.362,-0.03440707404231343,3444.0
teneligliptin,0.061992540596181,112.0,0.23600000000000004,-0.034429561578188404,3445.0
salicylamide,-0.114470379134557,102.5,2.2560000000000002,-0.034439919077055826,3446.0
swainsonine,-0.075102533515714,97.0,-1.166,-0.034536340555339974,3447.0
FK-962,0.052852498294423,110.5,-0.06600000000000002,-0.03453861006221207,3448.0
bempedoic-acid,0.021836557576702,110.0,0.732,-0.03461833235961209,3449.0
lonidamine,0.031251040569088,109.5,0.23200000000000004,-0.03462796473422832,3450.0
tranylcypromine,0.06787624960048,113.5,0.5980000000000001,-0.03463971818746266,3451.0
indapamide,0.024332259162194,111.5,1.228,-0.03465675924513819,3452.0
SNC-80,-0.005628815586069,106.0,0.061999999999999965,-0.034660585421057245,3453.0
SYM-2081,0.0496552179426,108.0,-0.96,-0.03472942720220588,3454.0
captopril,0.007097355341699,104.0,-1.136,-0.0347312325570287,3455.0
zosuquidar,0.032103479559715,108.5,-0.20599999999999996,-0.03478488711802149,3456.0
actinoquinol,0.06313256405797,111.5,-0.05,-0.03481711121493617,3457.0
epinastine,0.042669568757717,113.5,1.384,-0.034847075705496465,3458.0
salazodine,0.059581391883799,113.0,0.642,-0.03485287172219013,3459.0
rifaximin,0.077923505108352,108.5,-1.7,-0.034867145915587705,3460.0
lumacaftor,0.069575789114012,113.5,0.506,-0.03490030930016926,3461.0
TRIAMCINOLONE ACETONIDE,0.014203198848816,109.0,0.5479999999999999,-0.03491972153667677,3462.0
bilobalide,0.034190291950981,109.5,0.092,-0.03494412776866392,3463.0
monostearin,-0.015248421814801,107.5,0.914,-0.034952010721297465,3464.0
SB-218078,-0.061436034000855,108.5,2.794,-0.034968465604450404,3465.0
DUP-697,0.035090018633556,103.5,-2.274,-0.03500119141691264,3466.0
MK-2461,0.093633847276237,111.0,-1.258,-0.0350085385775926,3467.0
ostarine,0.072494346820369,112.5,4.4408920985006264e-17,-0.03506539324952984,3468.0
caspofungin,-0.012791156082259,108.25,1.106,-0.03509001150776081,3469.0
idoxuridine,0.025175523845466,108.5,-0.028000000000000025,-0.03510958254922195,3470.0
LY266097,-0.034277364854914,103.5,-0.04800000000000004,-0.03512853974862418,3471.0
terlipressin,0.03610654140806,111.5,0.7779999999999999,-0.03514313439550102,3472.0
MK-2295,-0.036699831454069,102.5,-0.362,-0.035158370192010624,3473.0
"Cabotegravir (GSK744, GSK1265744)",-0.008507484815165,107.5,0.662,-0.03519082690307248,3474.0
pridinol,0.016565177794509,107.5,-0.15600000000000022,-0.035239253002260496,3475.0
PLX647,0.035767437652429,110.5,0.384,-0.03526167308048189,3476.0
TH-302,0.041250631848674,106.0,-1.54,-0.0352618427171553,3477.0
bupivacaine,0.028178664251301,110.0,0.434,-0.03527179122798241,3478.0
Famotidine,-0.011850574176904,106.0,0.17,-0.03531722005656546,3479.0
R-1479,0.019411719661253,108.75,0.21200000000000002,-0.035415775062264565,3480.0
orphanin-fq,0.045390701098667,111.5,0.434,-0.03545040739988078,3481.0
famotidine,-0.011850574176904,105.5,-0.05,-0.03549978486360994,3482.0
pranlukast,0.045353486226134,111.0,0.22599999999999998,-0.03555697352351661,3483.0
exalamide,0.104825841229456,107.5,-3.058,-0.03556797278747892,3484.0
ozolinone,0.009507247026666,107.5,0.02400000000000002,-0.03557946905506504,3485.0
ampalex,-0.045591656687496,104.0,0.446,-0.03559379292993873,3486.0
clindamycin-palmitate,0.07928733989472,107.5,-2.2359999999999998,-0.035597475512635035,3487.0
phenyl-salicylate,-0.030595856600261,103.0,-0.4280000000000001,-0.03559902093907027,3488.0
Clindamycin phosphate,-0.023449211899332,107.0,0.8920000000000001,-0.03560834748315933,3489.0
gadodiamide,-0.021934561204005,103.0,-0.71,-0.03561169294393055,3490.0
quiflapon,-0.039991283495929,105.5,0.844,-0.03561505319700035,3491.0
A-967079,0.041055282039571,109.5,-0.22599999999999998,-0.03561929850703616,3492.0
lithocholic-acid,0.03180332373255,109.5,0.07200000000000002,-0.03562850815292266,3493.0
ethyl-paraben,-0.038123772310287,104.5,0.39199999999999996,-0.0356393630818533,3494.0
rilpivirine,0.135638873610066,111.0,-2.7079999999999997,-0.03564986063235646,3495.0
aceneuramic-acid,0.013233506385917,103.5,-1.6599999999999997,-0.035656395938857166,3496.0
natamycin,0.078121402420277,107.5,-2.214,-0.03570812915742094,3497.0
trandolapril,0.006785640427479,106.5,-0.296,-0.03571966033762005,3498.0
sulpiride,-0.02614684479656,105.25,0.27599999999999997,-0.0357775841479742,3499.0
2-methoxyestradiol,0.005581960549643,102.0,-2.0119999999999996,-0.03577843889893521,3500.0
SJ-172550,-0.003826182128747,110.5,1.59,-0.035788827263150615,3501.0
PD-168393,0.061814667598612,90.0,-8.492,-0.03580133812050953,3502.0
isoxsuprine,0.011462340143575,109.0,0.51,-0.035811404967690676,3503.0
CP-673451,-0.019052932816353,105.5,0.13200000000000003,-0.03585881291800922,3504.0
WAY-208466,-0.02407515834211,109.0,1.6460000000000001,-0.035907610910768405,3505.0
cirazoline,0.020619612843637,102.5,-2.3280000000000003,-0.03594446806249404,3506.0
isbufylline,-0.014600837628757,106.0,0.14799999999999996,-0.03609841361816091,3507.0
benserazide,-0.10247868307946,96.5,-0.698,-0.03611019074236358,3508.0
radafaxine,-0.043328788587698,110.5,2.8200000000000003,-0.036126307274324344,3509.0
droperidol,0.059866075336964,112.0,0.061999999999999965,-0.03613869642510659,3510.0
mebicar,0.088383983818518,107.0,-2.814,-0.036228569488746275,3511.0
hydroxystilbamidine,0.114664972955164,109.0,-2.8880000000000003,-0.03622892976183819,3512.0
"Saxagliptin (BMS-477118,Onglyza)",-0.031071495123353,105.0,0.274,-0.03623010715502525,3513.0
acetyl-farnesyl-cysteine,0.02302959678626,110.0,0.4640000000000001,-0.036233218199902405,3514.0
perospirone,0.048108921207031,115.0,1.592,-0.03624250637294139,3515.0
voxtalisib,0.005908399464009,109.0,0.6279999999999999,-0.03624556081989424,3516.0
levocarnitine-propionate,-0.087284524655579,103.5,1.508,-0.036246579200547156,3517.0
levetiracetam,0.014098846286777,109.0,0.36,-0.03626690778176574,3518.0
PFK-015,0.045306903680399,104.5,-2.408,-0.03635000249637658,3519.0
SCH-28080,0.012468340063336,110.0,0.788,-0.03635757156245493,3520.0
uracil,-0.00200321371943,108.5,0.6699999999999999,-0.03638551597793386,3521.0
hydroxyamphetamine,-0.063267543099041,104.0,0.9039999999999999,-0.03639509050634807,3522.0
amflutizole,0.005640466266457,107.5,0.02799999999999998,-0.03643190376156258,3523.0
metafolin,0.014354936156519,115.0,2.652,-0.036467548178397445,3524.0
ZK-164015,0.006159588150111,102.5,-1.938,-0.03649209306880049,3525.0
mexiletine,-0.072521854648543,112.5,4.488,-0.03649715707755633,3526.0
foretinib,0.151816518937441,105.5,-5.4879999999999995,-0.036508105711511196,3527.0
GNTI,-0.068046181396521,101.0,-0.12200000000000003,-0.036509125436788525,3528.0
ethylenediaminetetraacetic-acid,0.06190307650097,109.0,-1.222,-0.03651677220459056,3529.0
oseltamivir-carboxylate,-0.054790409884835,102.5,0.030000000000000027,-0.036518712230034965,3530.0
L-citrulline,0.034952465567705,112.0,0.812,-0.03653273324764572,3531.0
AM-404,0.014475512872682,106.0,-0.858,-0.036558490612904206,3532.0
phenolphthalein,0.041418381790957,110.5,0.016000000000000014,-0.03656529571111189,3533.0
tandutinib,-0.084333249777755,95.5,-1.7399999999999998,-0.036580776319551665,3534.0
A-803467,0.029816700607933,111.5,0.776,-0.0365896160925672,3535.0
alosetron,-0.042082804207941,98.0,-2.138,-0.036591279256268296,3536.0
LY411575,0.164549127227198,101.0,-7.659999999999999,-0.036603136733517595,3537.0
WZ811,-0.044295491254459,101.5,-0.72,-0.03667604315436627,3538.0
eupatilin,-0.011545329361768,109.0,1.1300000000000001,-0.036686528833245115,3539.0
brompheniramine,-0.021309797177285,105.5,0.07599999999999998,-0.03676698557902917,3540.0
etosalamide,0.069294200362132,104.5,-3.248,-0.036800470465620995,3541.0
"1,4-butanediol",0.022303969515275,105.0,-1.534,-0.03680214093160369,3542.0
fluorometholone,0.020040735763345,109.5,0.28200000000000003,-0.03682894440618456,3543.0
memantine,0.012224240093676,109.5,0.534,-0.03683506815809049,3544.0
ABT-702,0.05442014127994,107.5,-1.614,-0.03688199610115287,3545.0
levobunolol,0.030166135066781,108.0,-0.6379999999999999,-0.036901017920591604,3546.0
N-cyclohexyl-2-benzothiazolesulfenamide,-0.008956566730134,105.5,-0.344,-0.03691033094174715,3547.0
"hydrastine-(1R,9S)",-0.017814392044212,108.0,0.9120000000000001,-0.03691656535134058,3548.0
floxuridine,-0.064977942830987,99.0,-1.0559999999999998,-0.0369207780378894,3549.0
noretynodrel,0.018444621017411,107.5,-0.45599999999999996,-0.03692308544545575,3550.0
phenacemide,0.077769693486779,113.5,-0.05,-0.036948238352760475,3551.0
talampanel,-0.066778866574751,103.5,0.74,-0.03698308793075581,3552.0
SRC-kinase-inhibitor-I,0.016178182703438,110.5,0.7719999999999999,-0.03699147075287416,3553.0
NGB-2904,-0.003293230623661,105.0,-0.736,-0.03701395875420103,3554.0
AR-12,-0.088994250978469,99.5,-0.1,-0.03702645777095285,3555.0
ethisterone,-0.06705181775454,107.0,2.1,-0.03703440013428124,3556.0
taladegib,0.083215022663104,102.5,-4.508,-0.03703550395724727,3557.0
meclofenamic-acid,0.032341454333701,108.5,-0.542,-0.03709595687108891,3558.0
clopamide,-0.079736019662596,103.0,0.9460000000000001,-0.03711760347448164,3559.0
JTE-013,0.078450798477186,108.0,-2.232,-0.037125945699136485,3560.0
pibenzimol,0.001802139340097,110.5,1.216,-0.037139838680894655,3561.0
naringeninic-acid,0.023050357806267,102.5,-2.582,-0.03717893508453455,3562.0
olmutinib,-0.096467964224476,94.5,-1.8220000000000003,-0.03718924491936256,3563.0
STAT3-inhibitor-VI,0.036899704610248,110.0,-0.12600000000000003,-0.03722783206238941,3564.0
ESZOPICLONE,-0.049489930397684,107.5,1.6960000000000002,-0.03724505231565278,3565.0
adefovir,-0.061568121940646,110.5,3.2439999999999998,-0.037295262403394425,3566.0
oxiperomide,-0.014730299206342,104.5,-0.6020000000000001,-0.03730914364540109,3567.0
PF-04691502,0.050286156937125,102.5,-3.4819999999999993,-0.03731198130110661,3568.0
ICI-192605,-0.000999114048095,106.0,-0.4680000000000001,-0.03733717377454837,3569.0
4-HQN,-0.09899132967488,101.5,0.9540000000000001,-0.03734799170025679,3570.0
Nandrolone decanoate,-0.018966319461947,103.0,-1.058,-0.037385465220876414,3571.0
FRAX486,0.096958327963414,106.5,-3.45,-0.03738689791838919,3572.0
sulfathiazole,0.041298061203709,113.5,1.066,-0.037397966702140795,3573.0
salicylic-acid,0.023928888066659,107.0,-0.898,-0.03741946701620602,3574.0
tecovirimat,-0.107898058595943,101.5,1.228,-0.03744752876604925,3575.0
GPR120-modulator-1,-0.070587321775248,100.0,-0.566,-0.03748111384694212,3576.0
JW-74,-0.014113770164195,106.5,0.12800000000000003,-0.0374944021713984,3577.0
ethaverine,0.199781381586466,100.5,-9.123999999999999,-0.037519273239838946,3578.0
PNU-37883,-0.039506733026878,110.0,2.2939999999999996,-0.03759254493905909,3579.0
theobromine,0.005148758190188,108.5,0.264,-0.037614805567261454,3580.0
2-chloroadenosine,-0.02462751776001,105.0,-0.13200000000000003,-0.037620630289340005,3581.0
XL147,0.039394631518666,108.5,-0.8559999999999999,-0.03770011333493802,3582.0
CPI-1189,0.060064401665769,105.5,-2.692,-0.03772068891317926,3583.0
AGN-194310,-0.011884941100282,111.0,1.77,-0.037723084893608906,3584.0
TC-Mps1-12,0.028967004280163,105.5,-1.6880000000000002,-0.03773494943796444,3585.0
palomid-529,0.068919992838676,113.0,-0.07200000000000002,-0.03775235330174934,3586.0
xamoterol,0.029525026551426,110.0,0.03799999999999999,-0.03775281348504137,3587.0
DR-4485,0.048352041034916,106.5,-1.936,-0.03779837253921059,3588.0
pirinixic-acid,0.021559486003254,108.5,-0.294,-0.0378055737765521,3589.0
WAY-629,-0.032150891263186,104.5,-0.11200000000000002,-0.037827039059908106,3590.0
spermine,0.02105802602273,107.0,-0.8639999999999999,-0.037833914093022315,3591.0
BE-2254,0.014897871120976,106.5,-0.8620000000000001,-0.03785658393568362,3592.0
triptorelin,-0.019547698191138,109.5,1.412,-0.037889917887858705,3593.0
bacitracin-zinc,-0.022071993427835,108.5,1.1039999999999999,-0.03790070118256317,3594.0
phenylacetylglutamine,0.071685339158248,96.0,-6.781999999999999,-0.03790939922960194,3595.0
K-strophanthidin,0.026401960571605,92.0,-6.876,-0.03795465668903127,3596.0
endo-IWR-1,-0.075236778870328,98.5,-1.068,-0.03797540449071316,3597.0
N-oxydiethylenebenzothiazole-2-sulfenamide,-0.006310666657412,103.5,-1.358,-0.037981322040370226,3598.0
anisodamine,-0.009513206999114,115.5,3.402,-0.037989618232592726,3599.0
dolastatin-10,0.01555153474141,106.0,-1.1,-0.038016998721896754,3600.0
KD025,-0.016887404564576,106.5,0.13800000000000004,-0.03805565478691716,3601.0
BAY-85-8050,0.032330535238916,110.0,-0.09800000000000005,-0.03807127620150493,3602.0
practolol,-0.076194050528251,106.0,1.8560000000000003,-0.03810177799051229,3603.0
DQP-1105,-0.085009517533842,104.0,1.3439999999999999,-0.038249080082919974,3604.0
methyldopa,-0.110710506852745,97.5,-0.35,-0.038267348913241316,3605.0
PF-04136309,0.026853742104634,106.0,-1.502,-0.038272985868793984,3606.0
biotin,-0.020242842981539,108.0,0.7939999999999999,-0.03830026149339124,3607.0
mizoribine,0.062574173508899,111.5,-0.5279999999999999,-0.038309145222270434,3608.0
SM-108,-0.033383284061311,107.0,0.8280000000000001,-0.03832118760791806,3609.0
tiaramide,0.007366335992983,104.5,-1.4620000000000002,-0.038330966701081014,3610.0
relcovaptan,-0.037198243466845,106.5,0.754,-0.03834477991258652,3611.0
alpelisib,0.05765310766989,113.0,0.20799999999999996,-0.03834713837586001,3612.0
lubiprostone,0.011604634054557,107.0,-0.634,-0.038367681242965,3613.0
efavirenz,0.066362047968189,108.5,-1.8239999999999998,-0.03837296354004042,3614.0
chlorogenic-acid,0.043178418197147,112.5,0.47800000000000004,-0.03837672010078974,3615.0
pamidronate,0.089953116912642,113.5,-0.658,-0.038453676084569954,3616.0
1400W,-0.020914408359388,107.0,0.40199999999999997,-0.038480433623080956,3617.0
nefazodone,0.065246404988123,105.5,-2.968,-0.03848347280564365,3618.0
TC-I-2014,-0.000445440057144,104.0,-1.426,-0.03849042253853748,3619.0
dimethadione,-0.057056159722791,102.0,-0.374,-0.03851252631803426,3620.0
TTNPB,-0.0726028013537,101.5,-0.06800000000000006,-0.03853280546976856,3621.0
INCB-003284,-0.019726286914958,105.0,-0.421,-0.03853886847623585,3622.0
inositol,-0.165968115982964,95.5,0.606,-0.03865709493885442,3623.0
CYM-5541,0.000148045333462,100.5,-2.8299999999999996,-0.038675851202847854,3624.0
metoclopramide,-0.00450674343482,107.0,-0.166,-0.038742294126284084,3625.0
lomustine,-0.018328801812929,108.0,0.6679999999999999,-0.03875134578554651,3626.0
benzoic-acid,0.036254992690805,110.0,-0.33,-0.03881070746813923,3627.0
BHQ,-0.180185731901018,106.0,5.1160000000000005,-0.03883539327477126,3628.0
dioscin,0.019302756810887,101.0,-3.28,-0.03884758112692647,3629.0
CITCO,0.005623013015664,107.0,-0.51,-0.03885699705517117,3630.0
Mps1-IN-1,-0.020238836050941,106.5,0.13200000000000003,-0.038861122359978996,3631.0
exisulind,0.095455309709257,109.0,-2.6420000000000003,-0.038871887761087486,3632.0
ephedrine,-0.037953106706252,106.0,0.502,-0.03892451507744691,3633.0
AA-29504,-0.016127755081439,108.0,0.556,-0.03903851682816154,3634.0
flucytosine,-0.015990119192024,107.0,0.14799999999999996,-0.03914703896620505,3635.0
broxyquinoline,0.015018710975598,104.0,-2.0260000000000002,-0.0391924153314156,3636.0
ipragliflozin-L-proline,0.012490888807257,110.0,0.378,-0.0392386222045649,3637.0
IKK-2-inhibitor,-0.04320023817815,107.5,1.2,-0.0393042641950746,3638.0
CRT0044876,-0.087560995902716,100.5,-0.082,-0.03930558849529575,3639.0
cinoxacin,-0.039164866159076,104.5,-0.1,-0.03933987712250079,3640.0
acalabrutinib,-0.003940911765774,108.5,0.312,-0.03934692618797279,3641.0
pralatrexate,0.041975616149808,104.0,-2.9219999999999997,-0.03936081692612844,3642.0
lipoamide,-0.02480896764624,107.5,0.594,-0.0393818928792509,3643.0
AC-710,-0.018136738833053,101.0,-2.146,-0.039391013068067506,3644.0
tezacaftor,-0.01245391645231,108.0,0.376,-0.03946896938425896,3645.0
dapsone,-0.178729628578731,99.5,2.446,-0.03953963264857637,3646.0
3-amino-benzamide,-0.036967633134023,102.5,-0.9780000000000001,-0.03955567547677955,3647.0
mefexamide,0.055637177108462,113.0,0.1,-0.03956649534439638,3648.0
KW-2478,-0.03382110707007,102.0,-1.276,-0.039570752486784544,3649.0
elafibranor,0.004455845568652,110.5,0.776,-0.03963287291510013,3650.0
erteberel,0.096332642781693,113.0,-1.226,-0.039633152053390464,3651.0
camicinal,0.004160290927206,108.0,-0.18800000000000003,-0.03965563549665437,3652.0
torcitabine,-0.007294217979432,107.5,-0.021999999999999974,-0.03972952884433523,3653.0
ethambutol,-0.117473321923827,109.0,4.1240000000000006,-0.03973360657496653,3654.0
peretinoin,-0.002418309051181,108.0,0.010000000000000009,-0.0397599816376251,3655.0
tavaborole,0.004924544642394,108.0,-0.22999999999999998,-0.039777247946766035,3656.0
enalaprilat,-0.039823233525802,107.0,0.8280000000000001,-0.03978777500913577,3657.0
abametapir,0.024704552220805,105.5,-1.8439999999999999,-0.03980380783977322,3658.0
ataluren,-0.005724442641722,111.5,1.464,-0.0398403379381278,3659.0
diethylcarbamazine,0.03496319309406,104.0,-2.768,-0.03987369579463188,3660.0
linezolid,0.023470241664435,112.0,0.708,-0.03987971732138781,3661.0
adapalene,-0.09104521348752,104.5,1.498,-0.03990564642107778,3662.0
trilostane,-0.05786488126788,104.5,0.42400000000000004,-0.03990979683577319,3663.0
mepiroxol,-0.01866541015858,109.0,0.892,-0.0399834000317425,3664.0
glutathione,-0.03494209942533,107.5,0.834,-0.04000006427170599,3665.0
gambogic-acid,0.023454951258808,106.5,-1.456,-0.04008930611336362,3666.0
tizanidine,-0.025077993162662,112.0,2.246,-0.040109024120174884,3667.0
malic-acid,-0.065855688422234,103.5,0.266,-0.0401095623138508,3668.0
BW-616U,-0.014083211151189,107.5,0.13999999999999996,-0.040135209591818266,3669.0
diethylstilbestrol,-0.099235142598253,102.5,0.946,-0.04019207214404682,3670.0
chlorindione,0.010991472229477,102.0,-2.814,-0.04019217679422793,3671.0
para-toluenesulfonamide,-0.043415903428622,105.5,0.29800000000000004,-0.04023850596637779,3672.0
EIT-hydrobromide,-0.050380592537129,102.0,-0.8399999999999999,-0.040272677508599086,3673.0
EPZ020411,-0.050925951734468,107.5,1.308,-0.04030339863070361,3674.0
KH-CB19,-0.033546688206255,105.0,-0.22600000000000006,-0.04031352837710108,3675.0
SB-366791,-0.048372079694301,99.5,-1.8820000000000001,-0.04031980770220015,3676.0
GW-6471,-0.033273803763193,109.5,1.504,-0.040368169736358005,3677.0
thioctic-acid,0.00279739907864,106.5,-0.828,-0.04037291547858975,3678.0
relebactam,0.01114103709201,110.0,0.26,-0.040376685979655526,3679.0
cabagin,0.007485028334546,109.0,-0.015999999999999993,-0.04041993423016832,3680.0
VER-49009,0.040272098877566,104.5,-2.8240000000000003,-0.040425015033595635,3681.0
guanethidine,-0.04993890628391,109.0,1.8379999999999999,-0.04044605369536484,3682.0
nifedipine,-0.063708924889787,106.5,1.308,-0.04048225982300132,3683.0
ibutamoren,-0.08342242556737,108.5,2.7199999999999998,-0.04049640834461551,3684.0
NHI-2,-0.005170482576793,109.0,0.38199999999999995,-0.04050029653138454,3685.0
bonaphthone,-0.026294970733873,103.0,-1.264,-0.04050457147077972,3686.0
"5,7-dichlorokynurenic-acid",-0.031448182224861,104.0,-0.7140000000000001,-0.04053865436789975,3687.0
fluspirilene,0.055966427578344,113.0,-0.05,-0.04054743583784096,3688.0
oxytocin,-0.059111807214492,110.0,2.508,-0.040550814235886024,3689.0
denatonium-benzoate,0.143932056236367,116.0,-1.736,-0.040580061510355016,3690.0
venlafaxine,0.007219958344217,110.5,0.548,-0.04060839475623024,3691.0
tanshinone-I,-0.014155340882555,105.5,-0.7060000000000001,-0.04064255289084192,3692.0
perphenazine,-0.01856551566983,109.0,0.7939999999999999,-0.040650519569254064,3693.0
D609,-0.03029523148478,107.5,0.5900000000000001,-0.04065945273982056,3694.0
retinol,-0.017779959268086,109.5,0.954,-0.040711426485935655,3695.0
paliperidone,0.080008603974627,107.5,-2.9899999999999998,-0.04074098601171886,3696.0
nedocromil,-0.026928619898856,109.5,1.244,-0.04075342768705755,3697.0
ONO-8130,-0.043879823599135,107.0,0.818,-0.040781988195929784,3698.0
ISRIB,-0.175490429430691,106.5,4.872,-0.040849871832805494,3699.0
miriplatin,0.083440271297927,114.0,-0.594,-0.04085245799221101,3700.0
sparteine-sulfate,0.004767136233752,112.0,1.174,-0.04085863049073354,3701.0
miocamycin,-0.025104207057014,110.0,1.3599999999999999,-0.04088748997493611,3702.0
pardoprunox,-0.100114332049007,103.0,1.068,-0.04089959635250884,3703.0
leucomethylene-blue,0.082528289098913,113.5,-0.7699999999999999,-0.040932974008236034,3704.0
ripazepam,0.029659371636827,109.0,-0.8099999999999999,-0.04095945509818,3705.0
delapril,-0.027081573193669,107.5,0.4379999999999999,-0.0409975980628795,3706.0
CH5132799,0.091715403669197,109.5,-2.632,-0.04101931229290786,3707.0
Oxandrolone,0.035581942609899,112.5,0.346,-0.04103589739172956,3708.0
PD-184352,0.081205488690078,100.0,-5.984,-0.04105280818864406,3709.0
fosbretabulin,0.048488683636112,112.0,-0.272,-0.041080886572622176,3710.0
PI3K-IN-2,0.030805734648704,114.0,1.0699999999999998,-0.04112537539112008,3711.0
AT13387,0.18529118431429,118.0,-2.378,-0.04114505889498177,3712.0
STF-31,0.063084303901323,107.0,-2.696,-0.04115947683772984,3713.0
clobutinol,0.001983059793775,109.0,0.04800000000000004,-0.041222386103299015,3714.0
BMS-688521,0.020378612610911,114.0,1.392,-0.04123326084773974,3715.0
terutroban,0.115315776576025,111.5,-2.6559999999999997,-0.041278162802171,3716.0
KB-SRC-4,-0.008026944599521,104.5,-1.394,-0.041357836359009546,3717.0
KHS-101,-0.02560909085426,106.0,-0.244,-0.04136482853413903,3718.0
NG-nitro-arginine,-0.021292926503124,108.0,0.392,-0.041369269811918054,3719.0
tariquidar,-0.03691479037467,108.0,0.8960000000000001,-0.04137898322688941,3720.0
fenoverine,0.020046056053415,109.5,-0.36999999999999994,-0.04141747205965377,3721.0
tipiracil,-0.080232861360915,105.5,1.318,-0.041442666104853955,3722.0
atropine-oxide,0.022421195458481,105.5,-2.006,-0.04146419829147056,3723.0
eprobemide,-0.043249289761817,108.5,1.278,-0.04149859604791447,3724.0
INT-767,-0.06851707801588,106.5,1.318,-0.04150683898279239,3725.0
mestranol,-0.003018737978778,109.5,0.36,-0.0415312625379867,3726.0
mercaptosuccinic-acid,-0.089041693454407,107.5,2.364,-0.041549913186745946,3727.0
sulbactam,0.059584192434108,113.0,-0.312,-0.04156789537446234,3728.0
enzastaurin,-0.010279400957735,112.5,1.7440000000000002,-0.04163883788961594,3729.0
levopropoxyphene,-0.057718179102369,109.0,1.92,-0.04164041174116676,3730.0
chlorphensin-carbamate,-0.012888810761613,112.5,1.826,-0.04165584881413805,3731.0
THZ2,-0.035682953158212,105.0,-0.35000000000000003,-0.041672921065535884,3732.0
sanguinarium-chloride,-0.024924562341647,94.5,-4.774,-0.04167700651927605,3733.0
sodium-gualenate,0.05926005661128,96.5,-6.7219999999999995,-0.041682794568407254,3734.0
ginsenoside-C-K,0.025660710238224,117.5,2.5140000000000002,-0.041694902128834345,3735.0
rucinol,-0.098115970246596,99.0,-0.6639999999999999,-0.04170791701326856,3736.0
acebutolol,-0.028244489161899,113.0,2.508,-0.041718036323039165,3737.0
3-indolebutyric-acid,0.123482124346869,114.5,-1.8219999999999998,-0.04174421513598736,3738.0
bromantan,-0.110872590747152,99.5,-0.06400000000000002,-0.041755451065246585,3739.0
pirlindole,0.011153690838516,105.5,-1.684,-0.0417634663845553,3740.0
vigabatrin,0.18842815526479,99.5,-9.756,-0.041821483963923524,3741.0
metitepine,-0.053636224667958,112.0,2.9219999999999997,-0.04185398200006363,3742.0
azlocillin,-0.025235084516058,104.0,-1.1059999999999999,-0.04188320367740631,3743.0
BAY-41-2272,-0.056978152953263,102.0,-0.858,-0.04190186867826551,3744.0
desoxycortone,0.013995226359545,107.0,-1.214,-0.04190616196902767,3745.0
DR-2313,0.029672532742211,113.5,0.7939999999999999,-0.04196021811839675,3746.0
carbachol,-0.147601809614338,101.0,1.672,-0.041997724990217665,3747.0
cholic-acid,0.010888952794633,110.0,0.03400000000000003,-0.04202501571988041,3748.0
"Isoquinoline,-6,7-dimethoxy-1-methyl-1,2,3,4-tetrahydro,",0.020490239157873,105.0,-2.226,-0.04208650508692476,3749.0
fosaprepitant-dimeglumine,0.021489973898772,112.5,0.65,-0.042105099052492344,3750.0
GR-135531,0.071076869808533,108.0,-2.7020000000000004,-0.042113785125856396,3751.0
nalidixic-acid,-0.061281802010967,105.5,0.6060000000000001,-0.042138997145351,3752.0
doxercalciferol,-0.077172891928781,106.0,1.314,-0.042140088979385294,3753.0
AST-1306,-0.054584207365327,101.5,-1.1640000000000001,-0.0421446487287613,3754.0
VLX600,0.010040831237654,107.25,-1.034,-0.04222266142383857,3755.0
ARV-825,-0.068236410435471,100.5,-1.122,-0.04222580398957217,3756.0
rasagiline,0.097548464035384,115.0,-0.8619999999999999,-0.042258380840463815,3757.0
begacestat,0.007740235751619,98.0,-4.558,-0.04228047663626252,3758.0
paracetamol,-0.068510312403591,103.0,-0.15200000000000005,-0.04229048846336795,3759.0
darifenacin,-0.024957374090604,105.5,-0.5940000000000001,-0.04231410815099027,3760.0
TCS-OX2-29,-0.114600485859813,105.0,2.1,-0.042398308204999124,3761.0
dopamine,-0.112484721772972,100.0,0.06999999999999999,-0.0425454163454955,3762.0
timonacic,-0.090471335600294,109.5,3.042,-0.04256720472854244,3763.0
benznidazole,0.056564099085787,112.5,-0.5519999999999999,-0.04257902389267062,3764.0
Epirubicin Hydrochloride,-0.015974220201957,107.75,-0.050000000000000086,-0.04258641509640556,3765.0
betazole,-0.083476110040225,105.0,1.058,-0.04264540394804291,3766.0
alpidem,0.070511429142224,99.5,-6.061999999999999,-0.04267115479560032,3767.0
clofilium,0.034418433374998,117.5,2.09,-0.042685220168439265,3768.0
pronethalol,-0.065206948625392,104.0,0.06400000000000002,-0.042749917667098236,3769.0
carbetocin,0.123247127169924,118.0,-0.6,-0.04275833184978217,3770.0
clebopride,-0.011781640667672,110.5,0.8539999999999999,-0.04278160107194421,3771.0
tioconazole,-0.037461653038186,106.0,-0.0620000000000001,-0.04278286022964332,3772.0
anpirtoline,0.046432982147323,106.5,-2.582,-0.042782907490459245,3773.0
colfosceril-palmitate,0.151727004042708,103.0,-7.35,-0.04280539699044369,3774.0
BTB1,-0.047597331848854,116.0,4.144,-0.04280544871062686,3775.0
GSK2256294A,-0.048828061957104,103.5,-0.67,-0.042820764949771085,3776.0
"4,4-pentamethylenepiperidine",-0.073137554684212,104.0,0.306,-0.04285242286561767,3777.0
oxacyclohexadecan-2-one,-0.050286564103095,105.5,0.14400000000000004,-0.04288725993382433,3778.0
tolfenamic-acid,0.009712580819195,109.5,-0.25,-0.042926005504787944,3779.0
nilvadipine,-0.076079942490369,105.5,0.9720000000000001,-0.04293256964672406,3780.0
cloprostenol-(+/-),-0.026474139764574,110.5,1.2920000000000003,-0.043044273198747596,3781.0
cutamesine,-0.048217537624752,106.5,0.44000000000000006,-0.04306462997410576,3782.0
sulisobenzone,-0.020708222286128,109.0,0.516,-0.04309545875356021,3783.0
2-[1-(4-piperonyl)piperazinyl]benzothiazole,0.003238171903583,102.0,-2.982,-0.043140489400174044,3784.0
eperezolid,0.041696243948164,112.5,-0.15399999999999997,-0.043163209428419225,3785.0
betulinic-acid,0.029625661416413,108.5,-1.318,-0.04317706631451068,3786.0
Abiraterone (CB-7598),-0.029498681854922,115.0,3.116,-0.04318813569569805,3787.0
CDPPB,-0.166471096125692,103.5,3.072,-0.04327021224544225,3788.0
zuclopenthixol,0.010918189774806,109.5,-0.33999999999999997,-0.04328500182696582,3789.0
GDC-0994,0.051885828241564,106.25,-2.9299999999999997,-0.04330779387640493,3790.0
cidofovir,0.027862517447722,108.5,-1.286,-0.04335332866263971,3791.0
XD-14,-0.057178525622082,111.0,2.434,-0.04336370446633886,3792.0
mirabegron,-0.070439119599043,101.5,-0.8320000000000001,-0.04341822499906789,3793.0
dichlorisone-acetate,-0.001016583809047,102.5,-2.69,-0.04342002943999601,3794.0
tenofovir,-0.035892443032018,105.0,-0.5980000000000001,-0.04346641916310986,3795.0
tribenoside,-0.049295250890951,101.5,-1.526,-0.04348847094126881,3796.0
milnacipran,0.018631726292464,105.0,-2.366,-0.04349527616710717,3797.0
PDP-EA,-0.00803916515805,106.5,-0.93,-0.0435587827461383,3798.0
20-hydroxyecdysone,0.04012686745566,108.5,-1.714,-0.04357323083131178,3799.0
pyrazinoylguanidine,0.0685186244417,107.5,-3.022,-0.043582893924308176,3800.0
domperidone,0.001544504487383,110.0,0.11399999999999996,-0.04358989443870905,3801.0
PD-81723,-0.066160391752977,99.0,-1.98,-0.043694537490213015,3802.0
AN2718,-0.096125365617207,106.5,1.8980000000000001,-0.043711253354475975,3803.0
almotriptan,0.009951363348201,109.5,-0.374,-0.0437445220990732,3804.0
estriol,-0.011663479568673,108.5,-0.06999999999999998,-0.043794688153232286,3805.0
SB-657510,-0.105307281468401,102.0,0.43599999999999994,-0.04379891027705877,3806.0
dutasteride,0.111140212266831,111.0,-3.076,-0.043819535829865454,3807.0
CDBA,-0.068118596912106,107.5,1.364,-0.04382451626247408,3808.0
deoxycorticosterone-acetate,-0.037504159608124,102.5,-1.5900000000000003,-0.04398602028834797,3809.0
sitafloxacin,-0.033353545202322,106.5,-0.17799999999999994,-0.044030009130734106,3810.0
PD-166793,-0.057670297282228,107.0,0.8019999999999999,-0.0440351623293996,3811.0
CGK-733,0.047246646064556,104.5,-3.5759999999999996,-0.044130369219582764,3812.0
NU-1025,-0.02611351138167,113.5,2.286,-0.04416162709200352,3813.0
ICA-121431,-0.089944601497239,105.0,1.026,-0.044343754572161886,3814.0
firategrast,-0.050028937256794,105.0,-0.266,-0.04434865537464224,3815.0
cefadroxil,-0.015954011469624,108.5,-0.014000000000000058,-0.044377572048075686,3816.0
benfotiamine,-0.026427653016636,111.5,1.486,-0.04440026846745641,3817.0
5-aminolevulinic-acid,0.045906190545423,113.0,-0.2899999999999999,-0.04452795585610795,3818.0
N-alpha-methylhistamine-dihydrochloride,-0.040899115415034,109.5,1.1540000000000001,-0.0445685200144312,3819.0
mivacurium,-0.090937545783548,103.5,0.442,-0.04458257464460458,3820.0
o-3M3FBS,-0.087186012178264,113.0,4.004,-0.044609893272747524,3821.0
iloprost,0.011462191263261,108.0,-1.1300000000000001,-0.044623941353741294,3822.0
PFI-1,-0.040871188425627,108.0,0.5619999999999999,-0.04463117008300299,3823.0
lobenzarit,0.039976270825399,113.0,-0.11600000000000002,-0.044653523715331045,3824.0
tocofersolan,0.047106910388785,117.5,1.3960000000000001,-0.04468103571325954,3825.0
dofetilide,0.059020519589343,111.5,-1.3199999999999998,-0.04469369469405867,3826.0
muscimol,-0.002744194525271,111.0,0.484,-0.04469420546181032,3827.0
SB-683698,-0.140778297080626,101.5,1.256,-0.04473833052894501,3828.0
Homatropine Bromide,0.016427225385996,108.5,-1.1179999999999999,-0.04477488696918375,3829.0
benzoin,-0.114368807565256,101.0,0.198,-0.04480567171549321,3830.0
decamethonium,0.086415956669363,108.0,-3.5840000000000005,-0.04482939175028078,3831.0
SU9516,-0.060703818927032,109.0,1.5619999999999998,-0.04484047261419096,3832.0
traxoprodil,-0.036965811939036,107.5,0.20999999999999996,-0.044853563778461315,3833.0
dinitolmide,-0.018615626930666,106.5,-0.784,-0.04493962577174796,3834.0
olanzapine,-0.059878649800405,108.0,1.1320000000000001,-0.0449472894199906,3835.0
compound-w,-0.080668855603295,108.0,1.8039999999999998,-0.04495137135438798,3836.0
tromaril,-0.077370259976603,105.0,0.532,-0.04495766702886694,3837.0
vinburnine,-0.066209449896908,99.5,-1.964,-0.04495919821659089,3838.0
WWL-123,-0.053163108677128,111.0,2.076,-0.044969395428520596,3839.0
BGT226,0.115316972433116,104.5,-5.9,-0.044988272056798194,3840.0
TP-003,-0.013590302864873,107.5,-0.5660000000000001,-0.044992829269066635,3841.0
CX-516,-0.071254306209874,104.5,0.134,-0.04500045584120086,3842.0
linalool,-0.008370973695855,107.0,-0.93,-0.04500046663549543,3843.0
MG-624,-0.14055579988466,105.0,2.564,-0.04504286573562988,3844.0
KRN-633,-0.026549718121894,108.0,0.025999999999999978,-0.04514286214772759,3845.0
A61603,0.034585025927757,110.5,-0.984,-0.04516095202256217,3846.0
fenbufen,-0.047088677251952,104.0,-0.866,-0.045170507874472854,3847.0
tagatose,-0.017846248565824,107.5,-0.45999999999999996,-0.04521586288401306,3848.0
bromfenac,-0.048026478602472,104.5,-0.65,-0.04522966905746487,3849.0
fenoprofen,0.020206260587267,108.0,-1.5,-0.045237237034658685,3850.0
tolvaptan,0.085681454934885,119.5,0.8379999999999999,-0.04528885786241743,3851.0
bromperidol,-0.083472676889165,106.5,1.262,-0.045306929375452144,3852.0
IU1,0.044004844337558,112.0,-0.734,-0.045354242180316175,3853.0
zoledronic-acid,0.037227226402241,115.5,0.842,-0.04536635291565102,3854.0
SNAP,0.015765008358903,108.5,-1.192,-0.04544661680064144,3855.0
gadobutrol,-0.03060402035112,109.0,0.496,-0.045489845607834756,3856.0
TC-OT-39,0.054524367917914,109.5,-2.072,-0.045546821800836836,3857.0
psoralen,-0.033652992205251,108.0,0.194,-0.04557787808713728,3858.0
palosuran,-0.003506439090052,112.5,0.96,-0.045615362931176816,3859.0
4-P-PDOT,-0.081572529801246,110.0,2.5140000000000002,-0.04562361949255045,3860.0
ronidazole,-0.006766827388661,114.5,1.834,-0.04566983776054715,3861.0
EPZ015666,-0.044277097661122,100.5,-2.402,-0.04578001486224744,3862.0
SKA-31,-0.074687772648872,102.0,-0.8380000000000001,-0.04579413952468925,3863.0
beta-hydroxy-beta-methylbutyrate,0.016757870796795,105.0,-2.634,-0.04580859437248789,3864.0
NADPH,-0.081590676228855,106.5,1.122,-0.045863863024121786,3865.0
NMS-P715,-0.066827932932635,111.0,2.3899999999999997,-0.045870927533878524,3866.0
VX-745,-0.049026232071931,107.5,0.442,-0.0459669576668276,3867.0
mabuterol,-0.050073622723515,107.0,0.27999999999999997,-0.04597975793867678,3868.0
ethenzamide,-0.013882300896576,118.5,3.5700000000000003,-0.04599869311082986,3869.0
fdcyd,-0.200658886516767,97.5,1.4579999999999997,-0.04602416564982281,3870.0
rolziracetam,-0.042467192062445,106.5,-0.17600000000000007,-0.046091406037668925,3871.0
BRD7389,-0.00844135003622,112.5,1.048,-0.04611972976155635,3872.0
allantoin,-0.042612488615791,104.5,-0.9540000000000001,-0.04613672735580321,3873.0
FPH1-(BRD-6125),0.034122068799993,113.0,-0.13799999999999996,-0.04614158574402035,3874.0
morniflumate,0.076728533513728,107.5,-3.664,-0.04623257323819537,3875.0
etoposide,-0.114406620053328,104.5,1.3539999999999999,-0.0462394885255261,3876.0
carbazochrome,0.001297348402352,113.0,0.892,-0.04636618787630394,3877.0
Ginkgolide A,-0.014073719527462,113.5,1.58,-0.046389643220749975,3878.0
quinidine,0.154718416740993,107.75,-6.115,-0.04640854185120987,3879.0
methyllycaconitine,0.006714037470986,109.5,-0.65,-0.04642466298305995,3880.0
floctafenine,-0.156688977539243,105.5,3.082,-0.0464365895796404,3881.0
ORG-26576,-0.033276972652117,108.5,0.24800000000000005,-0.04647823455982203,3882.0
MK-5046,0.029959778891176,112.0,-0.43999999999999995,-0.04648315720550803,3883.0
TC2559,-0.040634777326216,108.5,0.484,-0.04649253098814743,3884.0
phenylephrine,-0.011482278842633,110.5,0.314,-0.04651474437045925,3885.0
trichlormethiazide,0.061568554994263,100.0,-6.13,-0.046552544798997765,3886.0
GP1a,0.015747604502966,109.5,-0.9639999999999999,-0.04657781982103526,3887.0
uric-acid,-0.031939216765138,106.0,-0.792,-0.04666403912476184,3888.0
SR-3576,-0.079068747298277,104.5,0.14400000000000004,-0.04670966522585118,3889.0
CZC-54252,-0.033979530096659,103.0,-1.904,-0.046759862835863454,3890.0
ambrisentan,-0.023286314873204,104.0,-1.866,-0.04678940782337163,3891.0
beta-naphthol,-0.048895657184751,111.0,1.666,-0.046883742694368534,3892.0
bisoctrizole,-0.045713853704099,113.5,2.5260000000000002,-0.04693579237604021,3893.0
BRL-37344,-0.066332848218791,107.0,0.668,-0.046951198846092744,3894.0
succinylcholine-chloride,-0.013559265798118,109.5,-0.07400000000000002,-0.04698681911133477,3895.0
THZ1,-0.108494192232674,94.0,-3.02,-0.046995184589119,3896.0
trometamol,-0.071885141566062,106.5,0.6440000000000001,-0.047018465117469654,3897.0
methylprednisolone,-0.062448322019639,107.5,0.72,-0.04706663240676948,3898.0
midodrine,-0.058253021357428,107.5,0.584,-0.047068593974943305,3899.0
bitoscanate,-0.025455546983669,106.5,-0.866,-0.047074536720909034,3900.0
avagacestat,0.080564445752366,108.5,-3.5200000000000005,-0.047077566088559765,3901.0
OICR-9429,0.030912001482394,115.0,0.594,-0.04718420662727022,3902.0
sinomenine,0.140923842651546,122.5,-0.05400000000000005,-0.047184292135422,3903.0
"5-(4chlorophenyl)-4-ethyl-2,4-dihydro-3H-1,2,4-triazol-3-one",0.016570939991805,110.0,-0.892,-0.04724959721257079,3904.0
NK-252,-0.012544502500519,113.5,1.408,-0.047252180532845155,3905.0
benzofenac,-0.114477919217157,105.5,1.598,-0.047270333634369464,3906.0
matrine,0.069414373890055,112.5,-1.636,-0.04728338896351303,3907.0
tirasemtiv,-0.108600316904678,104.0,0.812,-0.04736647966868975,3908.0
ORG-9768,0.035131028480035,112.0,-0.7419999999999999,-0.0474314164873928,3909.0
lamotrigine,0.01936807121347,109.5,-1.22,-0.047555427192511414,3910.0
citiolone,-0.01643636748559,107.0,-1.0339999999999998,-0.04756932659130116,3911.0
AZD7762,0.110016845404441,106.0,-5.514,-0.047576406943736806,3912.0
oxatomide,-0.045057920132849,106.5,-0.30399999999999994,-0.047582452771384474,3913.0
OTS514,-0.046027398687538,95.0,-4.742,-0.047623670414622045,3914.0
L-cysteinesulfinic-acid,-0.050562257641412,108.5,0.6439999999999999,-0.0476270269983304,3915.0
medetomidine,-0.061355428901591,102.5,-1.337,-0.04763674765536208,3916.0
CAY10505,0.011120840453829,111.5,-0.194,-0.04767556880604248,3917.0
tabimorelin,-0.000469526269117,112.0,0.368,-0.04772500881887191,3918.0
bosentan,0.026847535492608,112.0,-0.516,-0.047726917234819664,3919.0
clopidol,-0.02969811815411,108.5,-0.04800000000000004,-0.04774689749045039,3920.0
lufenuron,-0.043535855878426,111.0,1.3679999999999999,-0.04776090466556641,3921.0
PF-03084014,0.016633378841031,101.5,-4.266,-0.04776253083704074,3922.0
palifosfamide,-0.029721545714889,107.0,-0.6460000000000001,-0.04786347953629477,3923.0
zeatin,-0.021522310387647,105.5,-1.4940000000000002,-0.04786736129787176,3924.0
balofloxacin,-0.102987043616009,104.5,0.752,-0.04787664236825795,3925.0
ZD-2079,-0.102038445977378,106.0,1.3,-0.04790134266585407,3926.0
TG-003,-0.052438702204431,108.0,0.47000000000000003,-0.04791310372597468,3927.0
hydralazine,-0.078913645828136,104.5,-0.03199999999999999,-0.04791329156203047,3928.0
halofuginone,-0.081972080214113,99.5,-1.874,-0.04791531240046398,3929.0
NVP-231,-0.080224055134202,105.0,0.19400000000000012,-0.0479869130055078,3930.0
neuropathiazol,-0.053115375887229,110.5,1.448,-0.048013196690850614,3931.0
BVT-2733,-0.052970276591341,110.0,1.246,-0.04803600704321823,3932.0
CKI-7,0.002246884503379,113.0,0.61,-0.048135080032575085,3933.0
pleconaril,-0.043131564851768,108.0,0.10599999999999996,-0.048355933511970504,3934.0
avasimibe,0.022189986702146,110.0,-1.2440000000000002,-0.04844785229401168,3935.0
regadenoson,-0.030851973653678,111.0,0.86,-0.04844842379993911,3936.0
pentamidine,0.104440276906751,109.0,-4.294,-0.048454933119766154,3937.0
pramoxine,-0.014360155202913,106.5,-1.4220000000000002,-0.04846170206707501,3938.0
RS-100329,0.045621534026191,111.0,-1.616,-0.048462647611790054,3939.0
phenindione,-0.000221200495231,106.5,-1.888,-0.048522195493156874,3940.0
CB-839,-0.009901268453514,104.5,-2.3560000000000003,-0.04855665853302319,3941.0
MK-3207,0.076609991953881,101.0,-6.514,-0.04856251675129112,3942.0
cephalexin,0.013872595724958,112.0,-0.22000000000000003,-0.048598050641601685,3943.0
D-alpha-tocopheryl-succinate,0.038527653101947,101.0,-5.288,-0.04860471322418206,3944.0
dicloxacillin,0.031462882208019,115.0,0.374,-0.04860743807034177,3945.0
tripelennamine,-0.038572347602502,109.5,0.502,-0.048628378039698626,3946.0
carbidopa,-0.052299095518103,100.5,-2.572,-0.04880359765063669,3947.0
MLN8054,0.001680628289527,109.0,-1.022,-0.048823500467881566,3948.0
sodium-nitroprusside,-0.082769544981929,106.0,0.5440000000000002,-0.048835027759490855,3949.0
cefotiam-cilexetil,-0.028796080229987,109.0,-0.046,-0.04889351517721326,3950.0
pomalidomide,-0.074012738781675,108.5,1.222,-0.04889865162557031,3951.0
phenazone,-0.049523826942603,107.5,0.01799999999999997,-0.049065014728116974,3952.0
sotrastaurin,0.061872107659719,119.0,0.8719999999999999,-0.049105563542574816,3953.0
vilanterol,0.022777700601679,111.0,-0.9880000000000001,-0.0492441448169989,3954.0
terguride,-0.005222878232077,109.5,-0.6679999999999999,-0.04926980021528667,3955.0
cefozopran,0.020946045703114,112.5,-0.354,-0.049296604615031304,3956.0
pirenzepine,-0.009716932947722,108.0,-1.112,-0.04932041095926357,3957.0
aminoglutethimide,-0.082544822719667,110.5,2.212,-0.04933708482275623,3958.0
TCS-HDAC6-20b,-0.113232977160344,97.0,-2.036,-0.049344236672718624,3959.0
naltrindole,-0.096840207323827,105.5,0.732,-0.04934983642076507,3960.0
chidamide,-0.065370087538794,107.0,0.29200000000000004,-0.04937879020721255,3961.0
BI-224436,0.015226062578442,104.0,-3.482,-0.04939467365936242,3962.0
zidovudine,-0.14375417348151,107.5,3.018,-0.049405918508472646,3963.0
nelarabine,-0.012395976483151,109.0,-0.6519999999999999,-0.04942459774900391,3964.0
betamethasone,-0.023353814583987,111.25,0.5710000000000001,-0.04945831649005228,3965.0
atovaquone,0.027969483485546,106.0,-3.13,-0.04947916420547871,3966.0
m-chlorophenylbiguanide,-0.047383324370917,108.0,0.06999999999999992,-0.04957761958548953,3967.0
pyrimethamine,-0.015890081682325,115.0,1.766,-0.04959230623056554,3968.0
sphingosylphosphorylcholine,0.000180888115912,112.5,0.274,-0.04960471925551294,3969.0
alibendol,0.100951460429523,118.5,-0.6620000000000001,-0.04963835316570272,3970.0
integrin-antagonist-1,-0.102300099995951,111.0,2.9939999999999998,-0.04969725734353436,3971.0
enoxolone,0.006879789153299,109.5,-1.122,-0.04970954922433635,3972.0
oxytetracycline,-0.03660717658851,105.5,-1.274,-0.04975399433510334,3973.0
pincainide,0.008683684467804,105.5,-2.7399999999999998,-0.04975965585079526,3974.0
trepibutone,-0.055771408321991,106.5,-0.26799999999999996,-0.04976884371246008,3975.0
hippuric-acid,-0.076583313623279,109.0,1.364,-0.04985057013256603,3976.0
cefminox,0.045005439556859,115.0,-0.242,-0.049859672315407444,3977.0
SC-51089,-0.102792232449826,108.0,1.8199999999999998,-0.049876957164048684,3978.0
dantron,-0.054478642456972,103.0,-1.684,-0.049879497040002274,3979.0
fruquintinib,0.013908629625158,110.5,-0.99,-0.0499118814763622,3980.0
minodronic-acid,-0.026056832668692,108.0,-0.668,-0.04991601329615347,3981.0
TC-FPR-43,0.011283780354317,112.5,-0.13199999999999998,-0.04993425489345268,3982.0
AZD1080,-0.23759619946958,100.0,3.058,-0.05000343877525567,3983.0
granisetron,-0.15960703610099,98.5,-0.04800000000000004,-0.05000900824856358,3984.0
MR-948,-0.059716050347291,104.0,-1.1460000000000001,-0.05001722794334995,3985.0
zatebradine,-0.002822170224278,112.5,0.31000000000000005,-0.050035192803634256,3986.0
tenatoprazole,0.161702315764476,105.0,-7.942,-0.05016554330895784,3987.0
chromium-picolinate,-0.014686983095185,112.0,0.48,-0.05017436789186488,3988.0
PDE10-IN-1,-0.09605556914473,106.5,0.974,-0.050199835519480075,3989.0
secoisolariciresinol-(-),-0.063781830755337,109.0,0.898,-0.05021564969871961,3990.0
ARRY-334543,-0.1561947835558,97.0,-0.77,-0.050216068612118324,3991.0
xylose,-0.036653394301283,107.5,-0.5660000000000001,-0.05024505050469478,3992.0
1-deoxymannojirimycin,-0.091498798604574,101.5,-1.124,-0.05026973101013347,3993.0
dixanthogen,-0.037664182299444,106.5,-0.9280000000000002,-0.050291290412884306,3994.0
methimazole,-0.074141294111368,107.5,0.6399999999999999,-0.05029266328767975,3995.0
"2,3-DCPE",0.093042457548553,111.5,-3.218,-0.050306713287990745,3996.0
dapivirine,0.069986441637664,114.5,-1.312,-0.05033680060239739,3997.0
bethanechol,0.041680397202289,105.5,-3.8899999999999997,-0.0503406227173722,3998.0
otamixaban,-0.076373115853374,100.5,-2.012,-0.05034393316647556,3999.0
glycitein,0.004777265825484,110.5,-0.762,-0.050386391220703174,4000.0
retinaldehyde,-0.110714984133692,114.0,4.33,-0.05040558156840891,4001.0
LY2603618,0.047450097039724,111.0,-1.9520000000000004,-0.050411488330995104,4002.0
CCT018159,0.075037018744875,113.5,-1.886,-0.05049503837307712,4003.0
clofedanol,-0.070504358456213,110.5,1.6460000000000001,-0.05057942098740816,4004.0
LUF-5834,-0.024229134627822,108.0,-0.8240000000000001,-0.050597945067905936,4005.0
ICI-89406,-0.029120583828166,109.0,-0.2880000000000001,-0.050670968802187875,4006.0
barasertib-HQPA,0.087529779966124,111.5,-3.092,-0.05067515636249742,4007.0
Ko143,0.027187191492287,111.5,-1.1400000000000001,-0.050676080112249555,4008.0
Brivaracetam,0.026613481468579,111.0,-1.326,-0.050749955249445776,4009.0
dihydromyricetin,-0.098397531196488,108.0,1.552,-0.05076271970263372,4010.0
afobazole,-0.020926156717744,111.0,0.20800000000000002,-0.05077772947117546,4011.0
SAR-245409,0.047623286426653,119.0,1.084,-0.05085811757930481,4012.0
piperidolate,0.169628557466546,105.5,-8.106,-0.05088107299962471,4013.0
silodosin,-0.143791623051412,105.5,2.032,-0.05089089083344456,4014.0
daunorubicin,-0.016296131065932,105.5,-2.1060000000000003,-0.05098534927128969,4015.0
trimethobenzamide,0.001964596975298,110.5,-0.772,-0.05109732280660351,4016.0
olesoxime,-0.091664656323275,106.5,0.704,-0.0511005397628543,4017.0
taurolidine,-0.043744234641659,109.0,0.12000000000000002,-0.05112914624175576,4018.0
letermovir,-0.054819975384006,109.0,0.476,-0.051145401188412896,4019.0
purvalanol-A,-0.027960560172614,109.0,-0.394,-0.051152978028333594,4020.0
3-bromocamphor,-0.092716118776371,105.5,0.34,-0.05117012153129811,4021.0
barasertib,0.032283756202911,111.5,-1.3820000000000001,-0.051218978943484074,4022.0
ML-213,-0.10203704918997,102.0,-0.728,-0.05124812296827752,4023.0
TC-S-7003,-0.055130860448974,104.0,-1.47,-0.05125382071277088,4024.0
ferulic-acid,-0.044263069901581,110.5,0.7,-0.05126276579228184,4025.0
imipenem,-0.161405234216985,113.5,5.654,-0.05126302333467688,4026.0
gemcitabine,-0.005741638204734,113.5,0.612,-0.05130636954089396,4027.0
methylbenzethonium-chloride,-0.068124877340147,101.0,-2.232,-0.051380344371651065,4028.0
oxaliplatin,-0.088512032227192,111.5,2.484,-0.051513516440849706,4029.0
ketorolac,0.000781037512248,107.0,-2.162,-0.051588890098808626,4030.0
aceglutamide,-0.137182308787734,105.0,1.518,-0.05163790468022863,4031.0
barnidipine,-0.059156737261095,112.0,1.7079999999999997,-0.05165710906463106,4032.0
L-745870,-0.019562602758588,108.0,-1.126,-0.05166114510403963,4033.0
aprepitant,0.071837030408211,108.5,-3.9120000000000004,-0.051824559521582346,4034.0
xaliproden,-0.055863727163338,108.0,0.02400000000000002,-0.05183270099416574,4035.0
rupatadine,-0.027250938314565,107.5,-1.0959999999999999,-0.051834726362640825,4036.0
GKA-50,-0.162779630875802,100.0,0.37399999999999994,-0.05185921317866856,4037.0
tuaminoheptane,-0.092021119110151,109.0,1.56,-0.05198652646131374,4038.0
amrinone,0.00166110047988,112.0,-0.31400000000000006,-0.0520407189095962,4039.0
ilomastat,-0.029431702656256,113.5,1.274,-0.0520412390337612,4040.0
febuxostat,0.040744110421069,117.5,0.556,-0.05204321465434473,4041.0
norelgestromin,-0.091778723783283,107.5,0.9600000000000002,-0.05205665088472766,4042.0
torin-1,-0.07385313358995,107.0,0.182,-0.05208500012537809,4043.0
metirosine,-0.111014921535661,112.0,3.322,-0.0521051994717735,4044.0
bevirimat-dimeglumine,-0.011455311693027,113.0,0.48600000000000004,-0.05212841404927463,4045.0
furaltadone,0.040242353834081,97.0,-7.401999999999999,-0.0521667131632092,4046.0
ceftizoxim,-0.050867329802018,101.5,-2.7119999999999997,-0.05219530497844586,4047.0
GW-788388,-0.04107770881813,114.5,2.0140000000000002,-0.052216443212326324,4048.0
iCRT-14,-0.171124456768294,102.5,1.562,-0.052227305281716596,4049.0
chlorothymol,-0.09768334370501,104.0,-0.23599999999999993,-0.052257699644458366,4050.0
CGP-60474,-0.157537026039614,98.0,-0.6319999999999997,-0.05228253374153321,4051.0
oxyclozanide,0.03063846899262,113.0,-0.9019999999999999,-0.05231307623329684,4052.0
palmitoylcarnitine,-0.018118094489974,106.5,-1.8579999999999999,-0.05238672005682917,4053.0
2-deoxyglucose,-0.115942175081108,107.0,1.5,-0.05239202208880619,4054.0
guanidinoethyldisulfide-bicarbonate,0.024452356642397,107.0,-3.0420000000000003,-0.05239289560037208,4055.0
YC-1,-0.026785178023331,101.0,-3.718,-0.05242660436363996,4056.0
7-aminocephalosporanic-acid,-0.036336298902923,104.5,-2.052,-0.05243677958649706,4057.0
nebivolol,0.050218004741242,107.5,-3.6900000000000004,-0.05245291527083725,4058.0
diloxanide,-0.040810121980846,108.5,-0.364,-0.0525019395345793,4059.0
litronesib,-0.217786895377565,100.5,2.244,-0.05258846629277177,4060.0
ulifloxacin,-0.040209331211797,106.5,-1.1720000000000002,-0.0525885366567426,4061.0
reversine,-0.110411965210497,105.5,0.7020000000000002,-0.052651754487902346,4062.0
cyanopindolol,-0.066466196820072,107.0,-0.13800000000000007,-0.05265538546546126,4063.0
ML130,-0.020175139777817,107.5,-1.4420000000000002,-0.05265899448029476,4064.0
AZ-10417808,-0.136519561138501,108.5,2.7079999999999997,-0.05267283877244081,4065.0
trap-101,-0.108915308332277,103.0,-0.3200000000000001,-0.052674661500128304,4066.0
sorbitol,-0.053405496393386,110.0,0.588,-0.05276709696767209,4067.0
bacampicillin,-0.014429892254133,114.0,0.8739999999999999,-0.05280674667061269,4068.0
LY2365109,-0.071293295634046,101.5,-2.1420000000000003,-0.05283446423632798,4069.0
cilostamide,-0.13083200437686,103.0,0.36,-0.05287896633596741,4070.0
WAY-100635,0.094693563523552,118.0,-1.1260000000000001,-0.05296367852713849,4071.0
flumethasone,-0.049445858352804,110.0,0.43,-0.052977595135297095,4072.0
oleuropein,-0.015826676878793,112.5,0.312,-0.05298266591129449,4073.0
butylphthalide,-0.107524380953503,102.5,-0.604,-0.05299099314310437,4074.0
sonidegib,-0.003903025169429,108.0,-1.8239999999999998,-0.0530085016539491,4075.0
GR-144053,-0.082519097464031,106.5,0.11600000000000002,-0.05315700919867298,4076.0
isometheptene-mucate,-0.057598929314951,109.0,0.2800000000000001,-0.05315799757743045,4077.0
bithionol,-0.095963383413631,106.0,0.3459999999999999,-0.05323351339126636,4078.0
salidroside,0.036299788320847,115.5,-0.246,-0.053236512339802054,4079.0
safinamide,-0.052028696290227,115.0,2.414,-0.053260670967136124,4080.0
MD-920,-0.076475952823812,109.0,0.876,-0.05326138552839336,4081.0
SB-415286,-0.001844505254015,114.0,0.40199999999999986,-0.053263275207338166,4082.0
GSK2578215A,-0.064610986349182,114.5,2.624,-0.053281660012873856,4083.0
azomycin-(2-nitroimidazole),-0.137918137213124,105.0,1.308,-0.05328376716278064,4084.0
neohesperidin,0.005053980412938,112.0,-0.602,-0.05329541852021128,4085.0
TESTOSTERONE,-0.037130497672549,112.5,0.952,-0.05332897807644207,4086.0
cefdinir,-0.118042415257509,107.0,1.4120000000000001,-0.053489789570025405,4087.0
tetrahydropapaverine,-0.02597432252677,108.5,-0.994,-0.05355821288209114,4088.0
talipexole,-0.10023619106456,104.5,-0.146,-0.05357163384745426,4089.0
EO-1428,-0.138090912877118,102.5,0.30199999999999994,-0.05357422700050759,4090.0
pilocarpine,-0.105474793444566,109.5,1.956,-0.053628855887150384,4091.0
A-412997,-0.095890483075176,108.0,1.052,-0.05371152143425898,4092.0
piketoprofen,-0.109398798579322,107.0,1.1,-0.05371767191964342,4093.0
paclitaxel,0.006393830684671,107.5,-2.4539999999999997,-0.05373232089086396,4094.0
CEP-32496,-0.006094129116679,110.5,-0.892,-0.05377729594749,4095.0
AZD5438,-0.165150812802008,99.5,-0.01600000000000019,-0.05377848492261136,4096.0
vindesine,-0.107450975837999,103.0,-0.526,-0.053791317376510515,4097.0
clinofibrate,0.015409946650104,112.0,-1.008,-0.05379505367043743,4098.0
MC1568,-0.041588683103263,100.5,-3.6340000000000003,-0.05384041096541899,4099.0
WYE-354,0.007339044585564,119.5,2.1559999999999997,-0.0538519592115995,4100.0
NH125,0.051601163753972,104.5,-5.098000000000001,-0.0538527875177384,4101.0
DMNB,-0.076697480574595,106.0,-0.376,-0.05392853903207517,4102.0
stepronin,-0.015741117873378,113.0,0.354,-0.054033643491939544,4103.0
nefiracetam,0.049540402104506,113.0,-1.7579999999999998,-0.054034279671128026,4104.0
hydrocortisone-acetate,-0.008675711057632,109.5,-1.24,-0.05408270439645938,4105.0
danoprevir,-0.015376584762707,113.5,0.5279999999999999,-0.054091878517049885,4106.0
PLX4720,-0.027134605981687,113.5,0.9019999999999999,-0.05413680047989603,4107.0
VX-222,-0.117331319881977,107.0,1.296,-0.0541444292418114,4108.0
M-14157,0.003015026230538,103.0,-4.15,-0.054145657005683044,4109.0
mycophenolate-mofetil,-0.124396374668304,108.5,2.1060000000000003,-0.05414975756747872,4110.0
lobendazole,0.096517288243231,101.0,-7.952,-0.054151741908513205,4111.0
fenticonazole,-0.011910945355698,114.0,0.596,-0.05419007468060033,4112.0
guaifenesin,-0.044022360244008,112.0,0.858,-0.05419407154826269,4113.0
sulconazole,-0.03482466068886,110.5,-0.023999999999999976,-0.054209912536704485,4114.0
SDZ-SER-082,-0.054106714234964,108.5,-0.17800000000000002,-0.05422066625945132,4115.0
TERBUTALINE HEMISULFATE,0.027234392606391,113.0,-1.066,-0.05424277020167001,4116.0
aliskiren-hemifumarate,-0.036683427443405,109.5,-0.364,-0.054294396476439334,4117.0
mestinon,0.090159456697788,121.0,-0.006000000000000139,-0.0543087497788014,4118.0
Stigmasterol (Stigmasterin),0.023841765689423,115.5,0.0040000000000000036,-0.054313742745547754,4119.0
fludarabine,-0.043613818933824,107.0,-1.114,-0.05432168053792533,4120.0
trimetozine,-0.063761377105558,113.0,1.8619999999999997,-0.05435389727825494,4121.0
mandelic-acid,-0.044846822297035,113.5,1.444,-0.05435505546451188,4122.0
SB-742457,-0.069091167289514,106.0,-0.6839999999999999,-0.05436449142640187,4123.0
METHYLPHENIDATE HYDROCHLORIDE,0.048555061980902,114.0,-1.3880000000000001,-0.05438630769028733,4124.0
cytisine,0.035117520269507,114.5,-0.768,-0.05444812025433887,4125.0
fenoxaprop-p-ethyl,-0.082529135659498,106.0,-0.26399999999999996,-0.05446817641384764,4126.0
Vinflunine Ditartrate,-0.120123347788292,105.0,0.546,-0.05459539260249217,4127.0
RRx-001,0.028437259269415,116.0,0.003999999999999959,-0.054633318573684954,4128.0
ganetespib,0.071137067960444,111.0,-3.322,-0.05466127332795715,4129.0
hexoprenaline,0.062446758273658,116.5,-0.9280000000000002,-0.054815154985651815,4130.0
gabazine,-0.176072621746692,103.0,1.544,-0.05484699531113831,4131.0
acexamic-acid,-0.057363144508594,111.5,1.002,-0.05485240007297235,4132.0
berberine,0.060548975741875,98.0,-8.07,-0.05497684164668507,4133.0
TFC-007,-0.020010680983046,114.5,0.938,-0.05499326870052127,4134.0
lincomycin,-0.11131768655754,105.0,0.198,-0.05503979328654799,4135.0
etomoxir,-0.054576011749884,109.0,-0.08999999999999986,-0.05507418688140797,4136.0
perchlozone,-0.058880307105943,114.5,2.182,-0.05508804567563963,4137.0
L-ascorbyl-6-palmitate,-0.0422747335075,111.5,0.48,-0.05509088194017405,4138.0
palovarotene,-0.126653545318389,108.0,1.85,-0.05509977523983023,4139.0
tribromoethanol,-0.030352083949514,117.5,2.418,-0.055126639612086636,4140.0
temocapril,0.030403793825186,113.5,-1.106,-0.05516869306050206,4141.0
N-acetyl-tyrosine,-0.057995803059171,113.5,1.752,-0.05518134997690538,4142.0
dasatinib,-0.037126185193183,95.5,-5.932,-0.05533967089920622,4143.0
aceclofenac,-0.047903867646155,110.5,0.238,-0.055344133228548774,4144.0
metipranolol,-0.046065546635208,107.5,-0.986,-0.05534508634230154,4145.0
GS-9620,-0.134546489447622,106.0,1.29,-0.05537488357537601,4146.0
PF-05212384,-0.011301469943241,115.0,0.79,-0.055417858992536186,4147.0
tartaric-acid,-0.03123808008985,103.0,-3.224,-0.055427655040649206,4148.0
topotecan,0.061872947860484,108.0,-4.298,-0.05544482549475782,4149.0
DBeQ,0.020455287866464,109.0,-2.572,-0.055459085565928934,4150.0
eterobarb,-0.095453060814406,105.5,-0.182,-0.05546802006529058,4151.0
JNJ-7777120,-0.009105786393206,111.0,-0.8560000000000001,-0.055575847973609406,4152.0
MEK1-2-inhibitor,-0.074992697384208,104.0,-1.454,-0.055664379819264566,4153.0
NXY-059,0.001912030786424,114.0,-0.061999999999999986,-0.05567410643307491,4154.0
LY2090314,-0.436403546331519,105.0,10.623999999999999,-0.05567889884952282,4155.0
AZD9496,-0.068598327943004,105.0,-1.282,-0.05572962280830995,4156.0
obidoxime,-0.043737828849747,108.0,-0.9280000000000002,-0.05577281929986962,4157.0
NSI-189,-0.011552034498147,114.0,0.346,-0.05586820827131574,4158.0
succinic-acid,-0.082807531063834,106.5,-0.276,-0.05598217011210579,4159.0
mecysteine,-0.051974895513682,112.5,1.052,-0.0560055858795353,4160.0
SB-452533,-0.040765515519647,112.0,0.48599999999999993,-0.056071066931739834,4161.0
UNC2327,-0.144206665270811,110.5,3.2439999999999998,-0.056114765129505605,4162.0
caffeic-acid,-0.039360453106571,110.0,-0.3420000000000001,-0.05611529460846976,4163.0
NVP-BGJ398,-0.052813576792833,117.0,2.802,-0.05617257760970044,4164.0
3-hydroxy-3-phenylpentanamide,0.025065862738461,112.0,-1.6599999999999997,-0.056185824603911784,4165.0
RN-1747,-0.06535973763087,111.5,1.0699999999999998,-0.056194801752635616,4166.0
BMS-649,-0.008948139948648,110.5,-1.1440000000000001,-0.056201195984777165,4167.0
CP-339818,0.029479437118149,108.5,-3.178,-0.05630379431997623,4168.0
exenatide,-0.029697614416827,112.5,0.27599999999999997,-0.05639495384750722,4169.0
navarixin,-0.062898831870448,109.5,0.184,-0.05640686900891023,4170.0
DFB,-0.042097914335607,111.0,0.09,-0.05642989038711965,4171.0
ranitidine,-0.096657019806723,111.0,1.83,-0.05660609485476623,4172.0
methoxamine,-0.119564603942058,107.5,1.2120000000000002,-0.05661045748155025,4173.0
bupicomide,-0.190774272894856,101.5,1.1800000000000002,-0.05665905187014305,4174.0
ibandronate,-0.025920183675877,111.0,-0.4659999999999999,-0.056659640724096315,4175.0
Norethindrone (Norethisterone),-0.020137300231131,112.5,-0.07599999999999998,-0.056695653248417334,4176.0
nintedanib,-0.052409776980127,107.5,-0.976,-0.056719480591302385,4177.0
anastrozole,-0.038911232686006,109.0,-0.834,-0.05674417484507899,4178.0
adipic-acid,-0.045578218654094,105.0,-2.1719999999999997,-0.056752324891718366,4179.0
AMG-925,0.003096736904757,110.0,-1.81,-0.05678035477852572,4180.0
phenformin,0.032101425532685,110.0,-2.75,-0.05679214602110457,4181.0
amfepramone,0.01596007903711,115.5,-0.10600000000000001,-0.05688300343409436,4182.0
AMG-232,-0.119636835364374,114.0,3.6980000000000004,-0.05688632899397076,4183.0
4SC-202,-0.07417306639737,105.0,-1.274,-0.0569428575077738,4184.0
busulfan,-0.025980376959233,102.5,-3.806,-0.05696115947012115,4185.0
moxalactam,-0.04974352672755,110.0,-0.13399999999999998,-0.05701564922036517,4186.0
fenobam,-0.114555566425112,107.0,0.796,-0.05703203796843955,4187.0
SHP099,0.028053193890205,112.0,-1.8780000000000001,-0.057040117536498736,4188.0
lomerizine,0.004299502969269,107.5,-2.8579999999999997,-0.05705321676606756,4189.0
tenofovir-alafenamide,-0.088321191265138,105.5,-0.6419999999999999,-0.05708201939943832,4190.0
CL-218872,-0.183130785584421,104.5,2.036,-0.05708930815189661,4191.0
MDL-11939,-0.102674590644607,106.0,0.005999999999999983,-0.057155297381924076,4192.0
dimenhydrinate,-0.068808537701407,109.5,0.26400000000000007,-0.057189544378173696,4193.0
ethynodiol-diacetate,-0.039595645252479,113.0,0.67,-0.05724162575623518,4194.0
tyrphostin-AG-825,-0.10781000196653,108.5,1.124,-0.05728526409626592,4195.0
erythromycin,-0.170631454420519,101.5,0.42400000000000004,-0.05739371733306561,4196.0
CH223191,-0.086976812411127,109.0,0.6199999999999999,-0.057454881370898526,4197.0
lisuride,-0.111361828067923,110.5,1.988,-0.05747650363180142,4198.0
plinabulin,-0.058455163553349,112.5,1.048,-0.0575095130503096,4199.0
TC-S-7004,-0.069298412122538,110.5,0.6200000000000001,-0.057527291313841634,4200.0
diosmin,-0.119486777127593,106.5,0.6719999999999999,-0.05766181112007951,4201.0
CPI-203,-0.033284654685863,104.0,-3.088,-0.05766859861364589,4202.0
TG-100801,-0.043898297166783,114.0,1.136,-0.05767332448263618,4203.0
CW-008,0.008832397027166,111.0,-1.7420000000000002,-0.057727713100648025,4204.0
thymol-iodide,-0.117006038968734,104.0,-0.388,-0.05772811073686087,4205.0
deferasirox,0.030414903979768,113.5,-1.472,-0.057742611638893195,4206.0
CHLOROPHYLLIDE Cu COMPLEX Na SALT,-0.05290169603721,107.5,-1.1059999999999999,-0.057746638731530485,4207.0
ammonium-perfluorocaprylate,-0.031223623982704,112.0,-0.06599999999999998,-0.05778385725095192,4208.0
ioxilan,0.002487433988308,113.5,-0.576,-0.05779523943903708,4209.0
asaraldehyde,-0.017090634073093,110.0,-1.3039999999999998,-0.05781570472704589,4210.0
teroxirone,-0.041776833437758,115.0,1.4220000000000002,-0.057909147617510905,4211.0
apraclonidine,-0.022404167411678,110.5,-0.954,-0.057928073418659985,4212.0
fananserin,-0.035638422201837,107.5,-1.6939999999999997,-0.05795443861236094,4213.0
mebendazole,-0.162603424971993,102.0,0.27399999999999997,-0.05798751393686996,4214.0
aldoxorubicin,-0.076560362264478,109.0,0.1959999999999999,-0.058067452947094735,4215.0
2-iodohippuric-acid,-0.11112005117565,109.5,1.498,-0.058138546598793694,4216.0
mycophenolic-acid,-0.092313052365459,114.5,2.822,-0.05819651116355573,4217.0
chrysophanic-acid,-0.099260622518575,109.5,1.0939999999999999,-0.05828171516287869,4218.0
indacaterol,0.053238712867568,114.5,-1.9099999999999997,-0.05836041440970737,4219.0
etomidate,-0.047860567867462,110.5,-0.19400000000000003,-0.05837532668300771,4220.0
saccharin,-0.085012455616524,106.0,-0.746,-0.05842673779831079,4221.0
3-(4-methylbenzylidene)camphor,-0.039686258788581,113.5,0.698,-0.05843127627767789,4222.0
cinchonidine,-0.110501679801896,111.5,2.2079999999999997,-0.05846417511333176,4223.0
nomifensine,-0.106270488944013,109.0,1.1,-0.05846973423795313,4224.0
mdivi-1,-0.030400027645739,112.0,-0.19600000000000004,-0.05851142945286536,4225.0
DH-97,-0.061039576429716,110.5,0.21200000000000002,-0.05851859072475618,4226.0
MK-0354,-0.041727682759174,109.0,-1.0,-0.05855412601200231,4227.0
imidurea,-0.075801239030769,107.5,-0.492,-0.058639375513546886,4228.0
broxaterol,-0.005928686266795,111.5,-1.202,-0.05865409762013307,4229.0
CNQX,-0.048661808662087,108.5,-1.0,-0.05876713335393317,4230.0
taltobulin,-0.170603416693023,98.0,-1.142,-0.05884831228571045,4231.0
zibotentan,0.108655085183116,120.0,-1.64,-0.05886695505820231,4232.0
ethylnorepinephrine,-0.108096069837073,105.5,-0.26799999999999996,-0.05895264233339185,4233.0
prednisolone-sodium-phosphate,-0.017902184819182,93.5,-7.851999999999999,-0.05901305214155098,4234.0
PREGABALIN,-0.082149291346451,106.0,-0.932,-0.059084044319861584,4235.0
4-(4-fluorobenzoyl)-1-(4-phenylbutyl)-piperidine,-0.001039863635191,110.5,-1.8099999999999998,-0.05908851441359556,4236.0
dextrose,-0.00495115467264,109.5,-2.08,-0.059147661935412876,4237.0
"ICI-118,551",-0.020507284336437,110.5,-1.19,-0.05915740768341423,4238.0
4-aminohippuric-acid,-0.058229899065777,108.5,-0.746,-0.05915807363667266,4239.0
aurothioglucose,-0.065387820464785,110.5,0.258,-0.059185012336500864,4240.0
dihydrostreptomycin,-0.01186043288738,114.5,0.078,-0.059191140843466626,4241.0
A-1120,0.00200350765515,109.0,-2.506,-0.05919655470761039,4242.0
LY2606368,-0.095192084743137,103.0,-1.6920000000000002,-0.05920759703169783,4243.0
haloperidol,-0.017939520094888,114.5,0.266,-0.05925212634137178,4244.0
TC-NTR1-17,-0.024560383108528,114.5,0.466,-0.05935201820480437,4245.0
carbamazepine,-0.021570586975408,107.5,-2.348,-0.05935455002265433,4246.0
AZ-10606120,-0.131609596935208,115.5,4.3020000000000005,-0.05945943522389626,4247.0
geldanamycin,-0.176971892446011,98.5,-0.8460000000000001,-0.05958105769343347,4248.0
SDZ-220-040,-0.166561705597309,107.0,2.114,-0.059597507858493826,4249.0
BML-284,-0.020968770665031,111.0,-1.048,-0.05962901766341163,4250.0
EPZ004777,-0.156577821295404,108.0,2.164,-0.05970411699873509,4251.0
dextromethorphan,-0.042573251274709,112.5,0.22200000000000003,-0.05970728981578721,4252.0
bupranolol,-0.008642741501816,111.0,-1.464,-0.05975039973976629,4253.0
R-1485,-0.116554240811963,100.5,-2.05,-0.05976199139098141,4254.0
SEW-2871,-0.044744289386795,114.0,0.858,-0.05982295933155013,4255.0
NAV-26,-0.069516795108875,105.0,-1.834,-0.059824579380588716,4256.0
AMG-9810,-0.067953733877714,109.5,-0.13799999999999998,-0.0598247474631769,4257.0
PIM-1-Inhibitor-2,-0.088955978515109,111.0,1.116,-0.05987850239968062,4258.0
chlorophyllin-copper,-0.07115331048188,108.5,-0.442,-0.05996115653114187,4259.0
cisapride,-0.026631100459144,112.0,-0.5239999999999999,-0.059962069883881676,4260.0
RG1530,-0.191320488554382,103.5,1.504,-0.05996713326458025,4261.0
mozavaptan,0.020515765239813,117.0,-0.13000000000000006,-0.060112832600229926,4262.0
nalmefene,-0.040900011894116,112.5,0.10999999999999996,-0.0601146598778766,4263.0
nitrendipine,-0.062009441987993,111.5,0.39799999999999996,-0.060162358518211535,4264.0
embelin,-0.041281483282192,106.5,-2.214,-0.06016783623566487,4265.0
choline-alfoscerate,0.047525297091517,114.0,-2.1759999999999997,-0.06016792706305829,4266.0
A-839977,-0.058612090368952,109.5,-0.49800000000000005,-0.06023156115779663,4267.0
hematoxylin,-0.060071658115342,114.0,1.294,-0.060244291020219,4268.0
PD-153035,-0.238470709643386,104.0,3.182000000000001,-0.06025865993438669,4269.0
TH006744,-0.053971878884206,110.5,-0.26799999999999996,-0.06028799367357477,4270.0
TC-SP-14,-0.069802865790799,113.0,1.214,-0.06029132345865951,4271.0
nisoldipine,-0.036867686488795,111.5,-0.44800000000000006,-0.06039215527056241,4272.0
TG-100572,-0.040020056913074,103.0,-3.6479999999999997,-0.060412337185796895,4273.0
GDC-0941,-0.319217695765175,89.0,-0.06600000000000002,-0.0605280091384485,4274.0
methotrexate,-0.182744239906417,100.0,-0.21199999999999997,-0.060530942245361076,4275.0
VX-765,0.038567897261192,116.0,-1.1640000000000001,-0.060548350115448867,4276.0
avridine,0.068873934399204,102.0,-7.5840000000000005,-0.060588751655746544,4277.0
ftaxilide,-0.119767529499575,106.5,0.25,-0.060696407088053426,4278.0
PX-12,-0.17205892936542,95.0,-2.524,-0.060711616629609,4279.0
talniflumate,-0.089878023394138,108.5,0.05400000000000009,-0.06073380611001067,4280.0
quinapril,-0.145495462188012,109.0,2.036,-0.06081359442602715,4281.0
9-aminoacridine,0.102054888170457,105.5,-7.336,-0.06084941294431789,4282.0
norepinephrine,-0.067039763577081,109.0,-0.508,-0.060855092908646845,4283.0
voglibose,-0.105017440176244,106.5,-0.26400000000000007,-0.06095562006219305,4284.0
tolrestat,-0.01108930186458,108.5,-2.542,-0.06106551719180664,4285.0
uridine-triacetate,-0.024936291154402,111.5,-0.93,-0.061068013901673046,4286.0
mirin,-0.027738869530166,112.0,-0.65,-0.06110131933179652,4287.0
cloxyquin,-0.129802864249669,109.0,1.48,-0.06115382537174585,4288.0
cianidanol,-0.041718871742599,110.0,-0.9959999999999999,-0.061256201982569314,4289.0
omeprazole-magnesium,-0.137763202563015,116.0,4.43,-0.061325879868510756,4290.0
benzoquinonium-dibromide,-0.008894190529587,113.0,-0.906,-0.061344115409482036,4291.0
chromocarb,-0.132878067126284,105.5,0.18599999999999994,-0.06140039199112209,4292.0
spizofurone,-0.067673173445319,112.5,0.7859999999999999,-0.06145309886823058,4293.0
kakonein,-0.01860597877209,103.0,-4.496,-0.06150512710871403,4294.0
digoxigenin,-0.000579089006741,99.5,-6.438,-0.0615076374888102,4295.0
ajmaline,-0.098179437560682,106.0,-0.764,-0.061552001398267664,4296.0
betamethasone-acetate,-0.021023720056381,114.25,-0.07300000000000002,-0.06165782240570935,4297.0
ochromycinone,-0.04608469586686,105.0,-2.854,-0.06166858991961225,4298.0
JNJ-47965567,-0.047003602792039,112.5,0.08599999999999994,-0.06167359487509457,4299.0
bicalutamide,-0.004535829661496,113.5,-0.9,-0.06167545725787312,4300.0
esmolol,-0.009061993599715,115.5,0.019999999999999997,-0.061694374694593934,4301.0
CYM-50260,-0.066941899654864,115.5,1.8920000000000001,-0.061697623195970865,4302.0
2-aminobenzenesulfonamide,-0.161511047462971,108.0,2.024,-0.061813100994587956,4303.0
GNF-2,-0.106287682701521,111.0,1.3960000000000001,-0.06185444538674689,4304.0
propyl 4-hydroxybenzoate,-0.046199327812587,111.0,-0.554,-0.06189733999564114,4305.0
hesperidin,-0.132302924251036,108.5,1.25,-0.06197613049188414,4306.0
prazosin,-0.058516367059327,107.0,-1.72,-0.06198140210196401,4307.0
IKK-2-inhibitor-V,-0.199507579034333,104.5,1.86,-0.06205778838043826,4308.0
idelalisib,-0.015044903821754,116.5,0.55,-0.062058196713167,4309.0
efaproxiral,-0.103188168475913,107.0,-0.288,-0.062074102663354,4310.0
argatroban,-0.015342173034624,115.0,-0.025999999999999978,-0.06208227296893609,4311.0
gadoteridol,-0.07806223960655,108.0,-0.72,-0.06212540045567024,4312.0
batimastat,0.029224403642766,103.5,-5.944,-0.0621718660673907,4313.0
TPPS4,-0.027253686486337,101.5,-4.918,-0.06234679216992219,4314.0
LGK-974,-0.082764317148119,111.0,0.5640000000000001,-0.062354249848529296,4315.0
fedratinib,-0.054001062434629,99.5,-4.836,-0.0623963276288827,4316.0
LDN-212854,-0.148062052509132,103.0,-0.43800000000000006,-0.06242031553582935,4317.0
nicaraven,-0.019971049918538,114.5,-0.13799999999999998,-0.06255872107999438,4318.0
creatine,0.014833669359584,113.0,-1.8540000000000003,-0.06261392919097349,4319.0
teijin-compound-1,-0.116331660815394,103.0,-1.496,-0.06264203325555451,4320.0
noscapine,-0.104579619497808,104.5,-1.294,-0.06264209479165668,4321.0
PD-168568,-0.067832031854354,114.0,1.204,-0.06264513523762871,4322.0
iodoantipyrine,0.031068567603762,117.5,-0.6399999999999999,-0.0626658675850662,4323.0
bismuth-subsalicylate,-0.239988007697187,116.5,7.74,-0.06267126591721679,4324.0
indoprofen,-0.106329327130875,110.0,0.8800000000000001,-0.06276405908283263,4325.0
iopromide,-0.109768425770868,105.5,-0.766,-0.06283915228894492,4326.0
temoporfin,-0.031101900401007,111.0,-1.182,-0.06287995313414303,4327.0
CLINDAMYCIN HYDROCHLORIDE,-0.131470135292124,102.0,-1.43,-0.06289271373364858,4328.0
picrotoxinin,0.067743410373626,116.0,-2.448,-0.06294281925029326,4329.0
methylnaltrexone,-0.017775066215869,118.5,1.286,-0.0629633696189108,4330.0
mivobulin,-0.093934454236602,111.5,1.032,-0.0629697006856681,4331.0
delamanid,-0.097065187173201,110.0,0.548,-0.06299141750737654,4332.0
pitavastatin,-0.127348988975773,115.0,3.468,-0.06299395918076156,4333.0
(-)-Huperzine A,-0.11827467760893,108.0,0.45600000000000007,-0.0630046641352614,4334.0
rizatriptan,-0.005979731839207,114.0,-0.858,-0.06307474323972413,4335.0
nabumetone,0.037686390365467,117.5,-0.922,-0.06314390523248166,4336.0
penicillin-v-potassium,-0.01552073833019,116.0,0.20400000000000001,-0.06323609877238734,4337.0
TUG-891,-0.174414389832188,100.0,-0.868,-0.06325185974843162,4338.0
lemborexant,0.010791617118824,112.5,-2.008,-0.06325239616264233,4339.0
3-deazaneplanocin-A,-0.103623903754468,112.0,1.49,-0.06331834524439557,4340.0
nepafenac,0.060538251237693,120.0,-0.718,-0.06333433581961252,4341.0
bronopol,-0.082809722272943,107.5,-0.9359999999999999,-0.06336096463621155,4342.0
urethane,-0.071595986037541,106.5,-1.698,-0.06343907097929365,4343.0
epothilone-D,-0.104790325793239,107.0,-0.43600000000000005,-0.06348080900871493,4344.0
nalbuphine,-0.053171199193971,114.5,0.8019999999999999,-0.06350237362806366,4345.0
velneperit,-0.010274262409831,115.0,-0.39399999999999996,-0.0635186714249738,4346.0
abiraterone-acetate,-0.050321423152136,111.5,-0.458,-0.06352640649217216,4347.0
amiprilose,-0.029170839641509,104.5,-3.8620000000000005,-0.06354642391854526,4348.0
WZ4003,0.019127498942351,114.0,-1.7440000000000002,-0.0635939814965331,4349.0
tubocurarine,-0.027444511511662,110.5,-1.6060000000000003,-0.06366566409910297,4350.0
farnesyl-thiosalicylic-acid-amide,0.011998103582451,110.0,-3.0780000000000003,-0.06367927939602509,4351.0
NGD-94-1,-0.069433864580081,107.0,-1.61,-0.06369333132234645,4352.0
bisoprolol,-0.025488732364503,106.0,-3.4219999999999997,-0.06370887810715764,4353.0
ODQ,-0.027152925904455,114.5,-0.06999999999999998,-0.06371558498574681,4354.0
pifithrin-cyclic,-0.11512944340492,106.5,-0.33,-0.0637230598728542,4355.0
cintriamide,-0.08833057292687,109.5,-0.03599999999999994,-0.06374719436184335,4356.0
BIBX-1382,0.044660556319664,114.0,-2.596,-0.06377690286044757,4357.0
PF-750,-0.146773794770277,103.5,-0.48200000000000004,-0.06380279428199347,4358.0
BX-912,-0.001859236927294,110.0,-2.65,-0.06382215333500596,4359.0
3-bromopyruvate,-0.102053541769375,111.0,0.96,-0.06395940497019843,4360.0
SGC-CBP30,-0.090492807237624,113.0,1.3439999999999999,-0.06408796866047184,4361.0
I-BET-762,-0.065170908939615,105.5,-2.388,-0.0641008694644009,4362.0
ethacizin,0.009093660176775,112.0,-2.278,-0.0641736152428906,4363.0
pyrithyldione,-0.047073579075728,107.0,-2.404,-0.06419050706134473,4364.0
butalbital,-0.06318075660044,117.0,1.996,-0.06420734275241653,4365.0
cysteamine,-0.032054909406232,112.0,-0.9560000000000001,-0.06423830304284887,4366.0
atipamezole,-0.114447133412766,111.5,1.512,-0.06426216037689732,4367.0
phloroglucin,-0.082499586313978,114.0,1.444,-0.0642959431766491,4368.0
ftorafur,-0.016005454426593,116.5,0.23600000000000004,-0.06448734144410091,4369.0
macitentan,-0.095187960605749,111.5,0.8539999999999999,-0.06450819211349645,4370.0
TMPH,-0.06593177869157,112.5,0.29400000000000004,-0.06451994912766135,4371.0
adiphenine,-0.106345624933032,109.5,0.43599999999999994,-0.0645271783683613,4372.0
SIB-1553A,-0.039642962643975,112.0,-0.756,-0.06455845579576076,4373.0
gossypol,-0.083919319808996,103.5,-2.634,-0.06463772719268242,4374.0
7-keto-DHEA,-0.178985403591081,113.5,4.318,-0.06467134544315127,4375.0
procainamide,0.007369784917104,116.5,-0.55,-0.06469706313505892,4376.0
alfaxalone,-0.014296350489714,111.5,-1.794,-0.06472705941885137,4377.0
ertugliflozin,-0.056456006256102,107.0,-2.18,-0.06475035006934608,4378.0
sparfloxacin,-0.033504844599616,115.0,0.18200000000000002,-0.06475429681428424,4379.0
econazole,-0.224646202004407,101.0,0.9280000000000002,-0.06478062751655607,4380.0
propafenone,-0.108724535604734,110.0,0.668,-0.06480189570184662,4381.0
Cefonicid (sodium),-0.067051976558505,112.0,0.094,-0.06481683012766974,4382.0
NVP-DPP728,-0.094481985971644,114.0,1.7559999999999998,-0.06482841105650157,4383.0
BMS-299897,0.027892065539465,112.5,-2.788,-0.0648488563816609,4384.0
F-11440,-0.038330786850546,115.0,0.32399999999999995,-0.06485371612501974,4385.0
Dihydrotestosterone,-0.033991370565694,109.5,-1.9579999999999997,-0.06490225391898456,4386.0
thymol,-0.024336416322591,112.5,-1.1099999999999999,-0.06493074912380103,4387.0
ASA-404,-0.087859123522253,114.0,1.5100000000000002,-0.06505187981597012,4388.0
AZD1208,-0.08247714563896,109.5,-0.42000000000000004,-0.06511733658626921,4389.0
letosteine,-0.069696011191873,117.0,2.074,-0.06514200036092214,4390.0
ZM-447439,-0.129600204069369,107.5,0.308,-0.06525957985597974,4391.0
ASP-2535,-0.103048003493539,103.0,-2.3019999999999996,-0.06529072821968059,4392.0
gabapentin,-0.107600355199321,109.0,0.15599999999999997,-0.06541785499277049,4393.0
SCH-51344,-0.005977153080878,111.0,-2.36,-0.06545072969909926,4394.0
resorcinol,0.050335620758685,110.5,-4.378,-0.06546601200698843,4395.0
SGC-0946,-0.021116875764283,119.5,1.424,-0.06548520165469696,4396.0
LY2784544,-0.011644067460157,107.0,-3.7359999999999998,-0.06549863083344169,4397.0
valnemulin,0.053832180463986,115.5,-2.556,-0.06550500523253766,4398.0
clarithromycin,-0.07782369179482,109.0,-0.8280000000000001,-0.06556357930169754,4399.0
FPA-124,-0.123945972387758,109.5,0.858,-0.06556469443641548,4400.0
eglumetad,-0.054144846022658,114.0,0.34,-0.06561022323309085,4401.0
teniposide,-0.098296223018905,111.0,0.6020000000000001,-0.06562387334397239,4402.0
SKF-96365,0.00701851897186,107.0,-4.362,-0.06565526154935997,4403.0
levocabastine,-0.082406829430943,112.0,0.46799999999999997,-0.06568086845413779,4404.0
mitoxantrone,-0.008692196503535,108.0,-3.4760000000000004,-0.06572836945889975,4405.0
Ro-67-7476,-0.114040305146214,109.5,0.514,-0.06573042981709314,4406.0
CGP-7930,-0.127175158474401,108.0,0.35600000000000004,-0.06573554285773224,4407.0
AR-A014418,-0.14112141563572,106.5,0.22399999999999998,-0.06574241271250773,4408.0
D-64131,-0.111743823177312,110.0,0.63,-0.06575698650449029,4409.0
probenecid,-0.085443282774813,105.5,-1.972,-0.06578913031240811,4410.0
seocalcitol,-0.077854997105162,110.0,-0.47800000000000004,-0.0658391318970493,4411.0
lylamine,-0.008721327493154,105.5,-4.462000000000001,-0.06584532715212872,4412.0
norethindrone-acetate,-0.146018597037399,105.5,-0.03400000000000003,-0.06594160602946986,4413.0
fiacitabine,-0.064715938983653,111.0,-0.536,-0.06598746818475158,4414.0
ZSTK-474,-0.046328785491886,107.5,-2.4939999999999998,-0.06602056635394334,4415.0
KS-176,-0.033611981820451,112.5,-0.976,-0.06609980919200494,4416.0
lofepramine,-0.094498072632897,113.5,1.376,-0.06614095570542274,4417.0
naltriben,-0.127994258647773,105.5,-0.648,-0.06615911299857458,4418.0
XMD8-92,-0.063146523252764,113.5,0.356,-0.06618144808624067,4419.0
pinitol,-0.034286644487094,114.5,-0.20400000000000001,-0.0662834563062374,4420.0
nor-binaltorphimine,-0.070287975069227,114.5,0.954,-0.0663304235056013,4421.0
bleomycetin,0.128366429329892,111.0,-6.831999999999999,-0.06633683912034076,4422.0
bleomycin,0.028477662591835,100.0,-7.8759999999999994,-0.06637935224631197,4423.0
CO-101244,-0.087148849014243,111.0,0.12400000000000003,-0.06645012139898117,4424.0
YM-58483,-0.078254172675797,105.5,-2.3,-0.06646088308337776,4425.0
estrone,-0.145353909564913,108.5,1.026,-0.06652511020241476,4426.0
lauric-diethanolamide,-0.120592098890341,108.5,0.21799999999999997,-0.06657393269372514,4427.0
GPI-1046,-0.039372035168231,116.5,0.6900000000000001,-0.06661275439909897,4428.0
hyperin,-0.081930916036077,112.0,0.31999999999999995,-0.06661433004157868,4429.0
sirolimus,-0.126394344204083,103.5,-1.548,-0.06666580885855782,4430.0
belinostat,0.018156872257086,97.5,-8.554,-0.06667189878809088,4431.0
gallamine-triethiodide,-0.128043168372715,112.0,1.7919999999999998,-0.06675348935662133,4432.0
doxofylline,-0.11824020716511,105.5,-1.054,-0.06679582385109133,4433.0
etilevodopa,-0.149440814562631,110.0,1.6940000000000002,-0.0668518220761651,4434.0
cloranolol,-0.073529687364407,100.5,-4.45,-0.06685863725220569,4435.0
AT-9283,0.029332612580008,118.5,-0.792,-0.06686344239676696,4436.0
mofegiline,-0.047103829445993,115.0,0.31599999999999995,-0.06690794106000031,4437.0
ractopamine,-0.065886932518327,111.0,-0.648,-0.06704256323019046,4438.0
docosanol,0.047399483125023,102.0,-7.814,-0.06709826729803285,4439.0
VGX-1027,-0.031254622100106,116.5,0.356,-0.06711533904644307,4440.0
nalfurafine,-0.06807478189491,107.5,-1.9580000000000002,-0.0671996820350359,4441.0
thiocolchicoside,-0.002883453961415,114.0,-1.548,-0.06722685876248968,4442.0
TG-02,-0.085626347288656,103.5,-2.95,-0.0672509481098869,4443.0
savolitinib,-0.180042072628607,104.5,0.492,-0.06725486014552313,4444.0
FIPI,-0.172166805083508,106.5,1.0100000000000002,-0.06727943539743864,4445.0
BVD-523,-0.016971765563591,109.0,-3.06,-0.06741771633276646,4446.0
buparlisib,-0.093921560610687,103.0,-2.902,-0.06743602471804182,4447.0
telithromycin,0.013121744127036,117.5,-0.742,-0.06747097374234927,4448.0
coumophos,-0.071534410710749,110.0,-0.9179999999999999,-0.06749709742727272,4449.0
plicamycin,-0.159010258409444,104.5,-0.23200000000000004,-0.06756180888631032,4450.0
oxaprozin,-0.005923090505169,115.5,-0.916,-0.06756849449727291,4451.0
amoxicillin,-0.145676231193254,102.5,-1.442,-0.06757850096680311,4452.0
etofenamate,-0.060062573168639,112.0,-0.534,-0.06764590587346113,4453.0
androstenone,-0.06397762861091,112.5,-0.21600000000000003,-0.06766505862442944,4454.0
XL388,-0.091809402092843,110.5,-0.096,-0.06769404677499731,4455.0
tenoxicam,-0.061356518101141,108.0,-2.052,-0.06769754443941949,4456.0
GW-2580,-0.071952089951341,111.5,-0.35200000000000004,-0.06770623312278949,4457.0
RG108,-0.079115541996567,115.0,1.238,-0.06770765823755738,4458.0
valaciclovir,-0.029335919146952,115.5,-0.194,-0.06781785967344611,4459.0
empagliflozin,-0.159402818386774,105.5,0.12799999999999995,-0.0678492362265229,4460.0
pantoprazole,-0.142209877630701,103.5,-1.208,-0.06787410146571986,4461.0
beclomethasone-dipropionate,0.126297197511941,105.0,-9.315999999999999,-0.0679006901843872,4462.0
methicillin,-0.057364049124022,112.5,-0.466,-0.0679187993280335,4463.0
olmesartan-medoxomil,-0.029614297646713,116.0,-0.013999999999999967,-0.06798026986325274,4464.0
pheniramine,-0.130540076226195,110.0,0.9120000000000001,-0.0680523762766944,4465.0
acrylate,-0.087062537946453,109.0,-0.8939999999999999,-0.06813217265004774,4466.0
SP-141,-0.028159939754765,111.0,-2.024,-0.06813721230757548,4467.0
UNC1215,-0.010615414602906,114.0,-1.432,-0.06817110004489084,4468.0
YM-750,-0.178580981515641,106.0,0.8959999999999999,-0.06817653363891181,4469.0
SCS,-0.026472220060573,112.0,-1.7020000000000004,-0.06821839197827473,4470.0
khellin,-0.101806406382643,109.0,-0.43199999999999994,-0.06823759580041051,4471.0
D-LACTITOL MONOHYDRATE,-0.08939660944402,111.0,-0.07000000000000002,-0.06832766867643307,4472.0
RGFP966,-0.097908701361375,109.0,-0.5759999999999998,-0.06836364546138911,4473.0
AM679,-0.095537186695709,111.5,0.312,-0.06840311907627006,4474.0
PK-11195,-0.12202585690825,111.0,0.974,-0.06840920253659744,4475.0
BMS-536924,0.022351766983143,110.0,-4.09,-0.06844536227538855,4476.0
tanespimycin,-0.047196132483929,113.5,-0.492,-0.06851849855939485,4477.0
T-0156,-0.148010309569576,110.0,1.41,-0.06852526081878296,4478.0
mCPP,0.005699404647912,113.5,-2.208,-0.06855219562707397,4479.0
ARQ-621,-0.017322561358378,112.5,-1.8519999999999999,-0.06855675686769395,4480.0
SCMC-Lys,-0.089320051222796,112.5,0.472,-0.0685931977729729,4481.0
tenovin-1,-0.031590494573907,109.0,-2.76,-0.0686350364745955,4482.0
PF-3274167,-0.108592443454479,105.5,-1.6320000000000001,-0.06866753002116333,4483.0
BAY-W-9798,-0.130133639538536,113.5,2.1559999999999997,-0.06876554899001656,4484.0
BTS-72664,-0.040122458139025,112.0,-1.342,-0.06879278637351723,4485.0
diperodon,-0.089393951453252,107.5,-1.512,-0.0689151482300558,4486.0
cafestol,-0.084210083112546,112.0,0.05599999999999987,-0.06899179305829299,4487.0
anagliptin,-0.112308575067581,109.5,-0.010000000000000009,-0.06902474431602001,4488.0
calcifediol,-0.014655024836572,115.0,-1.042,-0.06907789584758244,4489.0
dynasore,-0.106592430050442,108.5,-0.596,-0.06911588420495034,4490.0
YO-01027,0.179962537496365,119.0,-5.798,-0.06916581939666562,4491.0
ramelteon,0.005654688295382,113.5,-2.318,-0.06933672151781607,4492.0
tacedinaline,-0.086266508552351,110.5,-0.5239999999999999,-0.06944464470880596,4493.0
EVP4593,-0.170286015444656,102.0,-1.1199999999999999,-0.06955012287264739,4494.0
beta-hydroxybutyrate,-0.060318106757267,115.5,0.5479999999999998,-0.0696502262352509,4495.0
fleroxacin,-0.043047367909202,115.0,-0.22399999999999998,-0.06978546970924575,4496.0
dicyclohexylamine,-0.191158813257538,113.5,3.9799999999999995,-0.06982297286055665,4497.0
CGS-21680,-0.015530662415587,115.0,-1.12,-0.06982638643778627,4498.0
MDL-72832,-0.086227599833641,108.5,-1.358,-0.06984222718757109,4499.0
aspirin,-0.027020357690155,98.0,-7.352000000000001,-0.06986490199677527,4500.0
terazosin,-0.107849138927742,110.5,0.11200000000000002,-0.06988260885625412,4501.0
PF-562271,-0.118877436161033,106.0,-1.2899999999999998,-0.06996837864512369,4502.0
UB-165,-0.092410925709129,110.5,-0.404,-0.06999919243817936,4503.0
semagacestat,0.037611610922884,120.5,-0.73,-0.07000607661333158,4504.0
aminosalicylate,-0.137444659835452,105.5,-0.898,-0.07007114819666616,4505.0
talnetant,-0.028668054195509,117.0,0.04599999999999995,-0.0700746510337753,4506.0
tulobuterol,-0.01519806275923,115.0,-1.18,-0.07017301124675686,4507.0
dimpylate,-0.037857152454639,116.5,0.12799999999999995,-0.07022395228557998,4508.0
ACT-132577,0.068518155916412,120.0,-1.9579999999999997,-0.07024600214523395,4509.0
JQ1-(+),-0.10094628359971,104.0,-2.692,-0.07028973438753776,4510.0
IMREG-1,-0.094575350163868,114.0,0.978,-0.070326386549542,4511.0
ABT-751,-0.213239995112041,106.0,1.7100000000000002,-0.07033939152166735,4512.0
linsidomine,-0.067888880632493,117.0,1.248,-0.07054506587255738,4513.0
pyridoxal,-0.165093423433452,109.0,1.27,-0.07066893171438708,4514.0
clenbuterol,-0.09723647370891,110.5,-0.348,-0.07070391702048762,4515.0
AZD6482,-0.070150475161093,105.0,-3.364,-0.07073928948695551,4516.0
PF-915275,-0.032829273146207,119.5,1.052,-0.07077118370800832,4517.0
anlotinib,-0.207036224571785,100.0,-0.8880000000000001,-0.0708217094305379,4518.0
troxipide,-0.013954632101193,120.0,0.588,-0.07110524752529397,4519.0
isosorbide-mononitrate,-0.10301234398189,110.5,-0.22000000000000003,-0.07111821873540713,4520.0
AGN-195183,-0.136888981095447,110.5,0.874,-0.0711318502012372,4521.0
prednisolone-acetate,-0.148269538588598,107.5,0.076,-0.07114435750045171,4522.0
L-689560,-0.146105872716726,106.5,-0.388,-0.07118569699286333,4523.0
reboxetine,-0.087065881923303,113.0,0.22200000000000003,-0.07120583916537981,4524.0
U-0521,-0.143859047073571,103.0,-1.85,-0.07140289562339774,4525.0
ZK-811752,-0.046110588732694,112.0,-1.52,-0.07140950679607157,4526.0
tivantinib,-0.141113450810419,107.0,-0.4119999999999999,-0.07158382669904846,4527.0
LE-135,-0.140856128546996,107.0,-0.44800000000000006,-0.07177864717838174,4528.0
nemorubicin,0.022824713665044,108.5,-5.168,-0.07182785279674835,4529.0
Omaveloxolone (RTA-408),-0.212368348833675,111.5,3.6,-0.07186359925647993,4530.0
darusentan,-0.034493092127353,116.0,-0.414,-0.0719071221025479,4531.0
I-BRD9,-0.122491536023233,110.0,0.10399999999999991,-0.07190735781350051,4532.0
SANT-1,0.009113827902377,117.0,-1.44,-0.07193114252492246,4533.0
pramiracetam,-0.054243525491591,115.0,-0.172,-0.07196914864034472,4534.0
lorediplon,-0.126059439082237,112.0,0.9620000000000001,-0.07214449546313913,4535.0
AM-24,-0.076716716406281,112.0,-0.638,-0.07217070535984386,4536.0
linagliptin,-0.010206317217045,109.5,-3.768,-0.07222707238615796,4537.0
erythrosine,0.091330273386736,115.5,-4.732,-0.07228336421149735,4538.0
AZD8055,-0.069205393714027,105.0,-3.614,-0.072283932837369,4539.0
fluoromethylcholine,-0.029368153676725,114.5,-1.218,-0.07230138494093626,4540.0
nolatrexed,-0.166439679014258,108.5,0.8780000000000001,-0.07236887311795341,4541.0
AC-261066,-0.126656958220852,108.0,-0.604,-0.07237542998258695,4542.0
betamipron,0.008309106532282,117.5,-1.292,-0.07243868150047188,4543.0
cilostazol,-0.112129918730354,110.0,-0.312,-0.0724761008071609,4544.0
nortriptyline,-0.100303037665702,110.5,-0.5079999999999999,-0.07252859044559919,4545.0
NSC-23766,-0.114765781695086,110.5,-0.04600000000000002,-0.07256999236171635,4546.0
eucatropine,-0.103789199496888,115.0,1.338,-0.07262271037300883,4547.0
josamycin,-0.031335078256038,113.0,-1.7879999999999998,-0.07266345954047271,4548.0
vonoprazan,0.006528118267954,114.0,-2.63,-0.0727002500722651,4549.0
tetradecylthioacetic-acid,-0.064892370896107,112.0,-1.1,-0.07273015319402376,4550.0
GDC-0152,-0.085660693668243,109.5,-1.4060000000000001,-0.0727832594393899,4551.0
tocainide,-0.083166219932455,109.0,-1.686,-0.07282011952620678,4552.0
SA-47,-0.186731689021577,109.5,1.8579999999999999,-0.07282358095508708,4553.0
methylparaben,-0.112463987480371,114.5,1.394,-0.07283791274352162,4554.0
ML161,-0.13094488612984,110.0,0.23399999999999999,-0.07291733041914332,4555.0
SB-2343,-0.061626900329483,108.5,-2.592,-0.07292655733656939,4556.0
Bardoxolone Methyl,-0.259112604595028,107.0,3.206000000000001,-0.07298726929045503,4557.0
artemotil,-0.084970713164593,113.0,-0.1,-0.0729954123416291,4558.0
fosamprenavir,-0.122683163131001,109.0,-0.434,-0.07300599597995176,4559.0
licochalcone-A,-0.06256933907022,114.5,-0.2559999999999999,-0.07309040494445869,4560.0
phenyl-aminosalicylate,0.09870023267984,104.0,-9.558,-0.07315673596746049,4561.0
talopram,-0.070021938919598,111.0,-1.3900000000000001,-0.07320753183188174,4562.0
TCN201,-0.08452941965815,113.5,0.04399999999999995,-0.07324735083239742,4563.0
"2-ethyl-1,3-hexanediol",-0.095030364028574,116.5,1.544,-0.07327626499883581,4564.0
telbivudine,-0.036026665056412,117.5,0.012000000000000056,-0.07335591017090144,4565.0
alexidine,-0.069436662453586,104.5,-3.9659999999999997,-0.07344837612582959,4566.0
EMD-53998,-0.176744105432511,109.0,1.232,-0.07358967370585079,4567.0
salubrinal,-0.178119387888142,108.5,1.082,-0.073592671951258,4568.0
etofylline-clofibrate,-0.161713520401507,113.5,2.4880000000000004,-0.07362021560945875,4569.0
ceftriaxone,-0.108122742300102,112.5,0.362,-0.07364952883166005,4570.0
PIK-294,0.060341248756219,126.0,0.15000000000000005,-0.073662375985596,4571.0
tridihexethyl,-0.089965608836485,110.0,-1.2,-0.07367961748544642,4572.0
hexylcaine,-0.032678652254802,112.0,-2.298,-0.07382732837333257,4573.0
mifobate,-0.018261234838188,106.0,-5.096,-0.07384702536960548,4574.0
lodoxamide,-0.09758373994419,110.5,-0.796,-0.0739366867855807,4575.0
isoniazid,-0.114561547293901,111.0,-0.05800000000000001,-0.07397407544714556,4576.0
MK-0752,0.014809550239718,110.0,-4.632,-0.07397836878018578,4577.0
gramicidin,-0.258333279593531,100.0,0.32000000000000006,-0.07400004014986154,4578.0
oxiconazole,-0.077065523981918,114.5,0.07600000000000003,-0.07405455450526248,4579.0
benzocaine,-0.014164769567714,112.5,-2.742,-0.07410275913575948,4580.0
spirobromin,-0.058490692227789,112.0,-1.5059999999999998,-0.07413030912647667,4581.0
proguanil,-0.055305438610486,112.0,-1.61,-0.07413702820933236,4582.0
picotamide,-0.080011127246168,115.0,0.348,-0.07417674720566858,4583.0
ciprofibrate,-0.090801688959509,109.0,-1.654,-0.07433370260859584,4584.0
GSK-J4,-0.036890038270435,116.5,-0.4880000000000001,-0.07434002678462237,4585.0
D-delta-tocopherol,-0.139819116536111,112.0,1.09,-0.07437697154259564,4586.0
nystatin,-0.06481415835239,115.5,0.012000000000000056,-0.07444728430962666,4587.0
andarine,-0.01255843094691,116.0,-1.5,-0.07455675383693039,4588.0
4-galactosyllactose,-0.067278002152095,114.0,-0.514,-0.07461278668461131,4589.0
gonadorelin,-0.182238735036536,104.0,-0.68,-0.07463925939799858,4590.0
raltitrexed,-0.207262576803364,103.5,-0.07800000000000011,-0.07473412209150103,4591.0
imidapril,-0.037255556542973,117.0,-0.35,-0.0748179396048616,4592.0
fluvastatin,-0.082013429083916,115.0,0.31599999999999995,-0.07485800018590368,4593.0
MDL-73005EF,-0.064662022744201,113.0,-1.0260000000000002,-0.07488901448629741,4594.0
protoporphyrin-IX,-0.029752701262767,115.0,-1.3800000000000001,-0.07489547457582942,4595.0
iodixanol,-0.096588994731876,114.0,0.378,-0.07500864579799622,4596.0
cis-aconitic-acid,-0.11781935758077,109.5,-0.682,-0.07501025877777774,4597.0
etodolac,-0.01159320204401,115.0,-1.9920000000000002,-0.07506812204284952,4598.0
neo-gilurytmal,-0.036333177899535,115.5,-1.006,-0.07512742029145429,4599.0
AC-7954-(+/-),-0.099965653072557,106.5,-2.446,-0.07516530235603776,4600.0
Mps1-IN-5,-0.121685405185692,105.0,-2.3259999999999996,-0.07516850329099183,4601.0
amsacrine,-0.080322335400897,108.0,-2.5140000000000002,-0.07526892072233533,4602.0
EPZ005687,-0.130081525744228,110.0,-0.12800000000000003,-0.07526900579920244,4603.0
CDK1-5-inhibitor,-0.112523170134454,111.5,-0.11600000000000002,-0.07528428011830098,4604.0
CPI-0610,-0.056182012781345,108.0,-3.2980000000000005,-0.07529032894014831,4605.0
neostigmine,-0.106836060497883,112.5,0.08200000000000003,-0.07532756291547966,4606.0
histamine,-0.111616859834667,113.5,0.62,-0.0753613090972709,4607.0
fexinidazole,-0.03509177259632,113.5,-1.8579999999999999,-0.07537786550920582,4608.0
octenidine,-0.014495452179984,107.5,-4.872,-0.0755109510496198,4609.0
APC-100,-0.07946146445251,115.5,0.31400000000000006,-0.07565703343592449,4610.0
OXA-06,-0.048701609954584,116.0,-0.49800000000000005,-0.0757341830410367,4611.0
SAR405838,-0.041981885191382,113.0,-1.884,-0.07576387599162364,4612.0
LY364947,-0.055544296112067,114.0,-1.058,-0.07577011324049772,4613.0
parbendazole,-0.111651514775327,111.0,-0.40800000000000003,-0.07577518282540747,4614.0
A77636,-0.068479226048595,115.0,-0.2559999999999999,-0.07580239997663647,4615.0
heptaminol,-0.149613392158114,111.0,0.8160000000000001,-0.07580402523144254,4616.0
diflunisal,-0.149946445793801,110.0,0.4240000000000001,-0.07590710715119249,4617.0
ameltolide,-0.145809948125517,109.0,-0.10999999999999996,-0.07599193165062242,4618.0
ABT-737,0.104623172234445,107.5,-8.808,-0.07609112214293856,4619.0
rifampin,-0.028940493061239,111.5,-2.9379999999999997,-0.0761151724108639,4620.0
2-methyl-5-hydroxytryptamine,0.002373678737656,108.5,-5.118,-0.07613324935103942,4621.0
plovamer-acetate,0.081220943129195,108.0,-7.866,-0.07615550865046423,4622.0
alimemazine,-0.144047574580865,105.0,-1.7600000000000002,-0.07627675742036792,4623.0
JNJ-7706621,-0.114284117231862,119.5,2.904,-0.0762840072252337,4624.0
mavoglurant,-0.125285784724879,111.5,0.13200000000000003,-0.07644495504326716,4625.0
azacyclonol,-0.109239882367401,110.0,-0.9879999999999999,-0.07657663159380994,4626.0
tenofovir-disoproxil,-0.006612560356743,115.5,-2.174,-0.07658117191820528,4627.0
priralfinamide,-0.175112339967878,113.5,2.496,-0.07661524981654955,4628.0
chlorothiazide,-0.179050106623022,106.0,-0.294,-0.07666034688284214,4629.0
DY131,-0.185632779733998,107.0,0.306,-0.07666799113619897,4630.0
VS-4718,-0.054337250677873,111.0,-2.402,-0.07675956576403724,4631.0
alcuronium,-0.108296012345735,114.5,0.702,-0.07676004665762892,4632.0
iopanic-acid,-0.135760355867639,115.5,1.972,-0.076806681286875,4633.0
RN-1734,-0.099902154446303,110.0,-1.328,-0.07684354744819218,4634.0
SUN-B-8155,-0.169082079097169,107.0,-0.25599999999999995,-0.07685504085896977,4635.0
PF-431396,0.044668175676773,113.5,-4.6579999999999995,-0.07692444984124842,4636.0
diphenidol,-0.108728409738895,104.5,-3.2019999999999995,-0.07701823306089994,4637.0
faropenem-medoxomil,-0.119441197344429,114.5,1.01,-0.07713001125043513,4638.0
pramipexole,0.032024695768644,119.5,-1.954,-0.07716248005247757,4639.0
dianhydrogalactitol,-0.072546566058069,114.5,-0.526,-0.07726320517856218,4640.0
aphidicolin,-0.087484865045565,106.5,-3.156,-0.07732104712318659,4641.0
plurisin-1,-0.139911401585594,107.5,-1.0719999999999998,-0.07732225601892984,4642.0
epothilone-B,0.002356613965418,115.0,-2.7659999999999996,-0.07733984758068368,4643.0
gallic-acid,-0.189532789659882,109.5,1.302,-0.07737543273478602,4644.0
cyclizine,-0.125927029718262,108.5,-1.1440000000000001,-0.07737663936615702,4645.0
MGCD-265,-0.080778774842337,117.5,0.866,-0.07753571750904342,4646.0
bevantolol,-0.026985816409463,109.5,-3.9899999999999998,-0.07761107786077241,4647.0
Ro-90-7501,-0.218495493644404,108.0,1.6179999999999999,-0.07764835344903002,4648.0
amlexanox,-0.182512932567922,111.0,1.616,-0.0776647461303654,4649.0
tiracizine,-0.161934124686224,111.0,0.944,-0.0777088064258991,4650.0
citalopram,-0.167172632457586,107.0,-0.442,-0.07772954011920707,4651.0
4-hydroxy-phenazone,-0.073125340228657,116.0,0.003999999999999915,-0.07776244865150439,4652.0
AZ960,-0.045890294716233,110.0,-3.2060000000000004,-0.07776341663777286,4653.0
C-751,-0.113054329104364,112.5,-0.06600000000000002,-0.07778550897888847,4654.0
UK-356618,-0.09233970200929,102.5,-4.618,-0.07778940668996721,4655.0
methyl-salicylate,-0.162425397593995,109.5,0.3639999999999999,-0.07780522158616913,4656.0
LY3023414,-0.000832607930872,112.5,-3.718,-0.0779371192350119,4657.0
acalisib,-0.11497356051332,109.5,-1.214,-0.07810717955680384,4658.0
GMX1778,-0.086233489671223,96.5,-7.19,-0.07811091538438526,4659.0
frentizole,-0.078376837536263,114.0,-0.656,-0.07813996077738083,4660.0
pinaverium,-0.138857052419944,112.5,0.688,-0.07835386816481031,4661.0
3-anilinopropan-1-ol,-0.164307994238069,110.0,0.53,-0.07843151746898103,4662.0
icotinib,-0.00997509095029,117.0,-1.746,-0.07843239459029339,4663.0
bacitracin,-0.108541523972839,112.0,-0.502,-0.07846088737931796,4664.0
GS-143,-0.082460152668832,115.0,-0.19399999999999995,-0.0785498672448645,4665.0
NQDI-1,-0.156596283650223,117.0,2.9799999999999995,-0.0785542718664091,4666.0
levallorphan,-0.053241722642698,114.5,-1.34,-0.07859699469464305,4667.0
cariprazine,-0.097873351276688,113.0,-0.488,-0.07866508282777603,4668.0
eptifibatide,-0.125308103271296,117.5,2.144,-0.07868005182310123,4669.0
sulfanitran,-0.12574286875388,108.5,-1.36,-0.07885522699936802,4670.0
ampyrone,-0.035469287201824,113.0,-2.534,-0.0788564044449902,4671.0
MM-102,-0.044034572559101,115.5,-1.29,-0.07888049165441557,4672.0
polidocanol,-0.080050308620951,115.5,-0.12600000000000006,-0.0788885025889549,4673.0
cordycepin,-0.100218537442015,112.5,-0.6479999999999999,-0.07895935468609061,4674.0
SB-431542,-0.124419564160644,109.0,-1.232,-0.07901893431806395,4675.0
LIMKi-3,-0.133215484952953,108.5,-1.142,-0.07902238036500957,4676.0
SR-95639A,-0.1095721137973,116.5,1.198,-0.07902355683970926,4677.0
UAMC-00039,-0.158586231902132,107.0,-0.916,-0.07911084779084791,4678.0
LY2979165,-0.039566182996878,113.5,-2.246,-0.07912815252122929,4679.0
potassium-iodide,-0.037145059702481,114.5,-1.9380000000000002,-0.0791408648566646,4680.0
NSC-4644,0.000890983073218,99.5,-8.992,-0.07915167918340005,4681.0
silymarin,-0.064538592638956,114.0,-1.248,-0.0791559098265614,4682.0
SB-200646,-0.043232763588149,117.0,-0.774,-0.0791638838154211,4683.0
SRT1720,0.07500351167238,114.5,-5.574,-0.07919650207936287,4684.0
ZM-241385,-0.096928670665939,111.0,-1.372,-0.07920836525218126,4685.0
darapladib,-0.045292484180543,105.5,-5.186000000000001,-0.07927035886391924,4686.0
GSK-LSD-1,-0.090026159163952,114.0,-0.44000000000000006,-0.07927236571087504,4687.0
ETP-45658,-0.103296980029599,114.0,-0.019999999999999973,-0.0793379857375075,4688.0
castanospermine,-0.179610257108528,111.5,1.474,-0.07936943787357198,4689.0
calcipotriol,-0.272558738853988,103.0,1.1720000000000002,-0.07943872968271286,4690.0
iloperidone,-0.111574450899322,111.0,-0.958,-0.07962934542106075,4691.0
remacemide,-0.12397793522431,113.0,0.21000000000000002,-0.07969639629933567,4692.0
pasireotide,-0.046850482894082,103.5,-5.978,-0.0797359514133319,4693.0
SR-57227A,-0.121608048860015,108.0,-1.8219999999999998,-0.07979971142953708,4694.0
WP1066,-0.027843630716065,117.5,-1.1759999999999997,-0.07985526439584145,4695.0
L-alanine,-0.117975213677979,111.0,-0.7979999999999998,-0.07996069234827952,4696.0
L-655240,-0.214494468930528,113.0,3.088,-0.08005035951191064,4697.0
asiatic-acid,-0.134865711635973,108.5,-1.252,-0.0801725335384198,4698.0
CC4,-0.217449860483861,108.0,1.21,-0.08028233530871258,4699.0
2-oxoglutaric-acid,-0.134884491652371,110.0,-0.694,-0.08034714263576348,4700.0
CGP-20712A,-0.123273612501101,112.5,-0.11600000000000002,-0.0804647483590123,4701.0
phytosphingosine,-0.078551953515774,108.0,-3.312,-0.0804832497437193,4702.0
AS-604850,-0.096903752213973,105.5,-3.7039999999999997,-0.08059142937182968,4703.0
GPi-688,-0.155030126029093,105.0,-2.022,-0.08062218713933227,4704.0
isavuconazole,-0.116143343899715,113.0,-0.18999999999999995,-0.08072799422777233,4705.0
ansamitocin-p-3,-0.107895133279089,113.5,-0.27,-0.08077888495051873,4706.0
RP67580,-0.184341493186355,110.5,1.0379999999999998,-0.08078386698086593,4707.0
BVT-948,-0.054798849057441,113.5,-1.9919999999999998,-0.08080910219572275,4708.0
preclamol,-0.100443909804789,114.5,-0.12800000000000003,-0.08081463198596606,4709.0
TW-37,-0.018242677511682,112.5,-3.568,-0.08084604064944274,4710.0
levomenthol,-0.181110127247438,108.0,-0.061999999999999965,-0.08096080316465863,4711.0
fipexide,-0.164683380839096,112.0,0.954,-0.08099674775323162,4712.0
CO-102862,-0.136740313509857,112.0,0.03799999999999999,-0.08108135747624712,4713.0
AF38469,-0.20795954675582,109.0,1.17,-0.08113489959807214,4714.0
somatostatin,-0.120987873630016,113.0,-0.10599999999999996,-0.08123993620487353,4715.0
galeterone,-0.051961214002409,113.0,-2.342,-0.08126057662886876,4716.0
BET-BAY-002,-0.105515322301778,108.5,-2.3600000000000003,-0.0812882296098792,4717.0
sasapyrine,0.033711963907378,107.5,-7.256,-0.08131465771093604,4718.0
temozolomide,-0.094864258483786,113.5,-0.776,-0.08137330355780133,4719.0
4-phenolsulfonic-acid,-0.093938646846522,113.5,-0.818,-0.08145816952458913,4720.0
antagonist-g,-0.124073379409002,114.5,0.5239999999999999,-0.08160609682151358,4721.0
L-755507,-0.166685971724758,112.5,1.126,-0.08160813339032576,4722.0
saquinavir,0.077503247208074,106.0,-9.308,-0.08168859528704168,4723.0
BMS-599626,-0.104690873058373,102.5,-4.774,-0.08170033131104242,4724.0
spautin-1,-0.045092080264598,117.0,-1.082,-0.08175547015108746,4725.0
GYKI-52466,-0.098732799511923,112.5,-1.0939999999999999,-0.08176061041711828,4726.0
octopamine,-0.036329208019734,114.5,-2.338,-0.08177085966506425,4727.0
chuanxiongzine,-0.146074342430125,118.5,2.758,-0.08181920589347107,4728.0
zaldaride,-0.151883839020877,112.0,0.37600000000000017,-0.08215069082756665,4729.0
setipiprant,-0.161458360935141,107.5,-1.0699999999999998,-0.0822151253703202,4730.0
ropinirole,-0.139372170755911,112.0,-0.039999999999999994,-0.08222979680077751,4731.0
oxonic-acid,-0.058740053665548,115.0,-1.488,-0.08225710761090392,4732.0
sal003,-0.143105809276597,106.5,-2.086,-0.08245551690241688,4733.0
sotagliflozin,-0.038724733706742,114.5,-2.3619999999999997,-0.08248534677473163,4734.0
R406,0.090048947973719,124.0,-2.858,-0.08260722705989924,4735.0
DAPT,-0.02158108873495,116.0,-2.3579999999999997,-0.08265138010697337,4736.0
VU0364439,-0.132306294663557,114.0,0.446,-0.0826639602704834,4737.0
PIK-75,0.025356011554945,111.5,-5.626,-0.08267219532301577,4738.0
LY288513,-0.175803915282854,108.0,-0.484,-0.08272306438028088,4739.0
ATROPINE SULFATE,-0.209972832067458,105.5,-0.3700000000000001,-0.08287134424787734,4740.0
selexipag,-0.077194382132391,115.5,-0.7859999999999999,-0.08288416967287345,4741.0
hydrastinine,-0.143133372356273,114.5,0.9460000000000001,-0.08297602197156666,4742.0
metronidazole,-0.091167447046664,117.5,0.42000000000000004,-0.08304116531425654,4743.0
LY2886721,0.0020763550978,116.5,-3.0,-0.08314927006812005,4744.0
bicuculline-methochloride-(-),-0.156077699857508,110.0,-0.41800000000000004,-0.0832306344615918,4745.0
PF-03049423,-0.079461749546194,115.5,-0.7699999999999999,-0.08328789185098447,4746.0
ocinaplon,-0.0526504449299,117.0,-1.058,-0.08330780986425364,4747.0
caffeine,-0.174129907573467,113.0,1.31,-0.08337421775072085,4748.0
GSK1070916,-0.185116990866881,105.5,-1.254,-0.08343375319049857,4749.0
ER-27319,-0.14407934538679,110.0,-0.8379999999999999,-0.08345479670632121,4750.0
RG2833,-0.054114076998206,120.0,0.13200000000000006,-0.0834608700384426,4751.0
isoxicam,-0.111011149189086,107.5,-2.882,-0.08348217614028934,4752.0
levosimendan,-0.10862203338175,117.0,0.696,-0.08370713028194014,4753.0
kuromanin,-0.129220687916307,110.0,-1.3599999999999999,-0.08374560097686434,4754.0
LY310762,-0.157587802891693,109.5,-0.6519999999999999,-0.0838556518687984,4755.0
DMP-543,-0.169896132658257,113.0,1.092,-0.08394465461737048,4756.0
N-acetylcarnosine,-0.121696901123168,116.0,0.696,-0.08395246543103163,4757.0
ACY-1215,-0.129814983528929,106.5,-2.7600000000000002,-0.08417336836584544,4758.0
BNC105,-0.14280011643451,114.5,0.764,-0.08418131356889384,4759.0
estradiol,-0.090885461462173,116.5,-0.14999999999999997,-0.08425720963633317,4760.0
SEP-227900,-0.102686268288767,109.0,-2.682,-0.08427679329758313,4761.0
ixabepilone,-0.081211436544521,108.5,-3.5760000000000005,-0.08431344337668271,4762.0
equol,-0.11634473702857,113.5,-0.5,-0.08432221624806235,4763.0
PNU-177864,-0.189943871095387,110.5,0.7140000000000001,-0.08434050258256254,4764.0
EGF816,-0.200017280430433,110.0,0.8240000000000002,-0.0844940850606171,4765.0
brigatinib,-0.177729718027791,105.0,-1.8399999999999999,-0.0845104427635635,4766.0
PFI-3,-0.042518938306015,115.5,-2.15,-0.08458928265272207,4767.0
semustine,-0.09059111243411,116.0,-0.42800000000000005,-0.08478103121833935,4768.0
phentermine,-0.153692947714478,117.5,2.164,-0.0850034209578399,4769.0
lanatoside-C,-0.089460022204285,102.0,-5.956,-0.08518630981710829,4770.0
EBPC,-0.140658750443462,109.5,-1.392,-0.08520956546837972,4771.0
"4-phenyl-1,2,3,4-tetrahydroisoquinoline",-0.262727035147489,113.5,4.098,-0.08529074251010822,4772.0
S18986,0.012696834967346,103.5,-8.714,-0.08543508710024587,4773.0
RSV604,-0.135158451894058,113.0,-0.24799999999999994,-0.08546664675087819,4774.0
chlormezanone,-0.096842915176686,117.0,0.051999999999999956,-0.0855580627395206,4775.0
A-887826,-0.147061804740366,108.0,-1.8199999999999998,-0.08558228629846154,4776.0
BETAMETHASONE VALERATE,-0.063633508948953,111.5,-3.184,-0.0857476197614762,4777.0
salicylanilide,-0.147608113459212,109.5,-1.248,-0.08577847827445317,4778.0
liraglutide,-0.169875486103768,108.0,-1.1219999999999999,-0.08586415347463268,4779.0
GSK2816126,-0.211909510411028,109.0,0.618,-0.08592022720239272,4780.0
prednisone,-0.177274985197911,108.0,-0.892,-0.08593018195222828,4781.0
thalidomide,-0.223481977427738,104.0,-0.9620000000000001,-0.08601682902918917,4782.0
acitretin,-0.097143780491449,115.5,-0.5879999999999999,-0.08603348449837167,4783.0
SB-221284,-0.16553900981697,111.5,0.06800000000000006,-0.08606245924156782,4784.0
phenindamine,-0.171262570266289,112.5,0.624,-0.08618419241107604,4785.0
oxethazaine,-0.16924634659039,102.5,-3.332,-0.08625080042889355,4786.0
labetalol,-0.119194675760215,114.5,-0.29400000000000004,-0.08625334872765007,4787.0
propylhexedrine,-0.019716404415254,110.5,-5.072,-0.08630454964893608,4788.0
formestane,-0.134301356682342,115.0,0.352,-0.08651225254212558,4789.0
benzylpenicillin,-0.081222278661622,113.5,-1.9620000000000002,-0.08661539816145132,4790.0
pirarubicin,-0.048786838895802,118.5,-1.0779999999999998,-0.0866670904408287,4791.0
beta-elemene,-0.205136575255599,111.0,1.016,-0.08704057692749279,4792.0
WYE-687,-0.198361093978018,104.0,-1.936,-0.08715243213658264,4793.0
NVP-TAE226,-0.216508552228268,97.5,-3.8900000000000006,-0.08728077868584579,4794.0
sinefungin,0.083916274144639,109.0,-9.148,-0.08729854395634833,4795.0
2-hydroxyethyl-salicylate,-0.198090790924238,108.5,-0.22199999999999998,-0.08732029300094664,4796.0
GSK2126458,-0.093270504848282,109.5,-3.232,-0.08737034837885094,4797.0
trazodone,-0.131919642516179,116.5,0.728,-0.08742137538282124,4798.0
SR-2211,-0.228106516042848,103.5,-1.216,-0.08749189496362882,4799.0
Geniposidic acid,-0.163043659664567,113.5,0.5599999999999999,-0.08749524428805373,4800.0
evans-blue,-0.047258653034705,110.5,-4.359999999999999,-0.08756471376629756,4801.0
BX-795,0.098069963558343,118.0,-6.154,-0.08758925397510671,4802.0
"1S,2R-phenylpropanolamine",-0.130863268889944,113.5,-0.496,-0.08760040352482645,4803.0
bromosporine,-0.02099112652024,111.0,-5.022,-0.08760899196847168,4804.0
anidulafungin,-0.163710838266768,110.5,-0.606,-0.08765849203018443,4805.0
indinavir,0.042632094251427,110.0,-7.486,-0.08773293279000487,4806.0
pyrazinamide,0.067202202179107,109.5,-8.48,-0.08776863485085355,4807.0
AVL-292,-0.024612816509558,116.0,-3.028,-0.08805825366100895,4808.0
chicago-sky-blue-6b,-0.054679967774695,116.5,-1.8719999999999999,-0.08813401305905462,4809.0
sertindole,-0.079087562698458,105.5,-5.362,-0.08820555305076228,4810.0
TBA-354,-0.213671745115203,110.5,0.922,-0.08827990528708873,4811.0
tosufloxacin,-0.115097841519142,111.5,-1.8960000000000001,-0.08840088686577914,4812.0
Cyclocytidine HCl,-0.126790741920606,114.0,-0.5719999999999998,-0.08857407625892959,4813.0
omeprazole-sulfide,0.190947368238344,104.0,-14.738,-0.08861353498589612,4814.0
Mps-BAY-2a,-0.233383943654816,99.5,-2.772,-0.08871820313543018,4815.0
xylometazoline,-0.02459997802647,105.5,-7.208,-0.08879182081463621,4816.0
idalopirdine,-0.145154414768428,114.0,-0.030000000000000072,-0.08894068923117182,4817.0
VX-702,-0.133704463961382,111.0,-1.5779999999999998,-0.08903355013386356,4818.0
potassium-p-aminobenzoate,-0.112226767906595,107.5,-3.632,-0.08903862037564188,4819.0
etoricoxib,-0.139245862961263,114.5,-0.048,-0.08908794929136939,4820.0
arotinolol,0.058203345581548,106.0,-9.736,-0.08909671128118206,4821.0
ADL5859,0.006003830805897,121.5,-2.034,-0.08911592225250038,4822.0
phenacetin,-0.128696829865708,116.0,0.188,-0.08912263296687872,4823.0
AMZ30,-0.181441230283951,109.0,-0.852,-0.08932963374431258,4824.0
GSK1292263,-0.096560261568871,115.5,-1.1,-0.08950481055274302,4825.0
GW-7647,0.130073451210336,117.0,-7.872,-0.08966259344096535,4826.0
JNJ-37822681,-0.198064939133139,109.5,-0.1740000000000002,-0.08970875122394495,4827.0
INH1,-0.293695223354588,107.0,1.938,-0.08978892149124502,4828.0
procaine,-0.107487387941306,115.0,-0.984,-0.08981057549508342,4829.0
indiplon,-0.213092481542145,115.5,2.6239999999999997,-0.08982799967001494,4830.0
tryptophan,-0.124194524639971,100.0,-6.287999999999999,-0.08996911919453117,4831.0
GSK2636771,-0.134699541957911,118.0,1.0219999999999998,-0.09008320383064083,4832.0
PCI-29732,-0.007464056846973,121.5,-1.7480000000000004,-0.09016971081066756,4833.0
balaglitazone,-0.114377806208011,111.0,-2.368,-0.09019342435342215,4834.0
GW-843682X,-0.065060716086841,106.0,-5.9079999999999995,-0.09022085557157,4835.0
maxacalcitol,-0.066391510994339,121.5,0.12799999999999997,-0.09038336241025428,4836.0
larotrectinib,-0.124332945509633,122.0,2.196,-0.09038700560735773,4837.0
calcium-gluceptate,-0.028245754710303,113.5,-4.215,-0.09041085123601904,4838.0
ORG-27569,-0.088866155189223,124.0,1.816,-0.09044953819728623,4839.0
buphenine,-0.137243770355972,114.5,-0.33799999999999997,-0.0906734556795391,4840.0
volinanserin,-0.147045854321036,110.0,-1.7719999999999998,-0.09070523982523977,4841.0
AC-264613,-0.162303308153522,112.0,-0.51,-0.09076052215320367,4842.0
altretamine,-0.17107397703669,114.5,0.736,-0.09081730296300039,4843.0
rutin,-0.196590632451837,112.5,0.784,-0.09082590528173569,4844.0
BIBU-1361,-0.27304779952023,111.5,2.8679999999999994,-0.09083519487690454,4845.0
RS-102895,-0.157733101380868,106.5,-2.806,-0.09085505407816315,4846.0
azilsartan-medoxomil,-0.167699601992205,115.5,1.0079999999999998,-0.09086634984198542,4847.0
AL-8697,-0.202380233747564,107.5,-0.976,-0.09087266512523995,4848.0
GDC-0980,-0.056172402408438,113.0,-3.572,-0.09087815933393073,4849.0
TCS-21311,-0.201265585826386,108.5,-0.63,-0.09091540454939724,4850.0
WEHI-345-analog,-0.063947734955687,121.5,-0.040000000000000036,-0.09100946677404613,4851.0
droxidopa,-0.097068020551413,121.5,1.0,-0.0912309840077931,4852.0
sesamin,-0.073687975091871,119.5,-0.536,-0.09125473835635511,4853.0
binimetinib,-0.003392854815878,110.5,-6.306,-0.09127385790766611,4854.0
pilsicainide,-0.223107041937401,115.0,2.5,-0.0916154180262508,4855.0
AG-555,-0.074657356263577,119.0,-0.766,-0.09172845777729355,4856.0
SCH-58261,-0.138509647451577,112.5,-1.254,-0.09194541776583454,4857.0
Mangafodipir (trisodium),-0.000637424872045,120.5,-2.6239999999999997,-0.09204940489376208,4858.0
nifekalant,-0.063578273326863,119.5,-0.9780000000000001,-0.09206387717805693,4859.0
NS-018,-0.112343921669068,114.5,-1.344,-0.09208465891776203,4860.0
prilocaine,-0.207850004907482,112.5,0.96,-0.09215108511349963,4861.0
GW-9508,-0.131640568837232,115.5,-0.34199999999999997,-0.0921578215357544,4862.0
GPBAR-A,-0.19386640253181,107.5,-1.456,-0.09231273607650936,4863.0
A-939572,-0.102274703671086,114.0,-1.902,-0.09235347637762563,4864.0
oxypurinol,-0.156832940268074,111.0,-1.3039999999999998,-0.09237184484116708,4865.0
sorafenib,-0.24553310918952,118.5,4.473999999999999,-0.09238948115636936,4866.0
tiprenolol,-0.224354561574074,110.5,0.678,-0.09243036493965891,4867.0
fluorescein,0.051890000750901,110.0,-8.459999999999999,-0.09248105526099197,4868.0
spiroxatrine,-0.178638199832593,113.5,0.33399999999999996,-0.09263755369499815,4869.0
dihydroergocristine,-0.122720651629508,117.0,-0.12199999999999997,-0.09267613989064678,4870.0
TG-101209,0.106353656905637,121.5,-5.79,-0.09270325746960384,4871.0
I-BZA,-0.186390830478219,115.0,1.154,-0.09272907078802477,4872.0
filanesib,-0.305613405586392,99.0,-1.2280000000000002,-0.09293214382247501,4873.0
piceatannol,-0.205655747515699,112.5,0.75,-0.09312967109525816,4874.0
LDN193189,-0.087660410145623,107.5,-5.024,-0.0932430086917481,4875.0
chlorphenesin,-0.190074740243659,109.5,-0.938,-0.09326728198338245,4876.0
MMPX,-0.142140153305283,113.0,-1.1320000000000001,-0.09327950682477897,4877.0
maribavir,-0.068147466737153,121.5,-0.238,-0.093359699764838,4878.0
fulvestrant,-0.187086042314279,110.5,-0.6639999999999999,-0.0933900812176125,4879.0
prasterone-acetate,-0.258548614792263,110.0,1.44,-0.09348726872251638,4880.0
ML3403,-0.159111021153326,107.0,-3.004,-0.09392878827882385,4881.0
SLV-319-(+/-),-0.133214113838614,114.0,-1.138,-0.09402123261218547,4882.0
PRX-08066,-0.299046564265619,116.0,5.002000000000001,-0.09402880228686387,4883.0
idarubicin,-0.150406856708622,105.5,-3.886,-0.09405702337517396,4884.0
esomeprazole,-0.180747997729958,110.5,-0.97,-0.09410078097608598,4885.0
senicapoc,-0.126742393631913,114.0,-1.404,-0.09441991095800244,4886.0
AZD5582,-0.16132885814364,112.5,-0.8719999999999999,-0.09445301900621388,4887.0
tetracaine,-0.143723199893887,116.0,-0.09200000000000004,-0.09451568320444155,4888.0
BIX-02188,-0.131616747053944,119.5,0.8719999999999999,-0.09453543273368381,4889.0
pidotimod,-0.145267800928753,116.5,0.13399999999999998,-0.09464263777433875,4890.0
TY-52156,-0.14524532139152,114.0,-0.8399999999999999,-0.09466336833168994,4891.0
WHI-P154,-0.194412749772172,103.0,-3.526,-0.09471379346442373,4892.0
TAK-285,-0.138435643696379,114.0,-1.078,-0.09478797732239393,4893.0
nafcillin,-0.164254985118186,112.0,-1.0219999999999998,-0.09480919533868981,4894.0
7-hydroxy-PIPAT,-0.098423148995984,118.5,-0.646,-0.09492984960618367,4895.0
ML228,-0.058413747861005,114.0,-3.69,-0.09495148586656095,4896.0
NALOXONE HYDROCHLORIDE,-0.208875571570312,113.5,0.9279999999999999,-0.09534214394351652,4897.0
E-2012,-0.215261832010191,112.0,0.516,-0.09559840862412827,4898.0
sulfametopyrazine,-0.162041348229613,112.0,-1.23,-0.09576928901957289,4899.0
potassium-canrenoate,-0.165496403932072,114.5,-0.15400000000000008,-0.09581224177811261,4900.0
5-methylfurmethiodide,-0.122607835138732,117.0,-0.5720000000000001,-0.09581821270609973,4901.0
anisindione,-0.176772415057784,114.0,0.013999999999999967,-0.09583140638050114,4902.0
aminopurvalanol-a,-0.223563908739382,108.0,-0.8040000000000003,-0.09585221179323895,4903.0
fosphenytoin,-0.196673476468513,123.0,4.144,-0.09588065213992843,4904.0
LY2140023,-0.167601308685179,116.5,0.654,-0.09606818066980749,4905.0
benzthiazide,-0.187121612026844,116.5,1.242,-0.0963743803252088,4906.0
anisotropine,-0.180073774020912,112.0,-0.742,-0.0964405979677303,4907.0
meglumine,-0.001306695808614,104.0,-9.638,-0.09649474699934653,4908.0
isamoltane,-0.204110153590075,113.5,0.58,-0.09670664033356076,4909.0
CKD-712,-0.101781150353553,119.0,-0.606,-0.09677911761275781,4910.0
PP-121,-0.04984449085118,114.0,-4.242,-0.09688577692134963,4911.0
ACT-462206,-0.088604238254589,113.0,-3.414,-0.09715171307026393,4912.0
XL228,-0.094922722781525,112.0,-3.6079999999999997,-0.09722405710357336,4913.0
IEM1460,-0.030787457013546,112.5,-5.49,-0.09723277332521196,4914.0
MJ-15,-0.169582534366105,113.0,-0.8200000000000001,-0.09733271878406051,4915.0
dexfenfluramine,-0.224309890028888,111.5,0.366,-0.09734874914841678,4916.0
AZD2014,-0.219404717022965,108.5,-0.958,-0.09735522736252185,4917.0
exatecan-mesylate,0.053450704916688,110.0,-9.236,-0.09758826626344548,4918.0
nicotinyl-alcohol-tartrate,-0.130195081688733,118.0,-0.20400000000000001,-0.09768778998556689,4919.0
sodium-tanshinone-II-A-sulfonate,0.000100452159762,110.5,-7.331999999999999,-0.09770082130493125,4920.0
tannic-acid,-0.111849490096626,114.5,-2.1759999999999997,-0.09782890584391098,4921.0
ponesimod,-0.199931925700016,108.5,-1.656,-0.0978341902626112,4922.0
flumequine,-0.154249704343889,115.5,-0.434,-0.09795429405894089,4923.0
amantadine,-0.264706485205175,110.5,1.192,-0.09800152809670955,4924.0
ethyl-2-(carbamoyloxy)benzoate,-0.101659793021391,107.5,-5.258,-0.09807836436100514,4925.0
A205804,-0.153418487801771,114.5,-0.8800000000000001,-0.09817236530840774,4926.0
indeloxazine,-0.318500232417833,105.5,0.96,-0.09822408264915246,4927.0
triamterene,-0.173932051371561,117.5,0.9040000000000001,-0.0984822692009899,4928.0
ambroxol,-0.155193367331272,113.5,-1.316,-0.09891353520905895,4929.0
chlormadinone-acetate,0.105888235340759,106.5,-12.504,-0.09908869383617151,4930.0
Y-39983,-0.10380456986286,111.5,-3.7879999999999994,-0.09914773027569719,4931.0
JNJ-10397049,-0.142035464989891,112.0,-2.368,-0.09922421948271602,4932.0
DG-172,-0.130100740508468,115.5,-1.3980000000000001,-0.0992408403189567,4933.0
cabergoline,0.090296947891469,104.5,-12.806000000000001,-0.09930078189979545,4934.0
10-hydroxycamptothecin,-0.130183337697583,103.0,-6.256,-0.09930442609621974,4935.0
TC-A-2317,-0.085715307892872,113.0,-3.8280000000000003,-0.09940815265364589,4936.0
pyrvinium-pamoate,-0.075080349796036,113.0,-4.21,-0.0996753047631093,4937.0
AZ505,-0.23192315663848,100.0,-4.182,-0.09967731742842854,4938.0
TH001217,-0.247246692670354,113.5,1.55,-0.09970194993498767,4939.0
bambuterol,-0.144758478660515,113.5,-1.768,-0.09971901309635223,4940.0
BTS-54505,-0.088612251906061,115.5,-2.82,-0.09980268956486309,4941.0
cefcapene-pivoxil,-0.17522278959732,114.0,-0.6100000000000001,-0.09987113980382574,4942.0
indatraline,-0.111625752175765,114.0,-2.696,-0.10007236141572473,4943.0
ML193,-0.319048503795085,97.0,-2.5840000000000005,-0.10007280614909693,4944.0
aklomide,-0.228587815000098,113.5,0.874,-0.10021139912688071,4945.0
Ro-4987655,-0.17543117460322,96.5,-7.454000000000001,-0.1002825714956741,4946.0
CGP-54626,-0.205534037580148,113.5,0.11399999999999996,-0.1003113018136252,4947.0
SID-7969543,-0.204336311133128,108.0,-2.08,-0.10045583126366353,4948.0
guanaben-acetate,-0.127388639682969,114.0,-2.278,-0.10071958558652643,4949.0
pifithrin-alpha,-0.223661721251782,108.5,-1.334,-0.10097153014052385,4950.0
talazoparib,-0.223353994413048,113.0,0.384,-0.1011027104738692,4951.0
pranoprofen,-0.152102882867914,122.0,1.572,-0.10110376369931962,4952.0
landiolol,-0.108458346721357,113.0,-3.336,-0.1011240645532504,4953.0
butylated-hydroxyanisole,-0.126499035895232,116.0,-1.6119999999999997,-0.1012931826026718,4954.0
oxprenolol,-0.183159454272659,114.0,-0.572,-0.10141107813514261,4955.0
erbstatin-analog,-0.205532746163608,115.5,0.7239999999999999,-0.101481407382691,4956.0
hematoporphyrin,-0.18436169557419,115.5,0.029999999999999895,-0.10154546312030814,4957.0
mitotane,-0.173127020002414,112.5,-1.514,-0.10165919133477168,4958.0
PHA-848125,-0.142192880955223,112.5,-2.518,-0.10168211008034929,4959.0
SB-505124,-0.132084977558153,115.0,-1.9140000000000001,-0.1019589661931215,4960.0
capadenoson,-0.145067008600702,115.0,-1.498,-0.10198697722873325,4961.0
gabapentin-enacarbil,-0.017485634810646,112.0,-6.795999999999999,-0.10203095002704492,4962.0
proxyfan,-0.148600979099837,115.0,-1.4,-0.1021019092646734,4963.0
PI-103,-0.066669273787456,118.0,-2.896,-0.10217115618985224,4964.0
OSI-420,-0.088863478936096,116.5,-2.77,-0.10224016875497836,4965.0
alvocidib,-0.170485961248561,108.0,-3.464,-0.10248963470364802,4966.0
saracatinib,-0.132167355012547,110.0,-3.9519999999999995,-0.10266297897074061,4967.0
skepinone-L,-0.053044372009268,113.0,-5.372,-0.10283686366969487,4968.0
astaxanthin,0.015206131429198,107.0,-9.914,-0.10287385251359075,4969.0
hypericin,-0.152151098957649,113.5,-2.004,-0.10306387150995507,4970.0
carnitine-(D/L),-0.213302167336867,117.0,1.242,-0.10370267040028687,4971.0
bromopride,-0.114721016246839,116.5,-2.146,-0.10373614294335136,4972.0
dobutamine,-0.179422652968604,113.0,-1.428,-0.10385363830607346,4973.0
Oxymetholone,-0.162362420781098,120.5,0.93,-0.10386118030984048,4974.0
UNC2025,-0.163495944265536,119.0,0.36400000000000005,-0.10400530427665607,4975.0
methapyrilene,-0.165063619377897,113.0,-1.9440000000000002,-0.10421598643237355,4976.0
semapimod,-0.35229865327226,115.0,4.822,-0.10469091245090212,4977.0
retinyl-acetate,-0.227462387082991,113.0,-0.013999999999999967,-0.10484003803545383,4978.0
alizapride,-0.123517710718066,121.0,-0.27399999999999997,-0.10485661866056495,4979.0
centazolone,-0.194600436876762,116.0,0.03600000000000003,-0.10520104318762054,4980.0
pralidoxime,-0.226319649707982,115.5,0.86,-0.10525789716528584,4981.0
panobinostat,-0.09948184883298,105.0,-7.336,-0.10537980806355522,4982.0
safingol,-0.196840782367634,117.0,0.45600000000000007,-0.1054869031608352,4983.0
PD-318088,-0.048867165794372,112.0,-6.274,-0.10550294517908261,4984.0
alfadolone-acetate,-0.23092193763751,116.0,1.128,-0.10578552912990602,4985.0
4-chlorophenylguanidine,-0.231284667404352,114.5,0.542,-0.10589490767153764,4986.0
vorinostat,0.003435854902835,117.5,-5.9159999999999995,-0.10609902394299713,4987.0
detomidine,-0.193406625222573,116.0,-0.1499999999999999,-0.10623851597105653,4988.0
pyridoxine,0.08233612175676,108.5,-11.996,-0.10634070779087046,4989.0
tetramethylthiuram-monosulfide,-0.224660633200069,115.5,0.6479999999999999,-0.10637245398020297,4990.0
LY404187,-0.219154919958046,114.5,0.07800000000000003,-0.10639888443773442,4991.0
purmorphamine,-0.227309085897675,113.0,-0.26400000000000007,-0.1065649956822478,4992.0
dacinostat,0.0010414020144,104.0,-11.186,-0.10685711922339199,4993.0
nifenalol,-0.14126336279697,117.5,-1.348,-0.10689544199445307,4994.0
BI-847325,-0.154148702659116,99.0,-8.112,-0.10689843284866822,4995.0
LY456236,-0.22778470037059,121.5,3.002,-0.10690641923681465,4996.0
CB-5083,-0.061790901011777,116.5,-4.322,-0.10700012504352652,4997.0
WZ-4002,-0.095309587155288,115.0,-3.854,-0.10724059154049419,4998.0
AZD3759,-0.177695131562884,113.5,-1.8219999999999998,-0.1075998994156399,4999.0
chlorpyrifos,-0.240101198277266,112.0,-0.388,-0.10761883337148222,5000.0
N20C,-0.168531055481411,113.5,-2.13,-0.10768109820454293,5001.0
treosulfan,-0.203783049681936,117.5,0.54,-0.10784268890523611,5002.0
JNJ-1661010,-0.271761216606027,112.5,0.732,-0.10831076195227511,5003.0
APY-29,-0.281981021036768,110.0,0.07000000000000002,-0.10846767905819883,5004.0
amyleine,-0.10442625722607,119.5,-2.002,-0.10857472572870175,5005.0
MK-0812,-0.210236540751524,113.0,-1.112,-0.10864649485316462,5006.0
D-4476,-0.296062990946775,113.5,1.794,-0.10910138730187875,5007.0
neratinib,-0.26472246552449,101.5,-3.8939999999999997,-0.10921778540581055,5008.0
oxibendazole,-0.157619096543116,117.5,-1.1760000000000002,-0.10940938810730134,5009.0
T-5601640,-0.209166476043318,115.0,-0.48200000000000004,-0.1094324161936406,5010.0
TAK-632,-0.3038806868309,107.5,-0.3379999999999999,-0.10949645585482208,5011.0
degarelix,-0.277078652399681,115.0,1.688,-0.1096225769371763,5012.0
propoxur,-0.276271852668941,118.5,2.942,-0.11017417909981919,5013.0
STF-118804,-0.146269397888598,93.0,-11.168000000000001,-0.11022325738386492,5014.0
tucatinib,-0.08940038374787,114.5,-4.674,-0.11030112363895317,5015.0
brilliant-green,-0.171760464664151,112.5,-2.79,-0.11033035507822002,5016.0
capecitabine,-0.20803890291937,114.0,-1.046,-0.11041365567568096,5017.0
afatinib,-0.062241363733134,114.5,-5.574,-0.11045165497478,5018.0
rostafuroxine,-0.206158627760091,117.5,0.21600000000000003,-0.11066447650784365,5019.0
SP-100030,-0.169891652743233,111.0,-3.496,-0.1107762757813288,5020.0
ingenol-mebutate,-0.297902147835806,95.0,-5.5920000000000005,-0.11096735546703385,5021.0
CHIR-124,-0.161683377663877,110.0,-4.186,-0.11103198168638366,5022.0
HTMT,-0.113603602860789,119.0,-2.272,-0.1111992465640278,5023.0
PTC-209,-0.309712349696608,113.5,1.916,-0.11135097706382602,5024.0
AZM-475271,-0.108494541880248,114.0,-4.41,-0.11142494652947806,5025.0
PCI-24781,-0.197485432901165,96.5,-8.33,-0.11147163057935654,5026.0
verteporfin,-0.102073301720449,104.5,-8.314,-0.1114884554240938,5027.0
dactinomycin,-0.160461961049638,109.0,-4.714,-0.11173842874630209,5028.0
AM-580,-0.32649002669674,112.0,1.818,-0.11176331171358185,5029.0
OTX015,-0.169204591233818,113.5,-2.714,-0.11194553914893386,5030.0
echinomycin,-0.0511859568726,96.0,-13.338,-0.11204203113069744,5031.0
AT-7519,-0.284814059290656,109.0,-0.736,-0.11205443298906322,5032.0
Nampt-IN-1,-0.057146592153441,103.5,-10.27,-0.11229414964340001,5033.0
U-0126,-0.197039335917145,113.0,-2.0759999999999996,-0.11242711530749878,5034.0
IPA-3,-0.200167839797766,111.5,-2.56,-0.11244832450015947,5035.0
tecastemizole,-0.001731340091972,111.0,-9.178,-0.11247897587083273,5036.0
genistein,-0.21065502580543,119.0,0.6739999999999999,-0.11256273361115414,5037.0
ST-2825,-0.263101877330628,111.0,-0.7420000000000001,-0.11261657582210449,5038.0
NMS-1286937,-0.213507789936501,113.5,-1.3800000000000001,-0.1126441655847817,5039.0
alarelin,-0.246367061446038,114.0,-0.13199999999999995,-0.11270815028452585,5040.0
aloin,-0.24301267324541,115.5,0.322,-0.11284668415617072,5041.0
pemetrexed,-0.150039892573369,121.0,-0.556,-0.11288172069343723,5042.0
adefovir-dipivoxil,-0.117227016361076,124.0,-0.462,-0.11294416459607026,5043.0
erythromycin-ethylsuccinate,-0.214909075257418,117.5,0.148,-0.1131359244423454,5044.0
hexamethonium,-0.256496705977954,113.5,-0.06800000000000002,-0.11319835531851186,5045.0
pelitinib,-0.188284553775619,110.5,-3.482,-0.11350026881133597,5046.0
hydroxytoluic-acid,-0.136837741259518,106.0,-6.936,-0.11380341765492123,5047.0
dalbavancin,-0.217721593554669,113.0,-1.6199999999999999,-0.11392714102540998,5048.0
paroxetine,-0.076127675934566,117.0,-4.65,-0.11394014702463366,5049.0
TAK-733,-0.044335498496786,109.0,-8.824,-0.11422488215443434,5050.0
chlormidazole,-0.099007277340509,117.5,-3.7659999999999996,-0.11429380377755911,5051.0
furamidine,-0.436456171969581,98.0,-0.43800000000000006,-0.11443589925000351,5052.0
elbasvir,-0.169724661535563,120.0,-0.5639999999999998,-0.11468866264368109,5053.0
BIX-02189,-0.270975550402187,112.5,-0.26400000000000007,-0.1151431595067578,5054.0
warfarin,-0.032864554808638,105.5,-10.794,-0.1159175015302456,5055.0
amperozide,-0.100838874956912,107.5,-7.94,-0.11677129279051185,5056.0
urea,-0.168358356469447,114.0,-3.2340000000000004,-0.11677947223988579,5057.0
WZ-3146,-0.115273584570366,118.0,-3.41,-0.11685824092289931,5058.0
fluphenazine,-0.173632426205165,116.0,-2.314,-0.11696871232058974,5059.0
LY2874455,-0.008649729649221,120.0,-6.134,-0.11721651451177584,5060.0
vitamin-E,-0.299492611577234,117.0,2.1,-0.11729118568836765,5061.0
JNJ-40411813,-0.264671725813691,116.5,0.732,-0.11762521446688179,5062.0
vinorelbine,-0.193441248071854,115.0,-2.168,-0.11771982566197947,5063.0
1-hexadecanol,-0.27833341764611,110.0,-1.426,-0.11816805848148478,5064.0
PF-03758309,-0.231877054139049,111.0,-2.586,-0.11848645727503478,5065.0
AP26113,-0.065762398083714,120.0,-4.564,-0.11917096005145811,5066.0
CARISOPRODOL,-0.330216428743386,115.5,2.2119999999999997,-0.11940122293786959,5067.0
BMY-7378,-0.290946771784363,116.5,1.328,-0.11941337441741436,5068.0
AZD8931,-0.193352744895535,107.0,-5.529999999999999,-0.11950847007547323,5069.0
adenosine-phosphate,-0.113609210675079,113.0,-5.824,-0.11981130471048014,5070.0
canertinib,-0.115635493241786,107.0,-8.091999999999999,-0.1198448477073647,5071.0
GSK2193874,-0.235230524007258,112.5,-2.096,-0.1198991689250946,5072.0
crystal-violet,-0.078825287337481,114.0,-6.5760000000000005,-0.11991579362789169,5073.0
SR-3306,-0.292227216923746,102.5,-4.140000000000001,-0.11994546995411155,5074.0
estradiol-benzoate,-0.190406270685918,111.0,-4.148000000000001,-0.12003786539776222,5075.0
AI-10-49,-0.247136401607548,116.5,-0.22400000000000003,-0.1203615872478715,5076.0
I-BET151,-0.153885189408938,112.0,-5.002000000000001,-0.12046477325420397,5077.0
PH-797804,-0.158108769640351,115.5,-3.518,-0.12054287787950739,5078.0
tomelukast,-0.066085095135753,110.5,-8.440000000000001,-0.12057317894605464,5079.0
DRF053-(R),-0.213875066865255,116.0,-1.536,-0.12065656613537867,5080.0
UF-010,-0.294359867883015,115.5,0.8499999999999999,-0.12082327793275145,5081.0
digoxin,-0.256061165415541,98.0,-7.2,-0.12095499443231832,5082.0
antazoline,-0.219498855624328,112.5,-2.762,-0.12100484476383677,5083.0
tacalcitol,-0.23983506231986,119.5,0.46399999999999997,-0.12205239404112748,5084.0
TP-0903,-0.144901105225007,119.5,-2.658,-0.12241007133544042,5085.0
digitoxigenin,-0.067883288316651,108.0,-9.616,-0.12243051074091967,5086.0
bakuchiol,-0.328011563633706,114.0,1.128,-0.12243153577728239,5087.0
CGS-9896,-0.263764213304574,119.5,1.0699999999999998,-0.1232359221014745,5088.0
leuprolide,-0.257888526597792,118.5,0.47800000000000004,-0.1233329659870227,5089.0
methiazole,-0.253911834329594,120.0,0.914,-0.12345649143504778,5090.0
FK-866,-0.096621498119404,94.0,-14.27,-0.12348550393763341,5091.0
hesperadin,-0.262412777801141,109.5,-2.91,-0.12362287161529617,5092.0
sennoside-A,-0.286769814701775,113.0,-0.8160000000000001,-0.12399194248687624,5093.0
flutamide,-0.239574181273761,111.5,-2.9379999999999997,-0.12408336146387022,5094.0
thiamphenicol,-0.171762010063005,118.0,-2.628,-0.12421763408347224,5095.0
dacomitinib,-0.048280714492427,103.0,-12.476,-0.12443806584475074,5096.0
Lacosamide,-0.100355650906039,103.0,-10.84,-0.12478064931001769,5097.0
marimastat,-0.092274884610443,117.5,-5.51,-0.1250374660340241,5098.0
AS-2444697,-0.165904811596876,117.5,-3.168,-0.12531895574124738,5099.0
monobenzone,-0.207319100381372,119.0,-1.2520000000000002,-0.12536106759223442,5100.0
dinaciclib,-0.153835268210015,115.5,-4.382,-0.12565177011104292,5101.0
pregnenolone,-0.28298475425081,112.5,-1.374,-0.12569186842616806,5102.0
phenylbutyrate,-0.016744120972384,111.0,-10.58,-0.12576722504508564,5103.0
SBHA,-0.227153534598982,113.0,-3.0100000000000002,-0.12585997646797442,5104.0
SN-38,-0.130721175599586,116.5,-4.786,-0.12596412354019845,5105.0
substance-P,-0.043491311645957,114.5,-8.447999999999999,-0.12641311206743924,5106.0
sodium-gluconate,-0.05052566244872,105.5,-11.772,-0.1268241230272777,5107.0
ZM-306416,-0.173920624525305,117.0,-3.322,-0.12686237816204263,5108.0
erlotinib,-0.158992238512445,115.5,-4.444,-0.12726262873766034,5109.0
HKI-357,-0.202322218151212,99.5,-9.428,-0.12849919247018057,5110.0
SKF-38393,-0.340449620889193,116.5,1.624,-0.12860310906821507,5111.0
volasertib,-0.314048308849932,103.5,-4.292,-0.1287170882261314,5112.0
selinexor,-0.235078557727783,106.5,-5.694,-0.12879915824975288,5113.0
PD-158780,-0.276260085014906,112.5,-2.192,-0.12991873351280003,5114.0
ditolylguanidine,-0.28586220702378,117.0,-0.16400000000000006,-0.13012447298534877,5115.0
lidamidine,-0.327155770316674,118.5,1.6380000000000003,-0.13094159211051035,5116.0
fosfructose,-0.202043914120228,119.5,-2.124,-0.13166427942033945,5117.0
taurocholate,-0.088389300413553,116.0,-7.19,-0.13188055261774154,5118.0
linifanib,-0.187774793469493,118.0,-3.2560000000000002,-0.13228506108372592,5119.0
benperidol,-0.264101796730647,118.5,-0.6340000000000001,-0.13257582993747444,5120.0
cetrimonium,-0.198669749058386,114.5,-4.311999999999999,-0.13263704587372696,5121.0
TAS-103,-0.233805177793898,106.5,-6.292,-0.13271877541439314,5122.0
E-4031,-0.34283403624694,115.5,0.65,-0.133270329074627,5123.0
chloramphenicol,-0.278464611593725,117.0,-0.876,-0.13345190613600463,5124.0
mephentermine,-0.195555077608149,117.0,-3.6719999999999997,-0.13425306874291984,5125.0
P276-00,-0.198708711964247,114.5,-4.558,-0.13437763044116838,5126.0
GW-583340,-0.294141292100088,116.5,-0.6979999999999998,-0.13440285250426653,5127.0
resminostat,-0.100927515341883,116.0,-7.162000000000001,-0.13453880941619017,5128.0
GR-103691,-0.217683381791335,113.0,-4.566000000000001,-0.1346567393440439,5129.0
FPL-64176,-0.254239570314986,118.5,-1.254,-0.13469435397631027,5130.0
miconazole,-0.273948525046342,117.5,-1.108,-0.13542272430033894,5131.0
escin,-0.080868445551852,117.5,-7.362,-0.1354769584246394,5132.0
hydrocortisone,-0.144446670039806,121.5,-3.7599999999999993,-0.13552856651824519,5133.0
CYT-997,-0.290243619186736,116.0,-1.21,-0.13575331693791495,5134.0
Ro-5126766,-0.074817818574781,113.0,-9.388,-0.13606593172741036,5135.0
AZD8330,-0.095198366730778,107.0,-11.078,-0.13621052416967075,5136.0
XMD17-109,-0.264185914303071,121.5,-0.008000000000000007,-0.13638499472940047,5137.0
PF-03814735,-0.071036130454295,124.0,-5.3420000000000005,-0.13677763678424792,5138.0
R306465,-0.144816158348773,115.0,-6.612,-0.13792973777939252,5139.0
sophocarpine,-0.032100047676621,112.0,-11.446,-0.13809270031798707,5140.0
quinagolide,-0.242589486989157,112.5,-4.446,-0.13811781766650824,5141.0
PD-98059,-0.249691927087952,117.5,-2.362,-0.13872620718840797,5142.0
bis(maltolato)oxovanadium(IV),-0.46063270194295,106.0,-0.1,-0.13942026704529478,5143.0
fluphenazine-decanoate,-0.146951022805693,111.5,-8.114,-0.13942636984150225,5144.0
indibulin,-0.246112453346138,123.5,-0.34800000000000003,-0.14012697895084325,5145.0
tyrphostin-AG-1478,-0.318073238739359,117.5,-0.44199999999999984,-0.14078307475009177,5146.0
allopurinol,-0.091402940042024,108.5,-11.338,-0.14127480598945982,5147.0
amidopyrine,-0.041914889989931,110.5,-12.172,-0.14134016127734164,5148.0
ispinesib,-0.369728917063799,109.5,-2.088,-0.1422758207118465,5149.0
benzethonium,-0.103770929917942,108.5,-11.226,-0.14330298086791618,5150.0
pevonedistat,-0.403506533711318,109.5,-1.168,-0.14349177104036295,5151.0
lapatinib,-0.278560308387147,111.0,-4.67,-0.14378803402160276,5152.0
zotarolimus,-0.292498634329862,119.0,-1.22,-0.1445339738230509,5153.0
corosolic-acid,-0.302309907711128,116.5,-1.9600000000000002,-0.145146934265987,5154.0
stanozolol,-0.30472000898017,110.5,-4.442,-0.14677433351273275,5155.0
M-344,-0.292532903942182,105.0,-7.029999999999999,-0.14718977564713037,5156.0
AS-703026,-0.138595160848203,113.5,-8.726,-0.14729610745605806,5157.0
rociletinib,-0.408119505266512,105.5,-3.2400000000000007,-0.14819913113994732,5158.0
RGB-286638,-0.34968425481682,117.0,-0.7019999999999996,-0.148446082273377,5159.0
SB-939,-0.146162239603812,109.0,-10.398,-0.14849430333784108,5160.0
AZD8186,-0.224915258034729,122.0,-2.842,-0.14875777932384407,5161.0
guanidine,-0.292873212341796,118.0,-2.372,-0.14999651501898534,5162.0
GPP-78,-0.142964806980005,114.5,-8.584,-0.1500238536339423,5163.0
BI-2536,-0.305198498057711,104.5,-7.358,-0.1510169745901443,5164.0
PF-4708671,-0.441081597350575,115.5,1.186,-0.15187135646201397,5165.0
osimertinib,-0.269906496610926,110.5,-6.352,-0.15229155841813216,5166.0
7-hydroxy-DPAT,-0.355048204511025,122.0,0.77,-0.15296672075683218,5167.0
AEE788,-0.143522520831032,124.5,-5.214,-0.15375022891291848,5168.0
camptothecin,-0.217686972310173,114.5,-6.779999999999999,-0.15434132061819614,5169.0
fexofenadine,-0.361483014969001,121.5,0.5880000000000001,-0.1543472025042191,5170.0
fenretinide,-0.441671906081868,116.5,1.1560000000000001,-0.15494921385155722,5171.0
romidepsin,-0.210877299905875,114.5,-7.134,-0.1552825101909454,5172.0
sobrepin,-0.098686420414676,114.5,-11.294,-0.15901719862190403,5173.0
phortress,-0.320292339375666,120.0,-2.018,-0.15921325409873185,5174.0
poziotinib,-0.096202394003677,108.5,-14.022,-0.16126175615111163,5175.0
TESTOSTERONE PROPIONATE,-0.128879862676717,110.0,-12.634,-0.1630310519936186,5176.0
gefitinib,-0.248762654753427,112.5,-7.868,-0.16361274176333063,5177.0
BMS-345541,-0.352766630142264,116.5,-3.0,-0.16395863890447995,5178.0
GGTI-298,-0.444732712076559,115.0,-0.68,-0.16447237944868445,5179.0
KPT-276,-0.302522977940092,116.0,-5.186,-0.16653869117414127,5180.0
R547,-0.351705242101771,117.5,-3.04,-0.16673074561995938,5181.0
resibufogenin,-0.240946670794827,109.5,-9.842,-0.1675319932975183,5182.0
oleandrin,-0.173161110689317,118.5,-8.594,-0.1678998974391256,5183.0
BMS-690514,-0.239834347955392,111.5,-9.208,-0.16828013316800405,5184.0
deslanoside,-0.122579564974536,114.5,-11.926,-0.16890739984793035,5185.0
YM-244769,-0.418746473476162,119.0,-0.702,-0.16963829212203016,5186.0
hydrocortisone-hemisuccinate,-0.338469406294504,116.0,-4.502,-0.16990986762068694,5187.0
CGP-74514,-0.34954650944796,114.5,-4.82,-0.17057267993755465,5188.0
cilengitide,-0.377299907905822,109.0,-6.214,-0.17167874676555397,5189.0
PD-166285,-0.125982582637573,123.0,-8.972,-0.1721118059266852,5190.0
AZ5104,-0.245347745045503,112.5,-9.336,-0.1731690077919887,5191.0
NSC-405020,-0.460188678650094,119.0,0.11600000000000002,-0.17331774696675506,5192.0
KX2-391,-0.5,112.0,-1.534,-0.17487354328978552,5193.0
CNX-2006,-0.356079237070166,118.0,-3.9539999999999997,-0.17552705007477465,5194.0
cobimetinib,-0.271591686868808,116.5,-7.502000000000001,-0.17716417305031187,5195.0
CUDC-101,-0.262429505465867,121.5,-5.866,-0.1772222614607576,5196.0
scriptaid,-0.255333826208764,120.5,-6.65,-0.17839305274660414,5197.0
givinostat,-0.215256933137263,112.0,-11.764,-0.18204207532968378,5198.0
trichostatin-a,-0.094457320426364,107.5,-17.639999999999997,-0.18360093450341194,5199.0
thonzonium,-0.371544948678563,121.5,-3.2880000000000003,-0.18392364869844954,5200.0
genz-644282,-0.380500863906736,118.0,-4.401999999999999,-0.18424234018337407,5201.0
LMI070,-0.373294617431215,119.5,-4.074,-0.18439065392862108,5202.0
midostaurin,-0.107797702030289,110.0,-16.594,-0.18610628403552024,5203.0
KPT-185,-0.357657246234869,114.0,-7.31,-0.1885819388108474,5204.0
SB-743921,-0.422019217004055,115.0,-5.488,-0.1931455800416552,5205.0
geniposide,-0.321604199212346,116.0,-9.746,-0.20298412706200755,5206.0
XL647,-0.290755798336213,120.0,-9.446000000000002,-0.20477605443017652,5207.0
GDC-0623,-0.298128460894605,121.0,-9.506,-0.20960966022971195,5208.0
GSK1838705A,-0.408448335599092,128.5,-4.484,-0.21987265650266727,5209.0
CR8-(R),-0.435855921963256,115.0,-10.24,-0.22974824746601244,5210.0
LMK-235,-0.485195720046058,124.0,-6.502,-0.23926113281998576,5211.0
CUDC-907,-0.448853317885456,116.5,-13.172,-0.25744628854269475,5212.0
CTEP,-0.5,121.5,-10.718,-0.2654803877851912,5213.0
